use molajo

-- phpMyAdmin SQL Dump
-- version 3.5.1
-- http://www.phpmyadmin.net
--
-- Host: localhost
-- Generation Time: Jul 09, 2012 at 09:37 PM
-- Server version: 5.5.20
-- PHP Version: 5.4.3

SET SQL_MODE="NO_AUTO_VALUE_ON_ZERO";
SET time_zone = "+00:00";

--
-- Database: `molajo`
--

-- --------------------------------------------------------

--
-- Table structure for table `molajo_actions`
--

CREATE TABLE `molajo_actions` (
  `id` int(11) unsigned NOT NULL AUTO_INCREMENT COMMENT 'Actions Primary Key',
  `title` varchar(255) NOT NULL DEFAULT ' ',
  `protected` tinyint(4) unsigned NOT NULL DEFAULT '0',
  PRIMARY KEY (`id`),
  UNIQUE KEY `idx_actions_table_title` (`title`)
) ENGINE=InnoDB  DEFAULT CHARSET=utf8 AUTO_INCREMENT=8 ;

--
-- Dumping data for table `molajo_actions`
--

INSERT INTO `molajo_actions` (`id`, `title`, `protected`) VALUES
(1, 'Login', 1),
(2, 'Create', 1),
(3, 'Read', 1),
(4, 'Update', 1),
(5, 'Publish', 1),
(6, 'Delete', 1),
(7, 'Administer', 1);

-- --------------------------------------------------------

--
-- Table structure for table `molajo_applications`
--

CREATE TABLE `molajo_applications` (
  `id` int(11) unsigned NOT NULL AUTO_INCREMENT COMMENT 'Application Primary Key',
  `catalog_type_id` int(11) unsigned NOT NULL DEFAULT '0',
  `name` varchar(255) NOT NULL DEFAULT ' ' COMMENT 'Title',
  `path` varchar(2048) NOT NULL DEFAULT ' ' COMMENT 'URL Alias',
  `description` mediumtext,
  `customfields` mediumtext,
  `parameters` mediumtext COMMENT 'Configurable Parameter Values',
  `metadata` mediumtext,
  PRIMARY KEY (`id`),
  KEY `fk_applications_catalog_types_index` (`catalog_type_id`)
) ENGINE=InnoDB  DEFAULT CHARSET=utf8 AUTO_INCREMENT=3 ;

--
-- Dumping data for table `molajo_applications`
--

INSERT INTO `molajo_applications` (`id`, `catalog_type_id`, `name`, `path`, `description`, `customfields`, `parameters`, `metadata`) VALUES
(1, 50, 'Site', '', 'Primary application for site visitors', '{}', '', '{"metadata_title":"Molajo Site Application", \r\n"metadata_description":"Welcome to the Molajo Site Application", \r\n"metadata_keywords":"molajo", \r\n"metadata_robots":"follow, index", \r\n"metadata_author":"Author Name", \r\n"metadata_content_rights":"CC"}        '),
(2, 50, 'Admin', 'admin', 'Administrative Application Entry Point', '{}', '{   "application_name":"Site 2",\r\n    "application_home_catalog_id":"139",\r\n    "application_logon_requirement":"1",\r\n\r\n    "url_sef":"1",\r\n    "url_unicode_slugs":"0",\r\n    "url_force_ssl":"0",\r\n\r\n    "language":"en-GB",\r\n    "language_direction":"ltr",\r\n    "language_multilingual":"0",\r\n    "language_utc_offset":"UTC",\r\n\r\n    "profiler":"1",\r\n    "profiler_verbose":"0",\r\n    "profiler_start_with":"Initialise",\r\n    "profiler_end_with":"Response",\r\n    "profiler_output":"Actions,Application,Authorisation,Queries,Rendering,Routing,Services,Triggers",\r\n    "profiler_output_queries_table_registry":"0",\r\n    "profiler_output_queries_sql":"0",\r\n    "profiler_output_queries_query_results":"0",\r\n\r\n    "head_template_view_id":"1340",\r\n    "head_wrap_view_id":"2090",\r\n\r\n    "defer_template_view_id":"1240",\r\n    "defer_wrap_view_id":"2090",\r\n\r\n    "message_template_view_id":"1350",\r\n    "message_wrap_view_id":"2030",\r\n\r\n    "offline_theme_id":"9000",\r\n    "offline_page_view_id":"230",\r\n    "offline":"0",\r\n    "offline_message":"This site is not available.",\r\n\r\n    "error_theme_id":"9000",\r\n    "error_page_view_id":"230",\r\n    "error_404_message":"Page not found",\r\n    "error_403_message":"Not authorised",\r\n\r\n    "criteria_title":"Administrator Application",\r\n    "criteria_display_view_on_no_results":"0",\r\n    "criteria_snippet_length":"200",\r\n    "criteria_status":"",\r\n    "criteria_content_catalog_type_id":"",\r\n    "criteria_menuitem_catalog_type_id":"",\r\n    "criteria_content_extension_instance_id":"",\r\n    "criteria_menuitem_extension_instance_id":"",\r\n\r\n    "mustache":"0",\r\n\r\n    "menuitem_type":"",\r\n\r\n    "menuitem_source_id":" ",\r\n    "menuitem_source_catalog_type_id":" ",\r\n    "menuitem_extension_instance_id":" ",\r\n\r\n    "menuitem_theme_id":"9010",\r\n    "menuitem_page_view_id":"200",\r\n    "menuitem_page_view_css_id":"",\r\n    "menuitem_page_view_css_class":"",\r\n    "menuitem_template_view_id":"1030",\r\n    "menuitem_template_view_css_id":"",\r\n    "menuitem_template_view_css_class":"",\r\n    "menuitem_wrap_view_id":"2030",\r\n    "menuitem_wrap_view_css_id":"",\r\n    "menuitem_wrap_view_css_class":"",\r\n    "menuitem_model_name":"Content",\r\n    "menuitem_model_type":"Menuitem",\r\n    "menuitem_model_query_object":"List",\r\n\r\n    "list_theme_id":"9010",\r\n    "list_page_view_id":"220",\r\n    "list_page_view_css_id":"",\r\n    "list_page_view_css_class":"",\r\n    "list_template_view_id":"1050",\r\n    "list_template_view_css_id":"",\r\n    "list_template_view_css_class":"",\r\n    "list_wrap_view_id":"2030",\r\n    "list_wrap_view_css_id":"",\r\n    "list_wrap_view_css_class":"",\r\n    "list_model_name":"Content",\r\n    "list_model_type":"Table",\r\n    "list_model_query_object":"List",\r\n    "list_model_ordering":"start_publishing_datetime",\r\n    "list_model_direction":"DESC",\r\n    "list_model_offset":"0",\r\n    "list_model_count":"5",\r\n\r\n    "list_select_archived_content":"1",\r\n    "list_select_featured_content":"1",\r\n    "list_select_stickied_content":"1",\r\n    "list_select_published_date_begin":"",\r\n    "list_select_published_date_end":"",\r\n    "list_select_category_list":"0",\r\n    "list_select_tag_list":"0",\r\n    "list_select_author_list":"0",\r\n\r\n    "parent_menuitem":"0",\r\n    "item_parent_menu_id":"0",\r\n\r\n    "item_theme_id":"9010",\r\n    "item_page_view_id":"200",\r\n    "item_page_view_css_id":"",\r\n    "item_page_view_css_class":"",\r\n    "item_template_view_id":"1130",\r\n    "item_template_view_css_id":"",\r\n    "item_template_view_css_class":"",\r\n    "item_wrap_view_id":"2030",\r\n    "item_wrap_view_css_id":"",\r\n    "item_wrap_view_css_class":"",\r\n    "item_model_name":"Content",\r\n    "item_model_type":"Table",\r\n    "item_model_query_object":"Item",\r\n\r\n    "form_theme_id":"9010",\r\n    "form_page_view_id":"210",\r\n    "form_page_view_css_id":"",\r\n    "form_page_view_css_class":"",\r\n    "form_template_view_id":"1260",\r\n    "form_template_view_css_id":"",\r\n    "form_template_view_css_class":"",\r\n    "form_wrap_view_id":"2030",\r\n    "form_wrap_view_css_id":"",\r\n    "form_wrap_view_css_class":"",\r\n    "form_model_name":"Content",\r\n    "form_model_type":"Table",\r\n    "form_model_query_object":"Item",\r\n\r\n    "enable_draft_save":"1",\r\n    "enable_version_history":"1",\r\n    "enable_retain_versions_after_delete":"1",\r\n    "enable_maximum_version_count":"5",\r\n    "enable_hit_counts":"1",\r\n    "enable_comments":"1",\r\n    "enable_spam_protection":"1",\r\n    "enable_ratings":"1",\r\n    "enable_notifications":"1",\r\n    "enable_tweets":"1",\r\n    "enable_ping":"1",\r\n\r\n    "cache":"0",\r\n    "cache_time":"15",\r\n    "cache_handler":"file",\r\n\r\n    "log_user_activity_create":"1",\r\n    "log_user_activity_read":"1",\r\n    "log_user_activity_update":"1",\r\n    "log_user_activity_delete":"1",\r\n\r\n    "log_catalog_update_activity":"1",\r\n    "log_catalog_view_activity":"1",\r\n\r\n    "asset_priority_site":"100",\r\n    "asset_priority_application":"200",\r\n    "asset_priority_user":"300",\r\n    "asset_priority_extension":"400",\r\n    "asset_priority_request":"500",\r\n    "asset_priority_category":"600",\r\n    "asset_priority_menu_item":"700",\r\n    "asset_priority_source":"800",\r\n    "asset_priority_theme":"900",\r\n\r\n    "image_xsmall":"50",\r\n    "image_small":"75",\r\n    "image_medium":"150",\r\n    "image_large":"300",\r\n    "image_xlarge":"500",\r\n    "image_folder":"Images",\r\n    "image_thumb_folder":"Thumbs",\r\n\r\n    "gravatar":"1",\r\n    "gravatar_size":"50",\r\n    "gravatar_type":"mm",\r\n    "gravatar_rating":"pg",\r\n    "gravatar_image":"1"\r\n}', '{"title":"Administrative Application", \r\n"description":"Welcome to Administrative Application", \r\n"keywords":"", \r\n"robots":"follow, index", \r\n"author":"Author Name", \r\n"content_rights":"CC"}        ');

-- --------------------------------------------------------

--
-- Table structure for table `molajo_application_extension_instances`
--

CREATE TABLE `molajo_application_extension_instances` (
  `application_id` int(11) unsigned NOT NULL,
  `extension_instance_id` int(11) unsigned NOT NULL,
  PRIMARY KEY (`application_id`,`extension_instance_id`),
  KEY `fk_application_extensions_applications_index` (`application_id`),
  KEY `fk_application_extension_instances_extension_instances_index` (`extension_instance_id`)
) ENGINE=InnoDB DEFAULT CHARSET=latin1;

--
-- Dumping data for table `molajo_application_extension_instances`
--

INSERT INTO `molajo_application_extension_instances` (`application_id`, `extension_instance_id`) VALUES
(1, 1),
(1, 2),
(1, 3),
(1, 4),
(1, 5),
(1, 6),
(1, 100),
(1, 200),
(1, 210),
(1, 220),
(1, 230),
(1, 240),
(1, 250),
(1, 260),
(1, 1000),
(1, 1010),
(1, 1030),
(1, 1040),
(1, 1050),
(1, 1060),
(1, 1070),
(1, 1080),
(1, 1090),
(1, 1100),
(1, 1105),
(1, 1110),
(1, 1120),
(1, 1130),
(1, 1140),
(1, 1150),
(1, 1160),
(1, 1170),
(1, 1180),
(1, 1190),
(1, 1200),
(1, 1205),
(1, 1210),
(1, 1220),
(1, 1225),
(1, 1230),
(1, 1240),
(1, 1250),
(1, 1260),
(1, 1270),
(1, 1280),
(1, 1290),
(1, 1300),
(1, 1310),
(1, 1320),
(1, 1330),
(1, 1335),
(1, 1340),
(1, 1345),
(1, 1350),
(1, 1360),
(1, 1370),
(1, 1380),
(1, 1390),
(1, 1400),
(1, 1410),
(1, 1420),
(1, 2000),
(1, 2010),
(1, 2020),
(1, 2030),
(1, 2040),
(1, 2050),
(1, 2060),
(1, 2070),
(1, 2080),
(1, 2090),
(1, 2100),
(1, 3010),
(1, 3020),
(1, 5010),
(1, 5020),
(1, 5030),
(1, 5040),
(1, 5050),
(1, 5060),
(1, 5070),
(1, 5080),
(1, 5090),
(1, 5100),
(1, 5110),
(1, 5120),
(1, 5130),
(1, 5140),
(1, 5150),
(1, 5160),
(1, 5170),
(1, 5180),
(1, 5190),
(1, 5200),
(1, 5210),
(1, 5220),
(1, 5230),
(1, 5240),
(1, 5250),
(1, 5260),
(1, 5270),
(1, 5280),
(1, 5290),
(1, 5300),
(1, 5310),
(1, 5320),
(1, 6000),
(1, 6010),
(1, 6020),
(1, 6030),
(1, 6040),
(1, 6050),
(1, 6060),
(1, 6070),
(1, 6080),
(1, 6090),
(1, 6100),
(1, 6110),
(1, 6120),
(1, 6130),
(1, 6140),
(1, 6150),
(1, 6160),
(1, 6170),
(1, 6180),
(1, 6190),
(1, 6200),
(1, 6210),
(1, 6220),
(1, 6230),
(1, 6235),
(1, 6240),
(1, 6250),
(1, 6260),
(1, 6270),
(1, 6280),
(1, 6290),
(1, 6300),
(1, 6310),
(1, 6320),
(1, 6330),
(1, 6340),
(1, 6350),
(1, 6360),
(1, 6370),
(1, 6380),
(1, 6390),
(1, 6410),
(1, 6420),
(1, 6430),
(1, 6440),
(1, 6450),
(1, 6460),
(1, 6470),
(1, 9000),
(1, 9010),
(2, 1),
(2, 2),
(2, 3),
(2, 4),
(2, 5),
(2, 6),
(2, 100),
(2, 200),
(2, 210),
(2, 220),
(2, 230),
(2, 240),
(2, 250),
(2, 260),
(2, 1000),
(2, 1010),
(2, 1030),
(2, 1040),
(2, 1050),
(2, 1060),
(2, 1070),
(2, 1080),
(2, 1090),
(2, 1100),
(2, 1105),
(2, 1110),
(2, 1120),
(2, 1130),
(2, 1140),
(2, 1150),
(2, 1160),
(2, 1170),
(2, 1180),
(2, 1190),
(2, 1200),
(2, 1205),
(2, 1210),
(2, 1220),
(2, 1225),
(2, 1230),
(2, 1240),
(2, 1250),
(2, 1260),
(2, 1270),
(2, 1280),
(2, 1290),
(2, 1300),
(2, 1310),
(2, 1320),
(2, 1330),
(2, 1335),
(2, 1340),
(2, 1345),
(2, 1350),
(2, 1360),
(2, 1370),
(2, 1380),
(2, 1390),
(2, 1400),
(2, 1410),
(2, 1420),
(2, 2000),
(2, 2010),
(2, 2020),
(2, 2030),
(2, 2040),
(2, 2050),
(2, 2060),
(2, 2070),
(2, 2080),
(2, 2090),
(2, 2100),
(2, 3010),
(2, 3020),
(2, 5010),
(2, 5020),
(2, 5030),
(2, 5040),
(2, 5050),
(2, 5060),
(2, 5070),
(2, 5080),
(2, 5090),
(2, 5100),
(2, 5110),
(2, 5120),
(2, 5130),
(2, 5140),
(2, 5150),
(2, 5160),
(2, 5170),
(2, 5180),
(2, 5190),
(2, 5200),
(2, 5210),
(2, 5220),
(2, 5230),
(2, 5240),
(2, 5250),
(2, 5260),
(2, 5270),
(2, 5280),
(2, 5290),
(2, 5300),
(2, 5310),
(2, 5320),
(2, 6000),
(2, 6010),
(2, 6020),
(2, 6030),
(2, 6040),
(2, 6050),
(2, 6060),
(2, 6070),
(2, 6080),
(2, 6090),
(2, 6100),
(2, 6110),
(2, 6120),
(2, 6130),
(2, 6140),
(2, 6150),
(2, 6160),
(2, 6170),
(2, 6180),
(2, 6190),
(2, 6200),
(2, 6210),
(2, 6220),
(2, 6230),
(2, 6235),
(2, 6240),
(2, 6250),
(2, 6260),
(2, 6270),
(2, 6280),
(2, 6290),
(2, 6300),
(2, 6310),
(2, 6320),
(2, 6330),
(2, 6340),
(2, 6350),
(2, 6360),
(2, 6370),
(2, 6380),
(2, 6390),
(2, 6410),
(2, 6420),
(2, 6430),
(2, 6440),
(2, 6450),
(2, 6460),
(2, 6470),
(2, 9000),
(2, 9010);

-- --------------------------------------------------------

--
-- Table structure for table `molajo_catalog`
--

CREATE TABLE `molajo_catalog` (
  `id` int(11) unsigned NOT NULL AUTO_INCREMENT COMMENT 'catalog Primary Key',
  `catalog_type_id` int(11) unsigned NOT NULL DEFAULT '0',
  `source_id` int(11) unsigned NOT NULL DEFAULT '0' COMMENT 'Content Primary Key',
  `routable` tinyint(1) NOT NULL DEFAULT '0',
  `menuitem_type` varchar(255) NOT NULL,
  `sef_request` varchar(2048) NOT NULL DEFAULT ' ' COMMENT 'URL',
  `redirect_to_id` int(11) unsigned NOT NULL DEFAULT '0',
  `view_group_id` int(11) unsigned NOT NULL DEFAULT '0' COMMENT 'FK to the molajo_groupings table',
  `primary_category_id` int(11) unsigned NOT NULL DEFAULT '0',
  `tinyurl` varchar(255) NOT NULL,
  PRIMARY KEY (`id`),
  KEY `index_catalog_catalog_types` (`catalog_type_id`,`source_id`),
  KEY `sef_request` (`sef_request`(255),`redirect_to_id`)
) ENGINE=InnoDB  DEFAULT CHARSET=utf8 AUTO_INCREMENT=288 ;

--
-- Dumping data for table `molajo_catalog`
--

INSERT INTO `molajo_catalog` (`id`, `catalog_type_id`, `source_id`, `routable`, `menuitem_type`, `sef_request`, `redirect_to_id`, `view_group_id`, `primary_category_id`, `tinyurl`) VALUES
(1, 3000, 10, 0, ' ', ' ', 0, 5, 10, ' '),
(2, 3000, 11, 0, ' ', ' ', 0, 5, 10, ' '),
(3, 3000, 12, 0, ' ', ' ', 0, 5, 10, ' '),
(4, 3000, 13, 0, ' ', ' ', 0, 5, 10, ' '),
(5, 3000, 14, 0, ' ', ' ', 0, 5, 10, ' '),
(6, 3000, 15, 0, ' ', ' ', 0, 5, 10, ' '),
(7, 3000, 16, 0, ' ', ' ', 0, 5, 10, ' '),
(8, 3000, 17, 0, ' ', ' ', 0, 5, 10, ' '),
(9, 10, 1, 0, '', '', 0, 1, 10, ''),
(10, 10, 2, 0, '', '', 0, 1, 10, ''),
(12, 50, 1, 0, '', '', 0, 1, 11, ''),
(13, 50, 2, 0, '', '', 0, 1, 11, ''),
(15, 1050, 1, 0, '', '', 0, 1, 12, ''),
(16, 1050, 2, 0, '', '', 0, 1, 12, ''),
(17, 1050, 3, 0, '', '', 0, 1, 12, ''),
(18, 1050, 4, 0, '', '', 0, 1, 12, ''),
(19, 1050, 5, 0, '', '', 0, 1, 12, ''),
(20, 1050, 6, 0, '', '', 0, 1, 12, ''),
(21, 1100, 18, 0, '', '', 0, 1, 12, ''),
(22, 1150, 200, 0, '', '', 0, 1, 12, ''),
(23, 1150, 210, 0, '', '', 0, 1, 12, ''),
(24, 1150, 220, 0, '', '', 0, 1, 12, ''),
(25, 1150, 230, 0, '', '', 0, 1, 12, ''),
(26, 1150, 240, 0, '', '', 0, 1, 12, ''),
(27, 1150, 250, 0, '', '', 0, 1, 12, ''),
(28, 1150, 260, 0, '', '', 0, 1, 12, ''),
(29, 1200, 1000, 0, '', '', 0, 1, 12, ''),
(30, 1200, 1010, 0, '', '', 0, 1, 12, ''),
(31, 1200, 1030, 0, '', '', 0, 1, 12, ''),
(32, 1200, 1040, 0, '', '', 0, 1, 12, ''),
(33, 1200, 1050, 0, '', '', 0, 1, 12, ''),
(34, 1200, 1060, 0, '', '', 0, 1, 12, ''),
(35, 1200, 1070, 0, '', '', 0, 1, 12, ''),
(36, 1200, 1080, 0, '', '', 0, 1, 12, ''),
(37, 1200, 1090, 0, '', '', 0, 1, 12, ''),
(38, 1200, 1100, 0, '', '', 0, 1, 12, ''),
(39, 1200, 1105, 0, '', '', 0, 1, 12, ''),
(40, 1200, 1110, 0, '', '', 0, 1, 12, ''),
(41, 1200, 1120, 0, '', '', 0, 1, 12, ''),
(42, 1200, 1130, 0, '', '', 0, 1, 12, ''),
(43, 1200, 1140, 0, '', '', 0, 1, 12, ''),
(44, 1200, 1150, 0, '', '', 0, 1, 12, ''),
(45, 1200, 1160, 0, '', '', 0, 1, 12, ''),
(46, 1200, 1170, 0, '', '', 0, 1, 12, ''),
(47, 1200, 1180, 0, '', '', 0, 1, 12, ''),
(48, 1200, 1190, 0, '', '', 0, 1, 12, ''),
(49, 1200, 1200, 0, '', '', 0, 1, 12, ''),
(50, 1200, 1205, 0, '', '', 0, 1, 12, ''),
(51, 1200, 1210, 0, '', '', 0, 1, 12, ''),
(52, 1200, 1220, 0, '', '', 0, 1, 12, ''),
(53, 1200, 1225, 0, '', '', 0, 1, 12, ''),
(54, 1200, 1230, 0, '', '', 0, 1, 12, ''),
(55, 1200, 1240, 0, '', '', 0, 1, 12, ''),
(56, 1200, 1250, 0, '', '', 0, 1, 12, ''),
(57, 1200, 1260, 0, '', '', 0, 1, 12, ''),
(58, 1200, 1270, 0, '', '', 0, 1, 12, ''),
(59, 1200, 1280, 0, '', '', 0, 1, 12, ''),
(60, 1200, 1290, 0, '', '', 0, 1, 12, ''),
(61, 1200, 1300, 0, '', '', 0, 1, 12, ''),
(62, 1200, 1310, 0, '', '', 0, 1, 12, ''),
(63, 1200, 1320, 0, '', '', 0, 1, 12, ''),
(64, 1200, 1330, 0, '', '', 0, 1, 12, ''),
(65, 1200, 1335, 0, '', '', 0, 1, 12, ''),
(66, 1200, 1340, 0, '', '', 0, 1, 12, ''),
(67, 1200, 1345, 0, '', '', 0, 1, 12, ''),
(68, 1200, 1350, 0, '', '', 0, 1, 12, ''),
(69, 1200, 1360, 0, '', '', 0, 1, 12, ''),
(70, 1200, 1370, 0, '', '', 0, 1, 12, ''),
(71, 1200, 1380, 0, '', '', 0, 1, 12, ''),
(72, 1200, 1390, 0, '', '', 0, 1, 12, ''),
(73, 1200, 1400, 0, '', '', 0, 1, 12, ''),
(74, 1200, 1410, 0, '', '', 0, 1, 12, ''),
(75, 1200, 1420, 0, '', '', 0, 1, 12, ''),
(76, 1250, 2000, 0, '', '', 0, 1, 12, ''),
(77, 1250, 2010, 0, '', '', 0, 1, 12, ''),
(78, 1250, 2020, 0, '', '', 0, 1, 12, ''),
(79, 1250, 2030, 0, '', '', 0, 1, 12, ''),
(80, 1250, 2040, 0, '', '', 0, 1, 12, ''),
(81, 1250, 2050, 0, '', '', 0, 1, 12, ''),
(82, 1250, 2060, 0, '', '', 0, 1, 12, ''),
(83, 1250, 2070, 0, '', '', 0, 1, 12, ''),
(84, 1250, 2080, 0, '', '', 0, 1, 12, ''),
(85, 1250, 2090, 0, '', '', 0, 1, 12, ''),
(86, 1250, 2100, 0, '', '', 0, 1, 12, ''),
(87, 1300, 3010, 0, '', '', 0, 1, 12, ''),
(88, 1300, 3020, 0, '', '', 0, 1, 12, ''),
(89, 1425, 5010, 0, '', '', 0, 1, 12, ''),
(90, 1425, 5020, 0, '', '', 0, 1, 12, ''),
(91, 1425, 5030, 0, '', '', 0, 1, 12, ''),
(92, 1425, 5040, 0, '', '', 0, 1, 12, ''),
(93, 1425, 5050, 0, '', '', 0, 1, 12, ''),
(94, 1425, 5060, 0, '', '', 0, 1, 12, ''),
(95, 1425, 5070, 0, '', '', 0, 1, 12, ''),
(96, 1425, 5080, 0, '', '', 0, 1, 12, ''),
(97, 1425, 5090, 0, '', '', 0, 1, 12, ''),
(98, 1425, 5100, 0, '', '', 0, 1, 12, ''),
(99, 1425, 5110, 0, '', '', 0, 1, 12, ''),
(100, 1425, 5120, 0, '', '', 0, 1, 12, ''),
(101, 1425, 5130, 0, '', '', 0, 1, 12, ''),
(102, 1425, 5140, 0, '', '', 0, 1, 12, ''),
(103, 1425, 5150, 0, '', '', 0, 1, 12, ''),
(104, 1425, 5160, 0, '', '', 0, 1, 12, ''),
(105, 1425, 5170, 0, '', '', 0, 1, 12, ''),
(106, 1425, 5180, 0, '', '', 0, 1, 12, ''),
(107, 1425, 5190, 0, '', '', 0, 1, 12, ''),
(108, 1425, 5200, 0, '', '', 0, 1, 12, ''),
(109, 1425, 5210, 0, '', '', 0, 1, 12, ''),
(110, 1425, 5220, 0, '', '', 0, 1, 12, ''),
(111, 1425, 5230, 0, '', '', 0, 1, 12, ''),
(112, 1425, 5240, 0, '', '', 0, 1, 12, ''),
(113, 1425, 5250, 0, '', '', 0, 1, 12, ''),
(114, 1425, 5260, 0, '', '', 0, 1, 12, ''),
(115, 1425, 5270, 0, '', '', 0, 1, 12, ''),
(116, 1425, 5280, 0, '', '', 0, 1, 12, ''),
(117, 1425, 5290, 0, '', '', 0, 1, 12, ''),
(118, 1425, 5300, 0, '', '', 0, 1, 12, ''),
(119, 1425, 5310, 0, '', '', 0, 1, 12, ''),
(120, 1425, 5320, 0, '', '', 0, 1, 12, ''),
(121, 1450, 6000, 0, '', '', 0, 1, 12, ''),
(122, 1450, 6010, 0, '', '', 0, 1, 12, ''),
(123, 1450, 6020, 0, '', '', 0, 1, 12, ''),
(124, 1450, 6030, 0, '', '', 0, 1, 12, ''),
(125, 1450, 6040, 0, '', '', 0, 1, 12, ''),
(126, 1450, 6050, 0, '', '', 0, 1, 12, ''),
(127, 1450, 6060, 0, '', '', 0, 1, 12, ''),
(128, 1450, 6070, 0, '', '', 0, 1, 12, ''),
(129, 1450, 6080, 0, '', '', 0, 1, 12, ''),
(130, 1450, 6090, 0, '', '', 0, 1, 12, ''),
(131, 1450, 6100, 0, '', '', 0, 1, 12, ''),
(132, 1450, 6110, 0, '', '', 0, 1, 12, ''),
(133, 1450, 6120, 0, '', '', 0, 1, 12, ''),
(134, 1450, 6130, 0, '', '', 0, 1, 12, ''),
(135, 1450, 6140, 0, '', '', 0, 1, 12, ''),
(136, 1450, 6150, 0, '', '', 0, 1, 12, ''),
(137, 1450, 6160, 0, '', '', 0, 1, 12, ''),
(138, 1450, 6170, 0, '', '', 0, 1, 12, ''),
(139, 1450, 6180, 0, '', '', 0, 1, 12, ''),
(140, 1450, 6190, 0, '', '', 0, 1, 12, ''),
(141, 1450, 6200, 0, '', '', 0, 1, 12, ''),
(142, 1450, 6210, 0, '', '', 0, 1, 12, ''),
(143, 1450, 6220, 0, '', '', 0, 1, 12, ''),
(144, 1450, 6230, 0, '', '', 0, 1, 12, ''),
(145, 1450, 6235, 0, '', '', 0, 1, 12, ''),
(146, 1450, 6240, 0, '', '', 0, 1, 12, ''),
(147, 1450, 6250, 0, '', '', 0, 1, 12, ''),
(148, 1450, 6260, 0, '', '', 0, 1, 12, ''),
(149, 1450, 6270, 0, '', '', 0, 1, 12, ''),
(150, 1450, 6280, 0, '', '', 0, 1, 12, ''),
(151, 1450, 6290, 0, '', '', 0, 1, 12, ''),
(152, 1450, 6300, 0, '', '', 0, 1, 12, ''),
(153, 1450, 6310, 0, '', '', 0, 1, 12, ''),
(154, 1450, 6320, 0, '', '', 0, 1, 12, ''),
(155, 1450, 6330, 0, '', '', 0, 1, 12, ''),
(156, 1450, 6340, 0, '', '', 0, 1, 12, ''),
(157, 1450, 6350, 0, '', '', 0, 1, 12, ''),
(158, 1450, 6360, 0, '', '', 0, 1, 12, ''),
(159, 1450, 6370, 0, '', '', 0, 1, 12, ''),
(160, 1450, 6380, 0, '', '', 0, 1, 12, ''),
(161, 1450, 6390, 0, '', '', 0, 1, 12, ''),
(162, 1450, 6410, 0, '', '', 0, 1, 12, ''),
(163, 1450, 6420, 0, '', '', 0, 1, 12, ''),
(164, 1450, 6430, 0, '', '', 0, 1, 12, ''),
(165, 1450, 6440, 0, '', '', 0, 1, 12, ''),
(166, 1450, 6450, 0, '', '', 0, 1, 12, ''),
(167, 1450, 6460, 0, '', '', 0, 1, 12, ''),
(168, 1450, 6470, 0, '', '', 0, 1, 12, ''),
(169, 1500, 9000, 0, '', '', 0, 1, 12, ''),
(170, 1500, 9010, 0, '', '', 0, 1, 12, ''),
(270, 500, 1, 0, '', '', 0, 1, 13, ''),
(271, 100, 1, 0, '', '', 0, 1, 13, ''),
(272, 100, 2, 0, '', '', 0, 1, 13, ''),
(273, 100, 3, 0, '', '', 0, 1, 13, ''),
(274, 110, 4, 0, '', '', 0, 1, 13, ''),
(275, 110, 5, 0, '', '', 0, 1, 13, ''),
(276, 110, 6, 0, '', '', 0, 1, 13, ''),
(277, 110, 7, 0, '', '', 0, 1, 13, ''),
(278, 110, 8, 0, '', '', 0, 1, 13, ''),
(279, 100, 9, 0, '', '', 0, 1, 13, ''),
(286, 120, 18, 1, '', 'users\\admin', 0, 1, 13, ''),
(287, 3600, 19, 0, '', '', 0, 1, 13, '');

-- --------------------------------------------------------

--
-- Table structure for table `molajo_catalog_activity`
--

CREATE TABLE `molajo_catalog_activity` (
  `id` int(11) unsigned NOT NULL AUTO_INCREMENT,
  `catalog_id` int(11) unsigned NOT NULL DEFAULT '0',
  `user_id` int(11) unsigned NOT NULL DEFAULT '0',
  `action_id` int(11) NOT NULL,
  `rating` tinyint(4) unsigned DEFAULT NULL,
  `activity_datetime` datetime DEFAULT NULL,
  `ip_address` varchar(15) NOT NULL DEFAULT '',
  `customfields` mediumtext,
  PRIMARY KEY (`id`),
  KEY `catalog_activity_catalog_index` (`catalog_id`)
) ENGINE=InnoDB  DEFAULT CHARSET=utf8 AUTO_INCREMENT=256 ;

--
-- Dumping data for table `molajo_catalog_activity`
--

INSERT INTO `molajo_catalog_activity` (`id`, `catalog_id`, `user_id`, `action_id`, `rating`, `activity_datetime`, `ip_address`, `customfields`) VALUES
(1, 9, 1, 2, NULL, '2012-07-01 12:00:00', '127.0.0.1', '{}'),
(2, 10, 1, 2, NULL, '2012-07-01 12:00:00', '127.0.0.1', '{}'),
(3, 12, 1, 2, NULL, '2012-07-01 12:00:00', '127.0.0.1', '{}'),
(4, 13, 1, 2, NULL, '2012-07-01 12:00:00', '127.0.0.1', '{}'),
(5, 271, 1, 2, NULL, '2012-07-01 12:00:00', '127.0.0.1', '{}'),
(6, 272, 1, 2, NULL, '2012-07-01 12:00:00', '127.0.0.1', '{}'),
(7, 273, 1, 2, NULL, '2012-07-01 12:00:00', '127.0.0.1', '{}'),
(8, 279, 1, 2, NULL, '2012-07-01 12:00:00', '127.0.0.1', '{}'),
(9, 274, 1, 2, NULL, '2012-07-01 12:00:00', '127.0.0.1', '{}'),
(10, 275, 1, 2, NULL, '2012-07-01 12:00:00', '127.0.0.1', '{}'),
(11, 276, 1, 2, NULL, '2012-07-01 12:00:00', '127.0.0.1', '{}'),
(12, 277, 1, 2, NULL, '2012-07-01 12:00:00', '127.0.0.1', '{}'),
(13, 278, 1, 2, NULL, '2012-07-01 12:00:00', '127.0.0.1', '{}'),
(14, 286, 1, 2, NULL, '2012-07-01 12:00:00', '127.0.0.1', '{}'),
(15, 270, 1, 2, NULL, '2012-07-01 12:00:00', '127.0.0.1', '{}'),
(16, 15, 1, 2, NULL, '2012-07-01 12:00:00', '127.0.0.1', '{}'),
(17, 16, 1, 2, NULL, '2012-07-01 12:00:00', '127.0.0.1', '{}'),
(18, 17, 1, 2, NULL, '2012-07-01 12:00:00', '127.0.0.1', '{}'),
(19, 18, 1, 2, NULL, '2012-07-01 12:00:00', '127.0.0.1', '{}'),
(20, 19, 1, 2, NULL, '2012-07-01 12:00:00', '127.0.0.1', '{}'),
(21, 20, 1, 2, NULL, '2012-07-01 12:00:00', '127.0.0.1', '{}'),
(22, 21, 1, 2, NULL, '2012-07-01 12:00:00', '127.0.0.1', '{}'),
(23, 22, 1, 2, NULL, '2012-07-01 12:00:00', '127.0.0.1', '{}'),
(24, 23, 1, 2, NULL, '2012-07-01 12:00:00', '127.0.0.1', '{}'),
(25, 24, 1, 2, NULL, '2012-07-01 12:00:00', '127.0.0.1', '{}'),
(26, 25, 1, 2, NULL, '2012-07-01 12:00:00', '127.0.0.1', '{}'),
(27, 26, 1, 2, NULL, '2012-07-01 12:00:00', '127.0.0.1', '{}'),
(28, 27, 1, 2, NULL, '2012-07-01 12:00:00', '127.0.0.1', '{}'),
(29, 28, 1, 2, NULL, '2012-07-01 12:00:00', '127.0.0.1', '{}'),
(30, 29, 1, 2, NULL, '2012-07-01 12:00:00', '127.0.0.1', '{}'),
(31, 30, 1, 2, NULL, '2012-07-01 12:00:00', '127.0.0.1', '{}'),
(32, 31, 1, 2, NULL, '2012-07-01 12:00:00', '127.0.0.1', '{}'),
(33, 32, 1, 2, NULL, '2012-07-01 12:00:00', '127.0.0.1', '{}'),
(34, 33, 1, 2, NULL, '2012-07-01 12:00:00', '127.0.0.1', '{}'),
(35, 34, 1, 2, NULL, '2012-07-01 12:00:00', '127.0.0.1', '{}'),
(36, 35, 1, 2, NULL, '2012-07-01 12:00:00', '127.0.0.1', '{}'),
(37, 36, 1, 2, NULL, '2012-07-01 12:00:00', '127.0.0.1', '{}'),
(38, 37, 1, 2, NULL, '2012-07-01 12:00:00', '127.0.0.1', '{}'),
(39, 38, 1, 2, NULL, '2012-07-01 12:00:00', '127.0.0.1', '{}'),
(40, 39, 1, 2, NULL, '2012-07-01 12:00:00', '127.0.0.1', '{}'),
(41, 40, 1, 2, NULL, '2012-07-01 12:00:00', '127.0.0.1', '{}'),
(42, 41, 1, 2, NULL, '2012-07-01 12:00:00', '127.0.0.1', '{}'),
(43, 42, 1, 2, NULL, '2012-07-01 12:00:00', '127.0.0.1', '{}'),
(44, 43, 1, 2, NULL, '2012-07-01 12:00:00', '127.0.0.1', '{}'),
(45, 44, 1, 2, NULL, '2012-07-01 12:00:00', '127.0.0.1', '{}'),
(46, 45, 1, 2, NULL, '2012-07-01 12:00:00', '127.0.0.1', '{}'),
(47, 46, 1, 2, NULL, '2012-07-01 12:00:00', '127.0.0.1', '{}'),
(48, 47, 1, 2, NULL, '2012-07-01 12:00:00', '127.0.0.1', '{}'),
(49, 48, 1, 2, NULL, '2012-07-01 12:00:00', '127.0.0.1', '{}'),
(50, 49, 1, 2, NULL, '2012-07-01 12:00:00', '127.0.0.1', '{}'),
(51, 50, 1, 2, NULL, '2012-07-01 12:00:00', '127.0.0.1', '{}'),
(52, 51, 1, 2, NULL, '2012-07-01 12:00:00', '127.0.0.1', '{}'),
(53, 52, 1, 2, NULL, '2012-07-01 12:00:00', '127.0.0.1', '{}'),
(54, 53, 1, 2, NULL, '2012-07-01 12:00:00', '127.0.0.1', '{}'),
(55, 54, 1, 2, NULL, '2012-07-01 12:00:00', '127.0.0.1', '{}'),
(56, 55, 1, 2, NULL, '2012-07-01 12:00:00', '127.0.0.1', '{}'),
(57, 56, 1, 2, NULL, '2012-07-01 12:00:00', '127.0.0.1', '{}'),
(58, 57, 1, 2, NULL, '2012-07-01 12:00:00', '127.0.0.1', '{}'),
(59, 58, 1, 2, NULL, '2012-07-01 12:00:00', '127.0.0.1', '{}'),
(60, 59, 1, 2, NULL, '2012-07-01 12:00:00', '127.0.0.1', '{}'),
(61, 60, 1, 2, NULL, '2012-07-01 12:00:00', '127.0.0.1', '{}'),
(62, 61, 1, 2, NULL, '2012-07-01 12:00:00', '127.0.0.1', '{}'),
(63, 62, 1, 2, NULL, '2012-07-01 12:00:00', '127.0.0.1', '{}'),
(64, 63, 1, 2, NULL, '2012-07-01 12:00:00', '127.0.0.1', '{}'),
(65, 64, 1, 2, NULL, '2012-07-01 12:00:00', '127.0.0.1', '{}'),
(66, 65, 1, 2, NULL, '2012-07-01 12:00:00', '127.0.0.1', '{}'),
(67, 66, 1, 2, NULL, '2012-07-01 12:00:00', '127.0.0.1', '{}'),
(68, 67, 1, 2, NULL, '2012-07-01 12:00:00', '127.0.0.1', '{}'),
(69, 68, 1, 2, NULL, '2012-07-01 12:00:00', '127.0.0.1', '{}'),
(70, 69, 1, 2, NULL, '2012-07-01 12:00:00', '127.0.0.1', '{}'),
(71, 70, 1, 2, NULL, '2012-07-01 12:00:00', '127.0.0.1', '{}'),
(72, 71, 1, 2, NULL, '2012-07-01 12:00:00', '127.0.0.1', '{}'),
(73, 72, 1, 2, NULL, '2012-07-01 12:00:00', '127.0.0.1', '{}'),
(74, 73, 1, 2, NULL, '2012-07-01 12:00:00', '127.0.0.1', '{}'),
(75, 74, 1, 2, NULL, '2012-07-01 12:00:00', '127.0.0.1', '{}'),
(76, 75, 1, 2, NULL, '2012-07-01 12:00:00', '127.0.0.1', '{}'),
(77, 76, 1, 2, NULL, '2012-07-01 12:00:00', '127.0.0.1', '{}'),
(78, 77, 1, 2, NULL, '2012-07-01 12:00:00', '127.0.0.1', '{}'),
(79, 78, 1, 2, NULL, '2012-07-01 12:00:00', '127.0.0.1', '{}'),
(80, 79, 1, 2, NULL, '2012-07-01 12:00:00', '127.0.0.1', '{}'),
(81, 80, 1, 2, NULL, '2012-07-01 12:00:00', '127.0.0.1', '{}'),
(82, 81, 1, 2, NULL, '2012-07-01 12:00:00', '127.0.0.1', '{}'),
(83, 82, 1, 2, NULL, '2012-07-01 12:00:00', '127.0.0.1', '{}'),
(84, 83, 1, 2, NULL, '2012-07-01 12:00:00', '127.0.0.1', '{}'),
(85, 84, 1, 2, NULL, '2012-07-01 12:00:00', '127.0.0.1', '{}'),
(86, 85, 1, 2, NULL, '2012-07-01 12:00:00', '127.0.0.1', '{}'),
(87, 86, 1, 2, NULL, '2012-07-01 12:00:00', '127.0.0.1', '{}'),
(88, 87, 1, 2, NULL, '2012-07-01 12:00:00', '127.0.0.1', '{}'),
(89, 88, 1, 2, NULL, '2012-07-01 12:00:00', '127.0.0.1', '{}'),
(90, 89, 1, 2, NULL, '2012-07-01 12:00:00', '127.0.0.1', '{}'),
(91, 90, 1, 2, NULL, '2012-07-01 12:00:00', '127.0.0.1', '{}'),
(92, 91, 1, 2, NULL, '2012-07-01 12:00:00', '127.0.0.1', '{}'),
(93, 92, 1, 2, NULL, '2012-07-01 12:00:00', '127.0.0.1', '{}'),
(94, 93, 1, 2, NULL, '2012-07-01 12:00:00', '127.0.0.1', '{}'),
(95, 94, 1, 2, NULL, '2012-07-01 12:00:00', '127.0.0.1', '{}'),
(96, 95, 1, 2, NULL, '2012-07-01 12:00:00', '127.0.0.1', '{}'),
(97, 96, 1, 2, NULL, '2012-07-01 12:00:00', '127.0.0.1', '{}'),
(98, 97, 1, 2, NULL, '2012-07-01 12:00:00', '127.0.0.1', '{}'),
(99, 98, 1, 2, NULL, '2012-07-01 12:00:00', '127.0.0.1', '{}'),
(100, 99, 1, 2, NULL, '2012-07-01 12:00:00', '127.0.0.1', '{}'),
(101, 100, 1, 2, NULL, '2012-07-01 12:00:00', '127.0.0.1', '{}'),
(102, 101, 1, 2, NULL, '2012-07-01 12:00:00', '127.0.0.1', '{}'),
(103, 102, 1, 2, NULL, '2012-07-01 12:00:00', '127.0.0.1', '{}'),
(104, 103, 1, 2, NULL, '2012-07-01 12:00:00', '127.0.0.1', '{}'),
(105, 104, 1, 2, NULL, '2012-07-01 12:00:00', '127.0.0.1', '{}'),
(106, 105, 1, 2, NULL, '2012-07-01 12:00:00', '127.0.0.1', '{}'),
(107, 106, 1, 2, NULL, '2012-07-01 12:00:00', '127.0.0.1', '{}'),
(108, 107, 1, 2, NULL, '2012-07-01 12:00:00', '127.0.0.1', '{}'),
(109, 108, 1, 2, NULL, '2012-07-01 12:00:00', '127.0.0.1', '{}'),
(110, 109, 1, 2, NULL, '2012-07-01 12:00:00', '127.0.0.1', '{}'),
(111, 110, 1, 2, NULL, '2012-07-01 12:00:00', '127.0.0.1', '{}'),
(112, 111, 1, 2, NULL, '2012-07-01 12:00:00', '127.0.0.1', '{}'),
(113, 112, 1, 2, NULL, '2012-07-01 12:00:00', '127.0.0.1', '{}'),
(114, 113, 1, 2, NULL, '2012-07-01 12:00:00', '127.0.0.1', '{}'),
(115, 114, 1, 2, NULL, '2012-07-01 12:00:00', '127.0.0.1', '{}'),
(116, 115, 1, 2, NULL, '2012-07-01 12:00:00', '127.0.0.1', '{}'),
(117, 116, 1, 2, NULL, '2012-07-01 12:00:00', '127.0.0.1', '{}'),
(118, 117, 1, 2, NULL, '2012-07-01 12:00:00', '127.0.0.1', '{}'),
(119, 118, 1, 2, NULL, '2012-07-01 12:00:00', '127.0.0.1', '{}'),
(120, 119, 1, 2, NULL, '2012-07-01 12:00:00', '127.0.0.1', '{}'),
(121, 120, 1, 2, NULL, '2012-07-01 12:00:00', '127.0.0.1', '{}'),
(122, 121, 1, 2, NULL, '2012-07-01 12:00:00', '127.0.0.1', '{}'),
(123, 122, 1, 2, NULL, '2012-07-01 12:00:00', '127.0.0.1', '{}'),
(124, 123, 1, 2, NULL, '2012-07-01 12:00:00', '127.0.0.1', '{}'),
(125, 124, 1, 2, NULL, '2012-07-01 12:00:00', '127.0.0.1', '{}'),
(126, 125, 1, 2, NULL, '2012-07-01 12:00:00', '127.0.0.1', '{}'),
(127, 126, 1, 2, NULL, '2012-07-01 12:00:00', '127.0.0.1', '{}'),
(128, 127, 1, 2, NULL, '2012-07-01 12:00:00', '127.0.0.1', '{}'),
(129, 128, 1, 2, NULL, '2012-07-01 12:00:00', '127.0.0.1', '{}'),
(130, 129, 1, 2, NULL, '2012-07-01 12:00:00', '127.0.0.1', '{}'),
(131, 130, 1, 2, NULL, '2012-07-01 12:00:00', '127.0.0.1', '{}'),
(132, 131, 1, 2, NULL, '2012-07-01 12:00:00', '127.0.0.1', '{}'),
(133, 132, 1, 2, NULL, '2012-07-01 12:00:00', '127.0.0.1', '{}'),
(134, 133, 1, 2, NULL, '2012-07-01 12:00:00', '127.0.0.1', '{}'),
(135, 134, 1, 2, NULL, '2012-07-01 12:00:00', '127.0.0.1', '{}'),
(136, 135, 1, 2, NULL, '2012-07-01 12:00:00', '127.0.0.1', '{}'),
(137, 136, 1, 2, NULL, '2012-07-01 12:00:00', '127.0.0.1', '{}'),
(138, 137, 1, 2, NULL, '2012-07-01 12:00:00', '127.0.0.1', '{}'),
(139, 138, 1, 2, NULL, '2012-07-01 12:00:00', '127.0.0.1', '{}'),
(140, 139, 1, 2, NULL, '2012-07-01 12:00:00', '127.0.0.1', '{}'),
(141, 140, 1, 2, NULL, '2012-07-01 12:00:00', '127.0.0.1', '{}'),
(142, 141, 1, 2, NULL, '2012-07-01 12:00:00', '127.0.0.1', '{}'),
(143, 142, 1, 2, NULL, '2012-07-01 12:00:00', '127.0.0.1', '{}'),
(144, 143, 1, 2, NULL, '2012-07-01 12:00:00', '127.0.0.1', '{}'),
(145, 144, 1, 2, NULL, '2012-07-01 12:00:00', '127.0.0.1', '{}'),
(146, 145, 1, 2, NULL, '2012-07-01 12:00:00', '127.0.0.1', '{}'),
(147, 146, 1, 2, NULL, '2012-07-01 12:00:00', '127.0.0.1', '{}'),
(148, 147, 1, 2, NULL, '2012-07-01 12:00:00', '127.0.0.1', '{}'),
(149, 148, 1, 2, NULL, '2012-07-01 12:00:00', '127.0.0.1', '{}'),
(150, 149, 1, 2, NULL, '2012-07-01 12:00:00', '127.0.0.1', '{}'),
(151, 150, 1, 2, NULL, '2012-07-01 12:00:00', '127.0.0.1', '{}'),
(152, 151, 1, 2, NULL, '2012-07-01 12:00:00', '127.0.0.1', '{}'),
(153, 152, 1, 2, NULL, '2012-07-01 12:00:00', '127.0.0.1', '{}'),
(154, 153, 1, 2, NULL, '2012-07-01 12:00:00', '127.0.0.1', '{}'),
(155, 154, 1, 2, NULL, '2012-07-01 12:00:00', '127.0.0.1', '{}'),
(156, 155, 1, 2, NULL, '2012-07-01 12:00:00', '127.0.0.1', '{}'),
(157, 156, 1, 2, NULL, '2012-07-01 12:00:00', '127.0.0.1', '{}'),
(158, 157, 1, 2, NULL, '2012-07-01 12:00:00', '127.0.0.1', '{}'),
(159, 158, 1, 2, NULL, '2012-07-01 12:00:00', '127.0.0.1', '{}'),
(160, 159, 1, 2, NULL, '2012-07-01 12:00:00', '127.0.0.1', '{}'),
(161, 160, 1, 2, NULL, '2012-07-01 12:00:00', '127.0.0.1', '{}'),
(162, 161, 1, 2, NULL, '2012-07-01 12:00:00', '127.0.0.1', '{}'),
(163, 162, 1, 2, NULL, '2012-07-01 12:00:00', '127.0.0.1', '{}'),
(164, 163, 1, 2, NULL, '2012-07-01 12:00:00', '127.0.0.1', '{}'),
(165, 164, 1, 2, NULL, '2012-07-01 12:00:00', '127.0.0.1', '{}'),
(166, 165, 1, 2, NULL, '2012-07-01 12:00:00', '127.0.0.1', '{}'),
(167, 166, 1, 2, NULL, '2012-07-01 12:00:00', '127.0.0.1', '{}'),
(168, 167, 1, 2, NULL, '2012-07-01 12:00:00', '127.0.0.1', '{}'),
(169, 168, 1, 2, NULL, '2012-07-01 12:00:00', '127.0.0.1', '{}'),
(170, 169, 1, 2, NULL, '2012-07-01 12:00:00', '127.0.0.1', '{}'),
(171, 170, 1, 2, NULL, '2012-07-01 12:00:00', '127.0.0.1', '{}'),
(172, 1, 1, 2, NULL, '2012-07-01 12:00:00', '127.0.0.1', '{}'),
(173, 2, 1, 2, NULL, '2012-07-01 12:00:00', '127.0.0.1', '{}'),
(174, 3, 1, 2, NULL, '2012-07-01 12:00:00', '127.0.0.1', '{}'),
(175, 4, 1, 2, NULL, '2012-07-01 12:00:00', '127.0.0.1', '{}'),
(176, 5, 1, 2, NULL, '2012-07-01 12:00:00', '127.0.0.1', '{}'),
(177, 6, 1, 2, NULL, '2012-07-01 12:00:00', '127.0.0.1', '{}'),
(178, 7, 1, 2, NULL, '2012-07-01 12:00:00', '127.0.0.1', '{}'),
(179, 8, 1, 2, NULL, '2012-07-01 12:00:00', '127.0.0.1', '{}'),
(180, 287, 1, 2, NULL, '2012-07-01 12:00:00', '127.0.0.1', '{}');

-- --------------------------------------------------------

--
-- Table structure for table `molajo_catalog_categories`
--

CREATE TABLE `molajo_catalog_categories` (
  `catalog_id` int(11) unsigned NOT NULL DEFAULT '0',
  `category_id` int(11) unsigned NOT NULL DEFAULT '0',
  PRIMARY KEY (`catalog_id`,`category_id`),
  KEY `fk_catalog_categories_catalog_index` (`catalog_id`),
  KEY `fk_catalog_categories_categories_index` (`category_id`)
) ENGINE=InnoDB DEFAULT CHARSET=utf8;

--
-- Dumping data for table `molajo_catalog_categories`
--

INSERT INTO `molajo_catalog_categories` (`catalog_id`, `category_id`) VALUES
(1, 10),
(2, 10),
(3, 10),
(4, 10),
(5, 10),
(6, 10),
(7, 10),
(8, 10),
(9, 10),
(10, 10),
(12, 11),
(13, 11),
(15, 12),
(16, 12),
(17, 12),
(18, 12),
(19, 12),
(20, 12),
(21, 12),
(22, 12),
(23, 12),
(24, 12),
(25, 12),
(26, 12),
(27, 12),
(28, 12),
(29, 12),
(30, 12),
(31, 12),
(32, 12),
(33, 12),
(34, 12),
(35, 12),
(36, 12),
(37, 12),
(38, 12),
(39, 12),
(40, 12),
(41, 12),
(42, 12),
(43, 12),
(44, 12),
(45, 12),
(46, 12),
(47, 12),
(48, 12),
(49, 12),
(50, 12),
(51, 12),
(52, 12),
(53, 12),
(54, 12),
(55, 12),
(56, 12),
(57, 12),
(58, 12),
(59, 12),
(60, 12),
(61, 12),
(62, 12),
(63, 12),
(64, 12),
(65, 12),
(66, 12),
(67, 12),
(68, 12),
(69, 12),
(70, 12),
(71, 12),
(72, 12),
(73, 12),
(74, 12),
(75, 12),
(76, 12),
(77, 12),
(78, 12),
(79, 12),
(80, 12),
(81, 12),
(82, 12),
(83, 12),
(84, 12),
(85, 12),
(86, 12),
(87, 12),
(88, 12),
(89, 12),
(90, 12),
(91, 12),
(92, 12),
(93, 12),
(94, 12),
(95, 12),
(96, 12),
(97, 12),
(98, 12),
(99, 12),
(100, 12),
(101, 12),
(102, 12),
(103, 12),
(104, 12),
(105, 12),
(106, 12),
(107, 12),
(108, 12),
(109, 12),
(110, 12),
(111, 12),
(112, 12),
(113, 12),
(114, 12),
(115, 12),
(116, 12),
(117, 12),
(118, 12),
(119, 12),
(120, 12),
(121, 12),
(122, 12),
(123, 12),
(124, 12),
(125, 12),
(126, 12),
(127, 12),
(128, 12),
(129, 12),
(130, 12),
(131, 12),
(132, 12),
(133, 12),
(134, 12),
(135, 12),
(136, 12),
(137, 12),
(138, 12),
(139, 12),
(140, 12),
(141, 12),
(142, 12),
(143, 12),
(144, 12),
(145, 12),
(146, 12),
(147, 12),
(148, 12),
(149, 12),
(150, 12),
(151, 12),
(152, 12),
(153, 12),
(154, 12),
(155, 12),
(156, 12),
(157, 12),
(158, 12),
(159, 12),
(160, 12),
(161, 12),
(162, 12),
(163, 12),
(164, 12),
(165, 12),
(166, 12),
(167, 12),
(168, 12),
(169, 12),
(170, 12),
(270, 13),
(271, 13),
(272, 13),
(273, 13),
(274, 13),
(275, 13),
(276, 13),
(277, 13),
(278, 13),
(279, 13),
(286, 13),
(287, 13);

-- --------------------------------------------------------

--
-- Table structure for table `molajo_catalog_types`
--

CREATE TABLE `molajo_catalog_types` (
  `id` int(11) unsigned NOT NULL AUTO_INCREMENT COMMENT 'Actions Primary Key',
  `type` varchar(255) NOT NULL,
  `title` varchar(255) NOT NULL DEFAULT ' ',
  `protected` tinyint(4) unsigned NOT NULL DEFAULT '0',
  `model_name` varchar(255) NOT NULL,
  `primary_category_id` int(11) NOT NULL,
  `source_table` varchar(255) NOT NULL DEFAULT ' ',
  `slug` varchar(250) NOT NULL,
  `routable` tinyint(4) NOT NULL,
  PRIMARY KEY (`id`),
  UNIQUE KEY `title` (`title`),
  UNIQUE KEY `model_name` (`model_name`)
) ENGINE=InnoDB  DEFAULT CHARSET=utf8 AUTO_INCREMENT=54002 ;

--
-- Dumping data for table `molajo_catalog_types`
--

INSERT INTO `molajo_catalog_types` (`id`, `type`, `title`, `protected`, `model_name`, `primary_category_id`, `source_table`, `slug`, `routable`) VALUES
(10, 'Sites', 'Sites', 1, 'Sites', 1000, '#__sites', '', 0),
(50, 'Applications', 'Applications', 1, 'Applications', 1001, '#__applications', '', 0),
(100, 'Groups', 'System Groups', 1, 'GroupsSystem', 1000, '#__content', '', 0),
(110, 'Groups', 'Groups', 1, 'GroupsStandard', 1003, '#__content', '', 0),
(120, 'Groups', 'Private User Groups', 1, 'GroupsUsers', 1000, '#__content', 'users', 1),
(130, 'Groups', 'Friends', 1, 'GroupsFriends', 1005, '#__content', '', 0),
(500, 'Users', 'Users', 1, 'Users', 13, '#__users', '', 0),
(1050, 'Extensions', 'Resources', 1, 'Extensioninstancesresources', 1004, '#__extension_instances', '', 0),
(1100, 'Extensions', 'Languages', 1, 'Extensioninstanceslanguages', 1001, '#__extension_instances', '', 0),
(1150, 'Extensions', 'Page Views', 1, 'ExtensionInstancesviewspages', 1001, '#__extension_instances', '', 0),
(1200, 'Extensions', 'Template Views', 1, 'Extensioninstancesviewstemplates', 1001, '#__extension_instances', '', 0),
(1250, 'Extensions', 'Wrap Views', 1, 'Extensioninstancesviewswraps', 1001, '#__extension_instances', '', 0),
(1300, 'Extensions', 'Menus', 1, 'Extensioninstancesmenus', 1002, '#__extension_instances', '', 0),
(1425, 'Extensions', 'Services', 1, 'Extensioninstancesservices', 1001, '#__extension_instances', '', 0),
(1450, 'Extensions', 'Triggers', 1, 'Extensioninstancestriggers', 1001, '#__extension_instances', '', 0),
(1500, 'Extensions', 'Themes', 1, 'Extensioninstancesthemes', 1001, '#__extension_instances', '', 0),
(2000, 'Menuitems', 'Resource Menu Items', 1, 'Menuitemresources', 1001, '#__content', '', 0),
(2100, 'Menuitems', 'Link Menu Items', 1, 'MenuitemLinks', 1001, '#__content', '', 0),
(2200, 'Menuitems', 'Template Menu Items', 1, 'MenuitemTemplates', 1001, '#__content', '', 0),
(2300, 'Menuitems', 'Separator Menu Items', 1, 'MenuitemSeparators', 1001, '#__content', '', 0),
(3000, 'Categories', 'System Base ACL', 1, 'CategoriesSystem', 1000, '#__content', 'system', 0),
(3200, 'Categories', 'Categories', 1, 'CategoriesLists', 1001, '#__content', 'categories', 1),
(3500, 'Categories', 'Tags', 1, 'CategoriesTags', 1001, '#__content', 'tags', 1),
(3600, 'Categories', 'Collections', 1, 'CategoriesCollections', 1002, '#__content', '', 0),
(10000, 'Resources', 'Articles', 0, 'Articlesstandard', 1004, '#__content', 'articles', 1),
(11000, 'Resources', 'Static Text', 0, 'Articlesstatictext', 1003, '#__content', 'about', 1),
(20000, 'Resources', 'Contacts', 0, 'Contacts', 1004, '#__content', 'contacts', 1),
(30000, 'Resources', 'Comments', 0, 'Comments', 1005, '#__content', 'comments', 1),
(50000, 'Resources', 'Media Images', 0, 'MediaImages', 1004, '#__content', 'images', 1),
(51000, 'Resources', 'Media Files', 0, 'MediaFiles', 1004, '#__content', 'files', 1),
(52000, 'Resources', 'Media Video', 0, 'MediaVideo', 1004, '#__content', 'video', 1),
(53000, 'Resources', 'Media Audio', 0, 'MediaAudio', 1004, '#__content', 'audio', 1),
(54000, 'Resources', 'Media Links', 0, 'MediaLinks', 1004, '#__content', 'links', 1);

-- --------------------------------------------------------

--
-- Table structure for table `molajo_content`
--

CREATE TABLE `molajo_content` (
  `id` int(11) unsigned NOT NULL AUTO_INCREMENT COMMENT 'Primary Key',
  `extension_instance_id` int(11) unsigned NOT NULL DEFAULT '0',
  `catalog_type_id` int(11) unsigned NOT NULL DEFAULT '0',
  `title` varchar(255) NOT NULL DEFAULT ' ' COMMENT 'Title',
  `subtitle` varchar(255) NOT NULL DEFAULT ' ' COMMENT 'Subtitle',
  `path` varchar(2048) NOT NULL DEFAULT ' ',
  `alias` varchar(255) NOT NULL DEFAULT ' ',
  `content_text` mediumtext,
  `protected` tinyint(4) unsigned NOT NULL DEFAULT '0',
  `featured` tinyint(4) unsigned NOT NULL DEFAULT '0',
  `stickied` tinyint(4) unsigned NOT NULL DEFAULT '0',
  `status` tinyint(4) unsigned NOT NULL DEFAULT '0' COMMENT 'Published State 2: Archived 1: Published 0: Unpublished -1: Trashed -2: Spam -10 Version',
  `start_publishing_datetime` datetime NOT NULL DEFAULT '0000-00-00 00:00:00' COMMENT 'Publish Begin Date and Time',
  `stop_publishing_datetime` datetime NOT NULL DEFAULT '0000-00-00 00:00:00' COMMENT 'Publish End Date and Time',
  `version` int(11) unsigned NOT NULL DEFAULT '1' COMMENT 'Version Number',
  `version_of_id` int(11) unsigned NOT NULL DEFAULT '0' COMMENT 'Primary ID for this Version',
  `status_prior_to_version` int(11) unsigned NOT NULL DEFAULT '0' COMMENT 'State value prior to creating this version copy and changing the state to Version',
  `created_datetime` datetime NOT NULL DEFAULT '0000-00-00 00:00:00' COMMENT 'Created Date and Time',
  `created_by` int(11) unsigned NOT NULL DEFAULT '0' COMMENT 'Created by User ID',
  `modified_datetime` datetime NOT NULL DEFAULT '0000-00-00 00:00:00' COMMENT 'Modified Date',
  `modified_by` int(11) unsigned NOT NULL DEFAULT '0' COMMENT 'Modified By User ID',
  `checked_out_datetime` datetime NOT NULL DEFAULT '0000-00-00 00:00:00' COMMENT 'Checked out Date and Time',
  `checked_out_by` int(11) unsigned NOT NULL DEFAULT '0' COMMENT 'Checked out by User Id',
  `root` int(11) unsigned NOT NULL DEFAULT '0',
  `parent_id` int(11) unsigned NOT NULL DEFAULT '0',
  `lft` int(11) unsigned NOT NULL DEFAULT '0',
  `rgt` int(11) unsigned NOT NULL DEFAULT '0',
  `lvl` int(11) unsigned NOT NULL DEFAULT '0',
  `home` tinyint(4) unsigned NOT NULL DEFAULT '0',
  `customfields` mediumtext,
  `parameters` mediumtext COMMENT 'Attributes (Custom Fields)',
  `metadata` mediumtext,
  `language` char(7) NOT NULL DEFAULT 'en-GB',
  `translation_of_id` int(11) unsigned NOT NULL DEFAULT '0',
  `ordering` int(11) unsigned NOT NULL DEFAULT '0' COMMENT 'Ordering',
  PRIMARY KEY (`id`),
  KEY `fk_content_extension_instances_index` (`extension_instance_id`)
) ENGINE=InnoDB  DEFAULT CHARSET=utf8 AUTO_INCREMENT=1010 ;

--
-- Dumping data for table `molajo_content`
--

INSERT INTO `molajo_content` (`id`, `extension_instance_id`, `catalog_type_id`, `title`, `subtitle`, `path`, `alias`, `content_text`, `protected`, `featured`, `stickied`, `status`, `start_publishing_datetime`, `stop_publishing_datetime`, `version`, `version_of_id`, `status_prior_to_version`, `created_datetime`, `created_by`, `modified_datetime`, `modified_by`, `checked_out_datetime`, `checked_out_by`, `root`, `parent_id`, `lft`, `rgt`, `lvl`, `home`, `customfields`, `parameters`, `metadata`, `language`, `translation_of_id`, `ordering`) VALUES
(1, 5, 100, 'Public', ' ', '', '', 'All visitors regardless of authentication status', 1, 0, 0, 1, '2012-07-01 12:00:00', '0000-00-00 00:00:00', 1, 0, 0, '2012-07-01 12:00:00', 0, '2012-07-01 12:00:00', 0, '0000-00-00 00:00:00', 0, 0, 3, 1, 17, 1, 0, '{\n"group_web_address":"",\n"group_email_address":"",\n"group_owner":"0",\n"group_collection_id":"0"\n}', '{\r\n    "users_can_join":"0",\r\n    "private_to_group_members":"1",\r\n    "allow_delete_with_members":"0",\r\n    "allow_delete_when_used_with_acl":"0 ",\r\n    "allow_delete":"0",\r\n    "invisible":"1"\r\n}', '{}', 'en-GB', 0, 1),
(2, 5, 100, 'Guest', ' ', '', '', 'Visitors not authenticated', 1, 0, 0, 1, '2012-07-01 12:00:00', '0000-00-00 00:00:00', 1, 0, 0, '2012-07-01 12:00:00', 0, '2012-07-01 12:00:00', 0, '0000-00-00 00:00:00', 0, 1, 0, 2, 3, 2, 0, '{\r\n"group_web_address":"",\r\n"group_email_address":"",\r\n"group_owner":"0",\r\n"group_collection_id":"0"\r\n}', '{\r\n    "users_can_join":"0",\r\n    "private_to_group_members":"1",\r\n    "allow_delete_with_members":"0",\r\n    "allow_delete_when_used_with_acl":"0 ",\r\n    "allow_delete":"0",\r\n    "invisible":"1"\r\n}', '{}', 'en-GB', 0, 2),
(3, 5, 100, 'Registered', ' ', '', '', 'Authenticated users', 1, 0, 0, 1, '2012-07-01 12:00:00', '0000-00-00 00:00:00', 1, 0, 0, '2012-07-01 12:00:00', 0, '2012-07-01 12:00:00', 0, '0000-00-00 00:00:00', 0, 1, 4, 4, 11, 2, 0, '{\r\n"group_web_address":"",\r\n"group_email_address":"",\r\n"group_owner":"0",\r\n"group_collection_id":"0"\r\n}', '{\r\n    "users_can_join":"0",\r\n    "private_to_group_members":"1",\r\n    "allow_delete_with_members":"0",\r\n    "allow_delete_when_used_with_acl":"0 ",\r\n    "allow_delete":"0",\r\n    "invisible":"1"\r\n}', '{}', 'en-GB', 0, 3),
(4, 5, 110, 'Author', ' ', '', '', '', 0, 0, 0, 1, '2012-07-01 12:00:00', '0000-00-00 00:00:00', 1, 0, 0, '2012-07-01 12:00:00', 0, '2012-07-01 12:00:00', 0, '0000-00-00 00:00:00', 0, 1, 5, 5, 10, 3, 0, '{\r\n"group_web_address":"",\r\n"group_email_address":"",\r\n"group_owner":"0",\r\n"group_collection_id":"0"\r\n}', '{\r\n    "users_can_join":"0",\r\n    "private_to_group_members":"1",\r\n    "allow_delete_with_members":"0",\r\n    "allow_delete_when_used_with_acl":"0 ",\r\n    "allow_delete":"0",\r\n    "invisible":"1"\r\n}', '{}', 'en-GB', 0, 4),
(5, 5, 110, 'Editor', ' ', '', '', '', 0, 0, 0, 1, '2012-07-01 12:00:00', '0000-00-00 00:00:00', 1, 0, 0, '2012-07-01 12:00:00', 0, '2012-07-01 12:00:00', 0, '0000-00-00 00:00:00', 0, 1, 6, 6, 9, 4, 0, '{\r\n"group_web_address":"",\r\n"group_email_address":"",\r\n"group_owner":"0",\r\n"group_collection_id":"0"\r\n}', '{\r\n    "users_can_join":"0",\r\n    "private_to_group_members":"1",\r\n    "allow_delete_with_members":"0",\r\n    "allow_delete_when_used_with_acl":"0 ",\r\n    "allow_delete":"0",\r\n    "invisible":"1"\r\n}', '{}', 'en-GB', 0, 5),
(6, 5, 110, 'Publisher', ' ', '', '', '', 0, 0, 0, 1, '2012-07-01 12:00:00', '0000-00-00 00:00:00', 1, 0, 0, '2012-07-01 12:00:00', 0, '2012-07-01 12:00:00', 0, '0000-00-00 00:00:00', 0, 1, 0, 7, 8, 5, 0, '{\r\n"group_web_address":"",\r\n"group_email_address":"",\r\n"group_owner":"0",\r\n"group_collection_id":"0"\r\n}', '{\r\n    "users_can_join":"0",\r\n    "private_to_group_members":"0",\r\n    "allow_delete_with_members":"0",\r\n    "allow_delete_when_used_with_acl":"0 ",\r\n    "allow_delete":"0",\r\n    "invisible":"1"\r\n}', '{}', 'en-GB', 0, 6),
(7, 5, 110, 'Manager', ' ', '', '', '', 0, 0, 0, 1, '2012-07-01 12:00:00', '0000-00-00 00:00:00', 1, 0, 0, '2012-07-01 12:00:00', 0, '2012-07-01 12:00:00', 0, '0000-00-00 00:00:00', 0, 1, 9, 12, 16, 3, 0, '{\r\n"group_web_address":"",\r\n"group_email_address":"",\r\n"group_owner":"0",\r\n"group_collection_id":"0"\r\n}', '{\r\n    "users_can_join":"0",\r\n    "private_to_group_members":"0",\r\n    "allow_delete_with_members":"0",\r\n    "allow_delete_when_used_with_acl":"0 ",\r\n    "allow_delete":"0",\r\n    "invisible":"1"\r\n}', '{}', 'en-GB', 0, 7),
(8, 5, 110, 'Developer', ' ', '', '', '', 0, 0, 0, 1, '2012-07-01 12:00:00', '0000-00-00 00:00:00', 1, 0, 0, '2012-07-01 12:00:00', 0, '2012-07-01 12:00:00', 0, '0000-00-00 00:00:00', 0, 1, 9, 13, 9, 4, 0, '{\r\n"group_web_address":"",\r\n"group_email_address":"",\r\n"group_owner":"0",\r\n"group_collection_id":"0"\r\n}', '{\r\n    "users_can_join":"0",\r\n    "private_to_group_members":"0",\r\n    "allow_delete_with_members":"0",\r\n    "allow_delete_when_used_with_acl":"0 ",\r\n    "allow_delete":"0",\r\n    "invisible":"1"\r\n}', '{}', 'en-GB', 0, 8),
(9, 5, 100, 'Administrator', ' ', '', '', 'The System Administrator has overall ability to perform any function and view all data. This role cannot be removed.', 1, 0, 0, 1, '2012-07-01 12:00:00', '0000-00-00 00:00:00', 1, 0, 0, '2012-07-01 12:00:00', 0, '2012-07-01 12:00:00', 0, '0000-00-00 00:00:00', 0, 1, 0, 14, 15, 4, 0, '{\r\n"group_web_address":"",\r\n"group_email_address":"",\r\n"group_owner":"42",\r\n"group_collection_id":"0"\r\n}', '{\r\n    "users_can_join":"0",\r\n    "private_to_group_members":"1",\r\n    "allow_delete_with_members":"0",\r\n    "allow_delete_when_used_with_acl":"0 ",\r\n    "allow_delete":"0",\r\n    "invisible":"0"\r\n}', '{}', 'en-GB', 0, 9),
(10, 2, 3000, 'Base ACL: Site', ' ', '', '', 'Highest level of the ACL Base - Administrator: Site', 1, 0, 0, 1, '2012-07-01 12:00:00', '0000-00-00 00:00:00', 1, 0, 0, '2012-07-01 12:00:00', 0, '2012-07-01 12:00:00', 0, '0000-00-00 00:00:00', 0, 0, 0, 1, 0, 1, 0, '', '', '{}', 'en-GB', 0, 1),
(11, 2, 3000, 'Base ACL: Applications', ' ', '', '', 'Helps implement base ACL.', 1, 0, 0, 1, '2012-07-01 12:00:00', '0000-00-00 00:00:00', 1, 0, 0, '2012-07-01 12:00:00', 0, '2012-07-01 12:00:00', 0, '0000-00-00 00:00:00', 0, 0, 0, 1, 0, 1, 0, '', '', '{}', 'en-GB', 0, 1),
(12, 2, 3000, 'Base ACL: Extensions', ' ', '', '', 'ACL Base', 1, 0, 0, 1, '2012-07-01 12:00:00', '0000-00-00 00:00:00', 1, 0, 0, '2012-07-01 12:00:00', 0, '2012-07-01 12:00:00', 0, '0000-00-00 00:00:00', 0, 0, 0, 1, 0, 1, 0, '', '', '{}', 'en-GB', 0, 1),
(13, 2, 3000, 'Base ACL: Users and Groups', ' ', '', '', 'ACL Base', 1, 0, 0, 1, '2012-07-01 12:00:00', '0000-00-00 00:00:00', 1, 0, 0, '2012-07-01 12:00:00', 0, '2012-07-01 12:00:00', 0, '0000-00-00 00:00:00', 0, 0, 0, 1, 0, 1, 0, '', '', '{}', 'en-GB', 0, 1),
(14, 2, 3000, 'Base ACL: Categories, Static Text, Publish ability ', ' ', '', '', 'ACL Base', 1, 0, 0, 1, '2012-07-01 12:00:00', '0000-00-00 00:00:00', 1, 0, 0, '2012-07-01 12:00:00', 0, '2012-07-01 12:00:00', 0, '0000-00-00 00:00:00', 0, 0, 0, 1, 0, 1, 0, '', '', '{}', 'en-GB', 0, 1),
(15, 2, 3000, 'Base ACL: Create, Edit-own, Resources, Tags', ' ', '', '', 'ACL Base', 1, 0, 0, 1, '2012-07-01 12:00:00', '0000-00-00 00:00:00', 1, 0, 0, '2012-07-01 12:00:00', 0, '2012-07-01 12:00:00', 0, '0000-00-00 00:00:00', 0, 0, 0, 1, 0, 1, 0, '', '', '{}', 'en-GB', 0, 1),
(16, 2, 3000, 'Base ACL: Friends - Registered', ' ', '', '', 'ACL Base', 1, 0, 0, 1, '2012-07-01 12:00:00', '0000-00-00 00:00:00', 1, 0, 0, '2012-07-01 12:00:00', 0, '2012-07-01 12:00:00', 0, '0000-00-00 00:00:00', 0, 0, 0, 1, 0, 1, 0, '', '', '{}', 'en-GB', 0, 1),
(17, 2, 3000, 'Base ACL: Respond', ' ', '', '', 'ACL Base', 1, 0, 0, 1, '2012-07-01 12:00:00', '0000-00-00 00:00:00', 1, 0, 0, '2012-07-01 12:00:00', 0, '2012-07-01 12:00:00', 0, '0000-00-00 00:00:00', 0, 0, 0, 1, 0, 1, 0, '', '', '{}', 'en-GB', 0, 1),
(18, 5, 120, 'System Administrator', ' ', '', 'admin', 'ACL Group for System Administrator', 1, 0, 0, 1, '2012-07-01 12:00:00', '0000-00-00 00:00:00', 1, 0, 0, '2012-07-01 12:00:00', 0, '2012-07-01 12:00:00', 0, '0000-00-00 00:00:00', 0, 0, 3, 1, 17, 1, 0, '{\r\n"group_web_address":"",\r\n"group_email_address":"",\r\n"group_owner":"1",\r\n"group_collection_id":"0"\r\n}', '{\r\n    "users_can_join":"0",\r\n    "private_to_group_members":"0",\r\n    "allow_delete_with_members":"0",\r\n    "allow_delete_when_used_with_acl":"0 ",\r\n    "allow_delete":"0",\r\n    "invisible":"0"\r\n}', '{}', 'en-GB', 0, 1),
(19, 2, 3600, 'System Administrator Collection', ' ', '', 'admin', 'System Administrator Collection', 1, 0, 0, 1, '2012-07-01 12:00:00', '0000-00-00 00:00:00', 1, 0, 0, '2012-07-01 12:00:00', 0, '2012-07-01 12:00:00', 0, '0000-00-00 00:00:00', 0, 0, 0, 1, 0, 1, 0, '', '', '{}', 'en-GB', 0, 1);

-- --------------------------------------------------------

--
-- Table structure for table `molajo_extensions`
--

CREATE TABLE `molajo_extensions` (
  `id` int(11) unsigned NOT NULL AUTO_INCREMENT,
  `extension_site_id` int(11) unsigned NOT NULL DEFAULT '0',
  `catalog_type_id` int(11) unsigned NOT NULL,
  `name` varchar(255) NOT NULL DEFAULT ' ',
  PRIMARY KEY (`id`),
  KEY `extensions_extension_sites_index` (`extension_site_id`)
) ENGINE=InnoDB  DEFAULT CHARSET=utf8 AUTO_INCREMENT=9011 ;

--
-- Dumping data for table `molajo_extensions`
--

INSERT INTO `molajo_extensions` (`id`, `extension_site_id`, `catalog_type_id`, `name`) VALUES
(1, 1, 1050, 'Articles'),
(2, 1, 1050, 'Categories'),
(3, 1, 1050, 'Comments'),
(4, 1, 1050, 'Contacts'),
(5, 1, 1050, 'Groups'),
(6, 1, 1050, 'Media'),
(100, 1, 1100, 'en-GB'),
(200, 1, 1150, 'Admin'),
(210, 1, 1150, 'Admineditor'),
(220, 1, 1150, 'Admingrid'),
(230, 1, 1150, 'Default'),
(240, 1, 1150, 'Logon'),
(250, 1, 1150, 'Systemerrors'),
(260, 1, 1150, 'Systemoffline'),
(1000, 1, 1200, 'Accesscontrol'),
(1010, 1, 1200, 'Admincollectionmenu'),
(1030, 1, 1200, 'Admindashboard'),
(1040, 1, 1200, 'Adminfooter'),
(1050, 1, 1200, 'Admingrid'),
(1060, 1, 1200, 'Admingridbatch'),
(1070, 1, 1200, 'Admingridfilters'),
(1080, 1, 1200, 'Admingridpagination'),
(1090, 1, 1200, 'Adminheader'),
(1100, 1, 1200, 'Adminnavigationbar'),
(1105, 1, 1200, 'Adminresourcemenu'),
(1110, 1, 1200, 'Adminsectionmenu'),
(1120, 1, 1200, 'Admintoolbar'),
(1130, 1, 1200, 'Article'),
(1140, 1, 1200, 'Assetscss'),
(1150, 1, 1200, 'Assetscssdeclarations'),
(1160, 1, 1200, 'Assetsjs'),
(1170, 1, 1200, 'Assetsjsdeclarations'),
(1180, 1, 1200, 'Assetslinks'),
(1190, 1, 1200, 'Author'),
(1200, 1, 1200, 'Blog'),
(1205, 1, 1200, 'Category'),
(1210, 1, 1200, 'Comments'),
(1220, 1, 1200, 'Contactform'),
(1225, 1, 1200, 'Contacts'),
(1230, 1, 1200, 'Default'),
(1240, 1, 1200, 'Defer'),
(1250, 1, 1200, 'Dummy'),
(1260, 1, 1200, 'Edit'),
(1270, 1, 1200, 'Editcustomfields'),
(1280, 1, 1200, 'Editeditor'),
(1290, 1, 1200, 'Editmetadata'),
(1300, 1, 1200, 'Editparameters'),
(1310, 1, 1200, 'Errors'),
(1320, 1, 1200, 'Formselectlist'),
(1330, 1, 1200, 'Gallery'),
(1335, 1, 1200, 'Groups'),
(1340, 1, 1200, 'Head'),
(1345, 1, 1200, 'Media'),
(1350, 1, 1200, 'Messages'),
(1360, 1, 1200, 'Metadata'),
(1370, 1, 1200, 'News'),
(1380, 1, 1200, 'Pagination'),
(1390, 1, 1200, 'Promotion'),
(1400, 1, 1200, 'Rotator'),
(1410, 1, 1200, 'Search'),
(1420, 1, 1200, 'Tag'),
(2000, 1, 1250, 'Article'),
(2010, 1, 1250, 'Aside'),
(2020, 1, 1250, 'Default'),
(2030, 1, 1250, 'Div'),
(2040, 1, 1250, 'Footer'),
(2050, 1, 1250, 'Header'),
(2060, 1, 1250, 'Hgroup'),
(2070, 1, 1250, 'Iframe'),
(2080, 1, 1250, 'Nav'),
(2090, 1, 1250, 'None'),
(2100, 1, 1250, 'Section'),
(3000, 1, 1300, 'Menus'),
(5010, 1, 1425, 'Asset'),
(5020, 1, 1425, 'Authentication'),
(5030, 1, 1425, 'Authorisation'),
(5040, 1, 1425, 'Cache'),
(5050, 1, 1425, 'Client'),
(5060, 1, 1425, 'Configuration'),
(5070, 1, 1425, 'Cookie'),
(5080, 1, 1425, 'Date'),
(5090, 1, 1425, 'Error'),
(5100, 1, 1425, 'Event'),
(5110, 1, 1425, 'Filesystem'),
(5120, 1, 1425, 'Filter'),
(5130, 1, 1425, 'Image'),
(5140, 1, 1425, 'Install'),
(5150, 1, 1425, 'JDatabase'),
(5160, 1, 1425, 'Language'),
(5170, 1, 1425, 'Log'),
(5180, 1, 1425, 'Mail'),
(5190, 1, 1425, 'Menu'),
(5200, 1, 1425, 'Message'),
(5210, 1, 1425, 'Metadata'),
(5220, 1, 1425, 'Parse'),
(5230, 1, 1425, 'Password'),
(5240, 1, 1425, 'Profiler'),
(5250, 1, 1425, 'Request'),
(5260, 1, 1425, 'Response'),
(5270, 1, 1425, 'Route'),
(5280, 1, 1425, 'Search'),
(5290, 1, 1425, 'Text'),
(5300, 1, 1425, 'Url'),
(5310, 1, 1425, 'User'),
(5320, 1, 1425, 'Version'),
(6000, 1, 1450, 'Admindashboard'),
(6010, 1, 1450, 'Admingrid'),
(6020, 1, 1450, 'Adminmenu'),
(6030, 1, 1450, 'Alias'),
(6040, 1, 1450, 'Application'),
(6050, 1, 1450, 'Author'),
(6060, 1, 1450, 'Blockquote'),
(6070, 1, 1450, 'Cache'),
(6080, 1, 1450, 'Catalog'),
(6090, 1, 1450, 'Catalogtypeid'),
(6100, 1, 1450, 'Checkin'),
(6110, 1, 1450, 'Checkout'),
(6120, 1, 1450, 'Content'),
(6130, 1, 1450, 'Create'),
(6140, 1, 1450, 'Cssclassandids'),
(6150, 1, 1450, 'Customfields'),
(6160, 1, 1450, 'Dateformats'),
(6170, 1, 1450, 'Email'),
(6180, 1, 1450, 'Extensioninstance'),
(6190, 1, 1450, 'Fullname'),
(6200, 1, 1450, 'Gravatar'),
(6210, 1, 1450, 'IFrame'),
(6220, 1, 1450, 'Ipaddress'),
(6230, 1, 1450, 'Itemurl'),
(6235, 1, 1450, 'Itemuserpermissions'),
(6240, 1, 1450, 'Language'),
(6250, 1, 1450, 'Linebreaks'),
(6260, 1, 1450, 'Lists'),
(6270, 1, 1450, 'Logon'),
(6280, 1, 1450, 'Logout'),
(6290, 1, 1450, 'Metadata'),
(6300, 1, 1450, 'Mockdata'),
(6310, 1, 1450, 'Mockimage'),
(6320, 1, 1450, 'Mustache'),
(6330, 1, 1450, 'Ordering'),
(6340, 1, 1450, 'Pagination'),
(6350, 1, 1450, 'Password'),
(6360, 1, 1450, 'Publishedstatus'),
(6370, 1, 1450, 'Readmore'),
(6380, 1, 1450, 'Referencedata'),
(6390, 1, 1450, 'Rownumber'),
(6410, 1, 1450, 'Smilies'),
(6420, 1, 1450, 'Snippet'),
(6430, 1, 1450, 'Statusfields'),
(6440, 1, 1450, 'Trigger'),
(6450, 1, 1450, 'Useractivity'),
(6460, 1, 1450, 'Username'),
(6470, 1, 1450, 'Version'),
(9000, 1, 1500, 'System'),
(9010, 1, 1500, 'Molajito');

-- --------------------------------------------------------

--
-- Table structure for table `molajo_extension_instances`
--

CREATE TABLE `molajo_extension_instances` (
  `id` int(11) unsigned NOT NULL AUTO_INCREMENT COMMENT 'Primary Key',
  `extension_id` int(11) unsigned NOT NULL,
  `catalog_type_id` int(11) unsigned NOT NULL,
  `title` varchar(255) NOT NULL DEFAULT ' ' COMMENT 'Title',
  `subtitle` varchar(255) NOT NULL DEFAULT ' ' COMMENT 'Subtitle',
  `alias` varchar(255) NOT NULL DEFAULT ' ',
  `content_text` mediumtext,
  `protected` tinyint(4) unsigned NOT NULL DEFAULT '0',
  `featured` tinyint(4) unsigned NOT NULL DEFAULT '0',
  `stickied` tinyint(4) unsigned NOT NULL DEFAULT '0',
  `status` tinyint(4) unsigned NOT NULL DEFAULT '0' COMMENT 'Published State 2: Archived 1: Published 0: Unpublished -1: Trashed -2: Spam -10 Version',
  `start_publishing_datetime` datetime NOT NULL DEFAULT '0000-00-00 00:00:00' COMMENT 'Publish Begin Date and Time',
  `stop_publishing_datetime` datetime NOT NULL DEFAULT '0000-00-00 00:00:00' COMMENT 'Publish End Date and Time',
  `version` int(11) unsigned NOT NULL DEFAULT '1' COMMENT 'Version Number',
  `version_of_id` int(11) unsigned NOT NULL DEFAULT '0' COMMENT 'Primary ID for this Version',
  `status_prior_to_version` int(11) unsigned NOT NULL DEFAULT '0' COMMENT 'State value prior to creating this version copy and changing the state to Version',
  `created_datetime` datetime NOT NULL DEFAULT '0000-00-00 00:00:00' COMMENT 'Created Date and Time',
  `created_by` int(11) unsigned NOT NULL DEFAULT '0' COMMENT 'Created by User ID',
  `modified_datetime` datetime NOT NULL DEFAULT '0000-00-00 00:00:00' COMMENT 'Modified Date',
  `modified_by` int(11) unsigned NOT NULL DEFAULT '0' COMMENT 'Modified By User ID',
  `checked_out_datetime` datetime NOT NULL DEFAULT '0000-00-00 00:00:00' COMMENT 'Checked out Date and Time',
  `checked_out_by` int(11) unsigned NOT NULL DEFAULT '0' COMMENT 'Checked out by User Id',
  `customfields` mediumtext,
  `parameters` mediumtext COMMENT 'Attributes (Custom Fields)',
  `metadata` mediumtext,
  `language` char(7) NOT NULL DEFAULT 'en-GB',
  `translation_of_id` int(11) unsigned NOT NULL DEFAULT '0',
  `ordering` int(11) unsigned NOT NULL DEFAULT '0' COMMENT 'Ordering',
  PRIMARY KEY (`id`),
  KEY `fk_extension_instances_extensions_index` (`extension_id`)
) ENGINE=InnoDB  DEFAULT CHARSET=utf8 AUTO_INCREMENT=9011 ;

--
-- Dumping data for table `molajo_extension_instances`
--

INSERT INTO `molajo_extension_instances` (`id`, `extension_id`, `catalog_type_id`, `title`, `subtitle`, `alias`, `content_text`, `protected`, `featured`, `stickied`, `status`, `start_publishing_datetime`, `stop_publishing_datetime`, `version`, `version_of_id`, `status_prior_to_version`, `created_datetime`, `created_by`, `modified_datetime`, `modified_by`, `checked_out_datetime`, `checked_out_by`, `customfields`, `parameters`, `metadata`, `language`, `translation_of_id`, `ordering`) VALUES
(1, 1, 1050, 'Articles', 'Resource', '', '', 1, 0, 0, 1, '2012-07-01 12:00:00', '0000-00-00 00:00:00', 1, 0, 0, '2012-07-01 12:00:00', 0, '2012-07-01 12:00:00', 0, '0000-00-00 00:00:00', 0, '{}', '{\r\n    "criteria_title":"Articles",\r\n    "criteria_display_view_on_no_results":"0",\r\n    "criteria_snippet_length":"200",\r\n    "criteria_status":"",\r\n    "criteria_content_catalog_type_id":"",\r\n    "criteria_menuitem_catalog_type_id":"",\r\n    "criteria_content_extension_instance_id":"",\r\n    "criteria_menuitem_extension_instance_id":"",\r\n\r\n    "mustache":"0",\r\n\r\n    "list_theme_id":"9010",\r\n    "list_page_view_id":"220",\r\n    "list_page_view_css_id":"",\r\n    "list_page_view_css_class":"",\r\n    "list_template_view_id":"1050",\r\n    "list_template_view_css_id":"",\r\n    "list_template_view_css_class":"",\r\n    "list_wrap_view_id":"2030",\r\n    "list_wrap_view_css_id":"",\r\n    "list_wrap_view_css_class":"",\r\n    "list_model_name":"Content",\r\n    "list_model_type":"Table",\r\n    "list_model_query_object":"List",\r\n    "list_model_ordering":"start_publishing_datetime",\r\n    "list_model_direction":"DESC",\r\n    "list_model_offset":"0",\r\n    "list_model_count":"5",\r\n\r\n    "list_select_archived_content":"1",\r\n    "list_select_featured_content":"1",\r\n    "list_select_stickied_content":"1",\r\n    "list_select_published_date_begin":"",\r\n    "list_select_published_date_end":"",\r\n    "list_select_category_list":"0",\r\n    "list_select_tag_list":"0",\r\n    "list_select_author_list":"0",\r\n\r\n    "parent_menuitem":"0",\r\n    "item_parent_menu_id":"0",\r\n\r\n    "item_theme_id":"9010",\r\n    "item_page_view_id":"200",\r\n    "item_page_view_css_id":"",\r\n    "item_page_view_css_class":"",\r\n    "item_template_view_id":"1130",\r\n    "item_template_view_css_id":"",\r\n    "item_template_view_css_class":"",\r\n    "item_wrap_view_id":"2030",\r\n    "item_wrap_view_css_id":"",\r\n    "item_wrap_view_css_class":"",\r\n    "item_model_name":"Content",\r\n    "item_model_type":"Table",\r\n    "item_model_query_object":"Item",\r\n\r\n    "form_theme_id":"9010",\r\n    "form_page_view_id":"210",\r\n    "form_page_view_css_id":"",\r\n    "form_page_view_css_class":"",\r\n    "form_template_view_id":"1260",\r\n    "form_template_view_css_id":"",\r\n    "form_template_view_css_class":"",\r\n    "form_wrap_view_id":"2030",\r\n    "form_wrap_view_css_id":"",\r\n    "form_wrap_view_css_class":"",\r\n    "form_model_name":"Content",\r\n    "form_model_type":"Table",\r\n    "form_model_query_object":"Item",\r\n\r\n    "enable_draft_save":"1",\r\n    "enable_version_history":"1",\r\n    "enable_retain_versions_after_delete":"1",\r\n    "enable_maximum_version_count":"5",\r\n    "enable_hit_counts":"1",\r\n    "enable_comments":"1",\r\n    "enable_spam_protection":"1",\r\n    "enable_ratings":"1",\r\n    "enable_notifications":"1",\r\n    "enable_tweets":"1",\r\n    "enable_ping":"1",\r\n\r\n    "cache":"0",\r\n    "cache_time":"15",\r\n    "cache_handler":"file",\r\n\r\n    "log_user_activity_create":"1",\r\n    "log_user_activity_read":"1",\r\n    "log_user_activity_update":"1",\r\n    "log_user_activity_delete":"1",\r\n\r\n    "log_catalog_update_activity":"1",\r\n    "log_catalog_view_activity":"1",\r\n\r\n    "asset_priority_site":"100",\r\n    "asset_priority_application":"200",\r\n    "asset_priority_user":"300",\r\n    "asset_priority_extension":"400",\r\n    "asset_priority_request":"500",\r\n    "asset_priority_category":"600",\r\n    "asset_priority_menu_item":"700",\r\n    "asset_priority_source":"800",\r\n    "asset_priority_theme":"900",\r\n\r\n    "image_xsmall":"50",\r\n    "image_small":"75",\r\n    "image_medium":"150",\r\n    "image_large":"300",\r\n    "image_xlarge":"500",\r\n    "image_folder":"Images",\r\n    "image_thumb_folder":"Thumbs",\r\n\r\n    "gravatar":"1",\r\n    "gravatar_size":"50",\r\n    "gravatar_type":"mm",\r\n    "gravatar_rating":"pg",\r\n    "gravatar_image":"1"\r\n}', '{"title":"Articles", \r\n"description":"",\r\n"keywords":"", \r\n"robots":"follow, index",\r\n"author":"", \r\n"content_rights":"CC"}', 'en-GB', 0, 1),
(2, 2, 1050, 'Categories', 'Resource', '', '', 1, 0, 0, 1, '2012-07-01 12:00:00', '0000-00-00 00:00:00', 1, 0, 0, '2012-07-01 12:00:00', 0, '2012-07-01 12:00:00', 0, '0000-00-00 00:00:00', 0, '{}', '{\r\n    "criteria_title":"Tags",\r\n    "criteria_display_view_on_no_results":"0",\r\n    "criteria_snippet_length":"200",\r\n    "criteria_status":"",\r\n    "criteria_content_catalog_type_id":"",\r\n    "criteria_menuitem_catalog_type_id":"",\r\n    "criteria_content_extension_instance_id":"",\r\n    "criteria_menuitem_extension_instance_id":"",\r\n\r\n    "mustache":"0",\r\n\r\n    "list_theme_id":"9010",\r\n    "list_page_view_id":"220",\r\n    "list_page_view_css_id":"",\r\n    "list_page_view_css_class":"",\r\n    "list_template_view_id":"1050",\r\n    "list_template_view_css_id":"",\r\n    "list_template_view_css_class":"",\r\n    "list_wrap_view_id":"2030",\r\n    "list_wrap_view_css_id":"",\r\n    "list_wrap_view_css_class":"",\r\n    "list_model_name":"Tags",\r\n    "list_model_type":"Table",\r\n    "list_model_query_object":"List",\r\n    "list_model_ordering":"start_publishing_datetime",\r\n    "list_model_direction":"DESC",\r\n    "list_model_offset":"0",\r\n    "list_model_count":"5",\r\n\r\n    "list_select_archived_content":"1",\r\n    "list_select_featured_content":"1",\r\n    "list_select_stickied_content":"1",\r\n    "list_select_published_date_begin":"",\r\n    "list_select_published_date_end":"",\r\n    "list_select_category_list":"0",\r\n    "list_select_tag_list":"0",\r\n    "list_select_author_list":"0",\r\n\r\n    "parent_menuitem":"0",\r\n    "item_parent_menu_id":"0",\r\n\r\n    "item_theme_id":"9010",\r\n    "item_page_view_id":"200",\r\n    "item_page_view_css_id":"",\r\n    "item_page_view_css_class":"",\r\n    "item_template_view_id":"1420",\r\n    "item_template_view_css_id":"",\r\n    "item_template_view_css_class":"",\r\n    "item_wrap_view_id":"2030",\r\n    "item_wrap_view_css_id":"",\r\n    "item_wrap_view_css_class":"",\r\n    "item_model_name":"Tags",\r\n    "item_model_type":"Table",\r\n    "item_model_query_object":"Item",\r\n\r\n    "form_theme_id":"9010",\r\n    "form_page_view_id":"210",\r\n    "form_page_view_css_id":"",\r\n    "form_page_view_css_class":"",\r\n    "form_template_view_id":"1260",\r\n    "form_template_view_css_id":"",\r\n    "form_template_view_css_class":"",\r\n    "form_wrap_view_id":"2030",\r\n    "form_wrap_view_css_id":"",\r\n    "form_wrap_view_css_class":"",\r\n    "form_model_name":"Tags",\r\n    "form_model_type":"Table",\r\n    "form_model_query_object":"Item",\r\n\r\n    "enable_draft_save":"1",\r\n    "enable_version_history":"1",\r\n    "enable_retain_versions_after_delete":"1",\r\n    "enable_maximum_version_count":"5",\r\n    "enable_hit_counts":"1",\r\n    "enable_comments":"1",\r\n    "enable_spam_protection":"1",\r\n    "enable_ratings":"1",\r\n    "enable_notifications":"1",\r\n    "enable_tweets":"1",\r\n    "enable_ping":"1",\r\n\r\n    "cache":"0",\r\n    "cache_time":"15",\r\n    "cache_handler":"file",\r\n\r\n    "log_user_activity_create":"1",\r\n    "log_user_activity_read":"1",\r\n    "log_user_activity_update":"1",\r\n    "log_user_activity_delete":"1",\r\n\r\n    "log_catalog_update_activity":"1",\r\n    "log_catalog_view_activity":"1",\r\n\r\n    "asset_priority_site":"100",\r\n    "asset_priority_application":"200",\r\n    "asset_priority_user":"300",\r\n    "asset_priority_extension":"400",\r\n    "asset_priority_request":"500",\r\n    "asset_priority_category":"600",\r\n    "asset_priority_menu_item":"700",\r\n    "asset_priority_source":"800",\r\n    "asset_priority_theme":"900",\r\n\r\n    "image_xsmall":"50",\r\n    "image_small":"75",\r\n    "image_medium":"150",\r\n    "image_large":"300",\r\n    "image_xlarge":"500",\r\n    "image_folder":"Images",\r\n    "image_thumb_folder":"Thumbs",\r\n\r\n    "gravatar":"1",\r\n    "gravatar_size":"50",\r\n    "gravatar_type":"mm",\r\n    "gravatar_rating":"pg",\r\n    "gravatar_image":"1"\r\n}\r\n', NULL, 'en-GB', 0, 2),
(3, 3, 1050, 'Comments', 'Resource', '', '', 1, 0, 0, 1, '2012-07-01 12:00:00', '0000-00-00 00:00:00', 1, 0, 0, '2012-07-01 12:00:00', 0, '2012-07-01 12:00:00', 0, '0000-00-00 00:00:00', 0, '{}', '{\r\n    "criteria_title":"Categories",\r\n    "criteria_display_view_on_no_results":"0",\r\n    "criteria_snippet_length":"200",\r\n    "criteria_status":"",\r\n    "criteria_content_catalog_type_id":"",\r\n    "criteria_menuitem_catalog_type_id":"",\r\n    "criteria_content_extension_instance_id":"",\r\n    "criteria_menuitem_extension_instance_id":"",\r\n\r\n    "mustache":"0",\r\n\r\n    "list_theme_id":"9010",\r\n    "list_page_view_id":"220",\r\n    "list_page_view_css_id":"",\r\n    "list_page_view_css_class":"",\r\n    "list_template_view_id":"1050",\r\n    "list_template_view_css_id":"",\r\n    "list_template_view_css_class":"",\r\n    "list_wrap_view_id":"2030",\r\n    "list_wrap_view_css_id":"",\r\n    "list_wrap_view_css_class":"",\r\n    "list_model_name":"Comments",\r\n    "list_model_type":"Table",\r\n    "list_model_query_object":"List",\r\n    "list_model_ordering":"start_publishing_datetime",\r\n    "list_model_direction":"DESC",\r\n    "list_model_offset":"0",\r\n    "list_model_count":"5",\r\n\r\n    "list_select_archived_content":"1",\r\n    "list_select_featured_content":"1",\r\n    "list_select_stickied_content":"1",\r\n    "list_select_published_date_begin":"",\r\n    "list_select_published_date_end":"",\r\n    "list_select_category_list":"0",\r\n    "list_select_tag_list":"0",\r\n    "list_select_author_list":"0",\r\n\r\n    "parent_menuitem":"0",\r\n    "item_parent_menu_id":"0",\r\n\r\n    "item_theme_id":"9010",\r\n    "item_page_view_id":"200",\r\n    "item_page_view_css_id":"",\r\n    "item_page_view_css_class":"",\r\n    "item_template_view_id":"1210",\r\n    "item_template_view_css_id":"",\r\n    "item_template_view_css_class":"",\r\n    "item_wrap_view_id":"2030",\r\n    "item_wrap_view_css_id":"",\r\n    "item_wrap_view_css_class":"",\r\n    "item_model_name":"Comments",\r\n    "item_model_type":"Table",\r\n    "item_model_query_object":"Item",\r\n\r\n    "form_theme_id":"9010",\r\n    "form_page_view_id":"210",\r\n    "form_page_view_css_id":"",\r\n    "form_page_view_css_class":"",\r\n    "form_template_view_id":"1260",\r\n    "form_template_view_css_id":"",\r\n    "form_template_view_css_class":"",\r\n    "form_wrap_view_id":"2030",\r\n    "form_wrap_view_css_id":"",\r\n    "form_wrap_view_css_class":"",\r\n    "form_model_name":"Comments",\r\n    "form_model_type":"Table",\r\n    "form_model_query_object":"Item",\r\n\r\n    "enable_draft_save":"1",\r\n    "enable_version_history":"1",\r\n    "enable_retain_versions_after_delete":"1",\r\n    "enable_maximum_version_count":"5",\r\n    "enable_hit_counts":"1",\r\n    "enable_comments":"1",\r\n    "enable_spam_protection":"1",\r\n    "enable_ratings":"1",\r\n    "enable_notifications":"1",\r\n    "enable_tweets":"1",\r\n    "enable_ping":"1",\r\n\r\n    "cache":"0",\r\n    "cache_time":"15",\r\n    "cache_handler":"file",\r\n\r\n    "log_user_activity_create":"1",\r\n    "log_user_activity_read":"1",\r\n    "log_user_activity_update":"1",\r\n    "log_user_activity_delete":"1",\r\n\r\n    "log_catalog_update_activity":"1",\r\n    "log_catalog_view_activity":"1",\r\n\r\n    "asset_priority_site":"100",\r\n    "asset_priority_application":"200",\r\n    "asset_priority_user":"300",\r\n    "asset_priority_extension":"400",\r\n    "asset_priority_request":"500",\r\n    "asset_priority_category":"600",\r\n    "asset_priority_menu_item":"700",\r\n    "asset_priority_source":"800",\r\n    "asset_priority_theme":"900",\r\n\r\n    "image_xsmall":"50",\r\n    "image_small":"75",\r\n    "image_medium":"150",\r\n    "image_large":"300",\r\n    "image_xlarge":"500",\r\n    "image_folder":"Images",\r\n    "image_thumb_folder":"Thumbs",\r\n\r\n    "gravatar":"1",\r\n    "gravatar_size":"50",\r\n    "gravatar_type":"mm",\r\n    "gravatar_rating":"pg",\r\n    "gravatar_image":"1"\r\n}\r\n', NULL, 'en-GB', 0, 3),
(4, 4, 1050, 'Contacts', 'Resource', '', '', 1, 0, 0, 1, '2012-07-01 12:00:00', '0000-00-00 00:00:00', 1, 0, 0, '2012-07-01 12:00:00', 0, '2012-07-01 12:00:00', 0, '0000-00-00 00:00:00', 0, '{}', '{\r\n    "criteria_title":"Contacts",\r\n    "criteria_display_view_on_no_results":"0",\r\n    "criteria_snippet_length":"200",\r\n    "criteria_status":"",\r\n    "criteria_content_catalog_type_id":"",\r\n    "criteria_menuitem_catalog_type_id":"",\r\n    "criteria_content_extension_instance_id":"",\r\n    "criteria_menuitem_extension_instance_id":"",\r\n\r\n    "mustache":"0",\r\n\r\n    "list_theme_id":"9010",\r\n    "list_page_view_id":"220",\r\n    "list_page_view_css_id":"",\r\n    "list_page_view_css_class":"",\r\n    "list_template_view_id":"1050",\r\n    "list_template_view_css_id":"",\r\n    "list_template_view_css_class":"",\r\n    "list_wrap_view_id":"2030",\r\n    "list_wrap_view_css_id":"",\r\n    "list_wrap_view_css_class":"",\r\n    "list_model_name":"Contacts",\r\n    "list_model_type":"Table",\r\n    "list_model_query_object":"List",\r\n    "list_model_ordering":"start_publishing_datetime",\r\n    "list_model_direction":"DESC",\r\n    "list_model_offset":"0",\r\n    "list_model_count":"5",\r\n\r\n    "list_select_archived_content":"1",\r\n    "list_select_featured_content":"1",\r\n    "list_select_stickied_content":"1",\r\n    "list_select_published_date_begin":"",\r\n    "list_select_published_date_end":"",\r\n    "list_select_category_list":"0",\r\n    "list_select_tag_list":"0",\r\n    "list_select_author_list":"0",\r\n\r\n    "parent_menuitem":"0",\r\n    "item_parent_menu_id":"0",\r\n\r\n    "item_theme_id":"9010",\r\n    "item_page_view_id":"200",\r\n    "item_page_view_css_id":"",\r\n    "item_page_view_css_class":"",\r\n    "item_template_view_id":"1225",\r\n    "item_template_view_css_id":"",\r\n    "item_template_view_css_class":"",\r\n    "item_wrap_view_id":"2030",\r\n    "item_wrap_view_css_id":"",\r\n    "item_wrap_view_css_class":"",\r\n    "item_model_name":"Contacts",\r\n    "item_model_type":"Table",\r\n    "item_model_query_object":"Item",\r\n\r\n    "form_theme_id":"9010",\r\n    "form_page_view_id":"210",\r\n    "form_page_view_css_id":"",\r\n    "form_page_view_css_class":"",\r\n    "form_template_view_id":"1260",\r\n    "form_template_view_css_id":"",\r\n    "form_template_view_css_class":"",\r\n    "form_wrap_view_id":"2030",\r\n    "form_wrap_view_css_id":"",\r\n    "form_wrap_view_css_class":"",\r\n    "form_model_name":"Contacts",\r\n    "form_model_type":"Table",\r\n    "form_model_query_object":"Item",\r\n\r\n    "enable_draft_save":"1",\r\n    "enable_version_history":"1",\r\n    "enable_retain_versions_after_delete":"1",\r\n    "enable_maximum_version_count":"5",\r\n    "enable_hit_counts":"1",\r\n    "enable_comments":"1",\r\n    "enable_spam_protection":"1",\r\n    "enable_ratings":"1",\r\n    "enable_notifications":"1",\r\n    "enable_tweets":"1",\r\n    "enable_ping":"1",\r\n\r\n    "cache":"0",\r\n    "cache_time":"15",\r\n    "cache_handler":"file",\r\n\r\n    "log_user_activity_create":"1",\r\n    "log_user_activity_read":"1",\r\n    "log_user_activity_update":"1",\r\n    "log_user_activity_delete":"1",\r\n\r\n    "log_catalog_update_activity":"1",\r\n    "log_catalog_view_activity":"1",\r\n\r\n    "asset_priority_site":"100",\r\n    "asset_priority_application":"200",\r\n    "asset_priority_user":"300",\r\n    "asset_priority_extension":"400",\r\n    "asset_priority_request":"500",\r\n    "asset_priority_category":"600",\r\n    "asset_priority_menu_item":"700",\r\n    "asset_priority_source":"800",\r\n    "asset_priority_theme":"900",\r\n\r\n    "image_xsmall":"50",\r\n    "image_small":"75",\r\n    "image_medium":"150",\r\n    "image_large":"300",\r\n    "image_xlarge":"500",\r\n    "image_folder":"Images",\r\n    "image_thumb_folder":"Thumbs",\r\n\r\n    "gravatar":"1",\r\n    "gravatar_size":"50",\r\n    "gravatar_type":"mm",\r\n    "gravatar_rating":"pg",\r\n    "gravatar_image":"1"\r\n}\r\n', NULL, 'en-GB', 0, 4),
(5, 5, 1050, 'Groups', 'Resource', '', '', 1, 0, 0, 1, '2012-07-01 12:00:00', '0000-00-00 00:00:00', 1, 0, 0, '2012-07-01 12:00:00', 0, '2012-07-01 12:00:00', 0, '0000-00-00 00:00:00', 0, '{}', '{\r\n    "criteria_title":"Groups",\r\n    "criteria_display_view_on_no_results":"0",\r\n    "criteria_snippet_length":"200",\r\n    "criteria_status":"",\r\n    "criteria_content_catalog_type_id":"",\r\n    "criteria_menuitem_catalog_type_id":"",\r\n    "criteria_content_extension_instance_id":"",\r\n    "criteria_menuitem_extension_instance_id":"",\r\n\r\n    "mustache":"0",\r\n\r\n    "list_theme_id":"9010",\r\n    "list_page_view_id":"220",\r\n    "list_page_view_css_id":"",\r\n    "list_page_view_css_class":"",\r\n    "list_template_view_id":"1050",\r\n    "list_template_view_css_id":"",\r\n    "list_template_view_css_class":"",\r\n    "list_wrap_view_id":"2030",\r\n    "list_wrap_view_css_id":"",\r\n    "list_wrap_view_css_class":"",\r\n    "list_model_name":"Groups",\r\n    "list_model_type":"Table",\r\n    "list_model_query_object":"List",\r\n    "list_model_ordering":"start_publishing_datetime",\r\n    "list_model_direction":"DESC",\r\n    "list_model_offset":"0",\r\n    "list_model_count":"5",\r\n\r\n    "list_select_archived_content":"1",\r\n    "list_select_featured_content":"1",\r\n    "list_select_stickied_content":"1",\r\n    "list_select_published_date_begin":"",\r\n    "list_select_published_date_end":"",\r\n    "list_select_category_list":"0",\r\n    "list_select_tag_list":"0",\r\n    "list_select_author_list":"0",\r\n\r\n    "parent_menuitem":"0",\r\n    "item_parent_menu_id":"0",\r\n\r\n    "item_theme_id":"9010",\r\n    "item_page_view_id":"200",\r\n    "item_page_view_css_id":"",\r\n    "item_page_view_css_class":"",\r\n    "item_template_view_id":"1335",\r\n    "item_template_view_css_id":"",\r\n    "item_template_view_css_class":"",\r\n    "item_wrap_view_id":"2030",\r\n    "item_wrap_view_css_id":"",\r\n    "item_wrap_view_css_class":"",\r\n    "item_model_name":"Groups",\r\n    "item_model_type":"Table",\r\n    "item_model_query_object":"Item",\r\n\r\n    "form_theme_id":"9010",\r\n    "form_page_view_id":"210",\r\n    "form_page_view_css_id":"",\r\n    "form_page_view_css_class":"",\r\n    "form_template_view_id":"1260",\r\n    "form_template_view_css_id":"",\r\n    "form_template_view_css_class":"",\r\n    "form_wrap_view_id":"2030",\r\n    "form_wrap_view_css_id":"",\r\n    "form_wrap_view_css_class":"",\r\n    "form_model_name":"Groups",\r\n    "form_model_type":"Table",\r\n    "form_model_query_object":"Item",\r\n\r\n    "enable_draft_save":"1",\r\n    "enable_version_history":"1",\r\n    "enable_retain_versions_after_delete":"1",\r\n    "enable_maximum_version_count":"5",\r\n    "enable_hit_counts":"1",\r\n    "enable_comments":"1",\r\n    "enable_spam_protection":"1",\r\n    "enable_ratings":"1",\r\n    "enable_notifications":"1",\r\n    "enable_tweets":"1",\r\n    "enable_ping":"1",\r\n\r\n    "cache":"0",\r\n    "cache_time":"15",\r\n    "cache_handler":"file",\r\n\r\n    "log_user_activity_create":"1",\r\n    "log_user_activity_read":"1",\r\n    "log_user_activity_update":"1",\r\n    "log_user_activity_delete":"1",\r\n\r\n    "log_catalog_update_activity":"1",\r\n    "log_catalog_view_activity":"1",\r\n\r\n    "asset_priority_site":"100",\r\n    "asset_priority_application":"200",\r\n    "asset_priority_user":"300",\r\n    "asset_priority_extension":"400",\r\n    "asset_priority_request":"500",\r\n    "asset_priority_category":"600",\r\n    "asset_priority_menu_item":"700",\r\n    "asset_priority_source":"800",\r\n    "asset_priority_theme":"900",\r\n\r\n    "image_xsmall":"50",\r\n    "image_small":"75",\r\n    "image_medium":"150",\r\n    "image_large":"300",\r\n    "image_xlarge":"500",\r\n    "image_folder":"Images",\r\n    "image_thumb_folder":"Thumbs",\r\n\r\n    "gravatar":"1",\r\n    "gravatar_size":"50",\r\n    "gravatar_type":"mm",\r\n    "gravatar_rating":"pg",\r\n    "gravatar_image":"1"\r\n}\r\n', NULL, 'en-GB', 0, 5),
(6, 6, 1050, 'Media', 'Resource', '', '', 1, 0, 0, 1, '2012-07-01 12:00:00', '0000-00-00 00:00:00', 1, 0, 0, '2012-07-01 12:00:00', 0, '2012-07-01 12:00:00', 0, '0000-00-00 00:00:00', 0, '{}', '{"asset_priority_application":"200",\r\n    "asset_priority_category":"600",\r\n    "asset_priority_extension":"400",\r\n    "asset_priority_menu_item":"700",\r\n    "asset_priority_request":"500",\r\n    "asset_priority_site":"100",\r\n    "asset_priority_source":"800",\r\n    "asset_priority_theme":"900",\r\n    "asset_priority_user":"300",\r\n\r\n    "cache":"1",\r\n    "cache_handler":"file",\r\n    "cache_time":"15",\r\n\r\n    "criteria_display_view_on_no_results":"1",\r\n    "criteria_snippet_length":"200",\r\n    "criteria_title":"Media",\r\n    "content_catalog_type_id":"50000",\r\n\r\n    "enable_comments":"1",\r\n    "enable_draft_save":"1",\r\n    "enable_hit_counts":"1",\r\n    "enable_maximum_version_count":"5",\r\n    "enable_notifications":"1",\r\n    "enable_ping":"1",\r\n    "enable_ratings":"1",\r\n    "enable_retain_versions_after_delete":"1",\r\n    "enable_spam_protection":"1",\r\n    "enable_tweets":"1",\r\n    "enable_version_history":"1",\r\n\r\n    "form_model_name":"",\r\n    "form_model_query_object":"",\r\n    "form_model_type":"",\r\n    "form_page_view_css_class":"",\r\n    "form_page_view_css_id":"",\r\n    "form_page_view_id":"",\r\n    "form_template_view_css_class":"",\r\n    "form_template_view_css_id":"",\r\n    "form_template_view_id":"",\r\n    "form_theme_id":"98",\r\n    "form_wrap_view_css_class":"",\r\n    "form_wrap_view_css_id":"",\r\n    "form_wrap_view_id":"0",\r\n\r\n    "item_model_name":"Comments",\r\n    "item_model_query_object":"Item",\r\n    "item_model_type":"Table",\r\n    "item_page_view_css_class":"",\r\n    "item_page_view_css_id":"",\r\n    "item_page_view_id":"124",\r\n    "item_template_view_css_class":"",\r\n    "item_template_view_css_id":"",\r\n    "item_template_view_id":"236",\r\n    "item_theme_id":"98",\r\n    "item_wrap_view_css_class":"",\r\n    "item_wrap_view_css_id":"",\r\n    "item_wrap_view_id":"58",\r\n\r\n    "list_include_archived_content":"1",\r\n    "list_include_category_list":"",\r\n    "list_include_created_by_list":"",\r\n    "list_include_featured_content":"1",\r\n    "list_include_published_date_begin":"",\r\n    "list_include_published_date_end":"",\r\n    "list_include_stickied_content":"1",\r\n    "list_include_tag_list":"",\r\n    "list_length":"5",\r\n    "list_model_count":"5",\r\n    "list_model_direction":"",\r\n    "list_model_name":"",\r\n    "list_model_offset":"0",\r\n    "list_model_ordering":"",\r\n    "list_model_query_object":"",\r\n    "list_model_type":"",\r\n    "list_order_by_direction":"ASC",\r\n    "list_order_by_field":"a.start_publishing_datetime",\r\n    "list_page_view_css_class":"",\r\n    "list_page_view_css_id":"",\r\n    "list_page_view_id":"",\r\n    "list_template_view_css_class":"",\r\n    "list_template_view_css_id":"",\r\n    "list_template_view_id":"",\r\n    "list_theme_id":"98",\r\n    "list_wrap_view_css_class":"",\r\n    "list_wrap_view_css_id":"",\r\n    "list_wrap_view_id":"0",\r\n\r\n    "log_user_activity_create":"0",\r\n    "log_user_activity_delete":"1",\r\n    "log_user_activity_read":"1",\r\n    "log_user_activity_update":"1",\r\n\r\n    "menu_extension_instance_id":"",\r\n    "mustache":"0",\r\n    "parent_menuitem":""}\r\n', NULL, 'en-GB', 0, 6),
(100, 100, 1100, 'en-GB', 'Language', 'en-GB', '', 1, 0, 0, 1, '2012-07-01 12:00:00', '0000-00-00 00:00:00', 1, 0, 0, '2012-07-01 12:00:00', 0, '2012-07-01 12:00:00', 0, '0000-00-00 00:00:00', 0, '{}', '{\r\n    "1":{\r\n\r\n        "name":"English (United Kingdom)",\r\n        "tag":"en-GB",\r\n        "rtl":"0",\r\n        "locale":"en_GB.utf8, en_GB.UTF-8, en_GB, eng_GB, en, english, english-uk, uk, gbr, britain, england, great britain, uk, united kingdom, united-kingdom",\r\n        "first_day":"0",\r\n\r\n        "caching":"0",\r\n        "cache_time":"15",\r\n        "cache_handler":"file"\r\n    },    \r\n    "2":{\r\n        \r\n        "name":"English (United Kingdom)",\r\n        "tag":"en-GB",\r\n        "rtl":"0",\r\n        "locale":"en_GB.utf8, en_GB.UTF-8, en_GB, eng_GB, en, english, english-uk, uk, gbr, britain, england, great britain, uk, united kingdom, united-kingdom",\r\n        "first_day":"0",\r\n\r\n        "caching":"0",\r\n        "cache_time":"15",\r\n        "cache_handler":"file"\r\n    }\r\n}\r\n', NULL, 'en-GB', 0, 1),
(200, 200, 1150, 'Admin', 'Page', '', '', 1, 0, 0, 1, '2012-07-01 12:00:00', '0000-00-00 00:00:00', 1, 0, 0, '2012-07-01 12:00:00', 0, '2012-07-01 12:00:00', 0, '0000-00-00 00:00:00', 0, '{}', '\r\n{\r\n    "1":{\r\n        "criteria_display_view_on_no_results":"",\r\n        "criteria_snippet_length":"",\r\n        "criteria_extension_instance_id":"",\r\n        "criteria_catalog_type_id":"",\r\n\r\n        "cache":"",\r\n        "cache_time":"",\r\n        "cache_handler":""\r\n    },\r\n        \r\n    "2":{\r\n        "criteria_display_view_on_no_results":"",\r\n        "criteria_snippet_length":"",\r\n        "criteria_extension_instance_id":"",\r\n        "criteria_catalog_type_id":"",\r\n\r\n        "cache":"",\r\n        "cache_time":"",\r\n        "cache_handler":""\r\n    }\r\n}', NULL, 'en-GB', 0, 1),
(210, 210, 1150, 'Admineditor', 'Page', '', '', 1, 0, 0, 1, '2012-07-01 12:00:00', '0000-00-00 00:00:00', 1, 0, 0, '2012-07-01 12:00:00', 0, '2012-07-01 12:00:00', 0, '0000-00-00 00:00:00', 0, '{}', '        \r\n    "2":{\r\n        "criteria_display_view_on_no_results":"1",\r\n        "criteria_snippet_length":"200",\r\n        "criteria_extension_instance_id":"",\r\n        "criteria_catalog_type_id":"",\r\n\r\n        "cache":"",\r\n        "cache_time":"",\r\n        "cache_handler":""\r\n    }\r\n}', NULL, 'en-GB', 0, 2),
(220, 220, 1150, 'Admingrid', 'Page', '', '', 1, 0, 0, 1, '2012-07-01 12:00:00', '0000-00-00 00:00:00', 1, 0, 0, '2012-07-01 12:00:00', 0, '2012-07-01 12:00:00', 0, '0000-00-00 00:00:00', 0, '{}', '\r\n{\r\n    "1":{\r\n        "criteria_display_view_on_no_results":"",\r\n        "criteria_snippet_length":"",\r\n        "criteria_extension_instance_id":"",\r\n        "criteria_catalog_type_id":"",\r\n\r\n        "cache":"",\r\n        "cache_time":"",\r\n        "cache_handler":""\r\n    },\r\n        \r\n    "2":{\r\n        "criteria_display_view_on_no_results":"",\r\n        "criteria_snippet_length":"",\r\n        "criteria_extension_instance_id":"",\r\n        "criteria_catalog_type_id":"",\r\n\r\n        "cache":"",\r\n        "cache_time":"",\r\n        "cache_handler":""\r\n    }\r\n}', NULL, 'en-GB', 0, 3),
(230, 230, 1150, 'Default', 'Page', '', '', 1, 0, 0, 1, '2012-07-01 12:00:00', '0000-00-00 00:00:00', 1, 0, 0, '2012-07-01 12:00:00', 0, '2012-07-01 12:00:00', 0, '0000-00-00 00:00:00', 0, '{}', '\r\n{\r\n    "1":{\r\n        "criteria_display_view_on_no_results":"",\r\n        "criteria_snippet_length":"",\r\n        "criteria_extension_instance_id":"",\r\n        "criteria_catalog_type_id":"",\r\n\r\n        "cache":"",\r\n        "cache_time":"",\r\n        "cache_handler":""\r\n    },\r\n        \r\n    "2":{\r\n        "criteria_display_view_on_no_results":"",\r\n        "criteria_snippet_length":"",\r\n        "criteria_extension_instance_id":"",\r\n        "criteria_catalog_type_id":"",\r\n\r\n        "cache":"",\r\n        "cache_time":"",\r\n        "cache_handler":""\r\n    }\r\n}', NULL, 'en-GB', 0, 4),
(240, 240, 1150, 'Logon', 'Page', '', '', 1, 0, 0, 1, '2012-07-01 12:00:00', '0000-00-00 00:00:00', 1, 0, 0, '2012-07-01 12:00:00', 0, '2012-07-01 12:00:00', 0, '0000-00-00 00:00:00', 0, '{}', '\r\n{\r\n    "1":{\r\n        "criteria_display_view_on_no_results":"",\r\n        "criteria_snippet_length":"",\r\n        "criteria_extension_instance_id":"",\r\n        "criteria_catalog_type_id":"",\r\n\r\n        "cache":"",\r\n        "cache_time":"",\r\n        "cache_handler":""\r\n    },\r\n        \r\n    "2":{\r\n        "criteria_display_view_on_no_results":"",\r\n        "criteria_snippet_length":"",\r\n        "criteria_extension_instance_id":"",\r\n        "criteria_catalog_type_id":"",\r\n\r\n        "cache":"",\r\n        "cache_time":"",\r\n        "cache_handler":""\r\n    }\r\n}', NULL, 'en-GB', 0, 5),
(250, 250, 1150, 'Systemerrors', 'Page', '', '', 1, 0, 0, 1, '2012-07-01 12:00:00', '0000-00-00 00:00:00', 1, 0, 0, '2012-07-01 12:00:00', 0, '2012-07-01 12:00:00', 0, '0000-00-00 00:00:00', 0, '{}', '\r\n{\r\n    "1":{\r\n        "criteria_display_view_on_no_results":"",\r\n        "criteria_snippet_length":"",\r\n        "criteria_extension_instance_id":"",\r\n        "criteria_catalog_type_id":"",\r\n\r\n        "cache":"",\r\n        "cache_time":"",\r\n        "cache_handler":""\r\n    },\r\n        \r\n    "2":{\r\n        "criteria_display_view_on_no_results":"",\r\n        "criteria_snippet_length":"",\r\n        "criteria_extension_instance_id":"",\r\n        "criteria_catalog_type_id":"",\r\n\r\n        "cache":"",\r\n        "cache_time":"",\r\n        "cache_handler":""\r\n    }\r\n}', NULL, 'en-GB', 0, 6),
(260, 260, 1150, 'Systemoffline', 'Page', '', '', 1, 0, 0, 1, '2012-07-01 12:00:00', '0000-00-00 00:00:00', 1, 0, 0, '2012-07-01 12:00:00', 0, '2012-07-01 12:00:00', 0, '0000-00-00 00:00:00', 0, '{}', '\r\n{\r\n    "1":{\r\n        "criteria_display_view_on_no_results":"",\r\n        "criteria_snippet_length":"",\r\n        "criteria_extension_instance_id":"",\r\n        "criteria_catalog_type_id":"",\r\n\r\n        "cache":"",\r\n        "cache_time":"",\r\n        "cache_handler":""\r\n    },\r\n        \r\n    "2":{\r\n        "criteria_display_view_on_no_results":"",\r\n        "criteria_snippet_length":"",\r\n        "criteria_extension_instance_id":"",\r\n        "criteria_catalog_type_id":"",\r\n\r\n        "cache":"",\r\n        "cache_time":"",\r\n        "cache_handler":""\r\n    }\r\n}', NULL, 'en-GB', 0, 7),
(1000, 1000, 1200, 'Accesscontrol', 'Template', '', '', 1, 0, 0, 1, '2012-07-01 12:00:00', '0000-00-00 00:00:00', 1, 0, 0, '2012-07-01 12:00:00', 0, '2012-07-01 12:00:00', 0, '0000-00-00 00:00:00', 0, '{}', '{  \r\n    "2":{\r\n        "criteria_title":"Dashboard",\r\n        "criteria_display_view_on_no_results":"1",\r\n        "criteria_snippet_length":"",\r\n\r\n        "template_view_css_id":"",\r\n        "template_view_css_class":"",\r\n\r\n        "wrap_view_id":"",\r\n        "wrap_view_css_id":"",\r\n        "wrap_view_css_class":"",\r\n \r\n        "model_name":"Parameters",\r\n        "model_type":"",\r\n        "model_query_object":"",\r\n        \r\n        "cache":"",\r\n        "cache_time":"",\r\n        "cache_handler":""\r\n    }\r\n}\r\n', NULL, 'en-GB', 0, 1),
(1010, 1010, 1200, 'Admincollectionmenu', 'Template', '', '', 1, 0, 0, 1, '2012-07-01 12:00:00', '0000-00-00 00:00:00', 1, 0, 0, '2012-07-01 12:00:00', 0, '2012-07-01 12:00:00', 0, '0000-00-00 00:00:00', 0, '{}', '{  \r\n    "2":{\r\n        "criteria_title":"Dashboard",\r\n        "criteria_display_view_on_no_results":"1",\r\n        "criteria_snippet_length":"",\r\n\r\n        "template_view_css_id":"",\r\n        "template_view_css_class":"",\r\n\r\n        "wrap_view_id":"",\r\n        "wrap_view_css_id":"",\r\n        "wrap_view_css_class":"",\r\n \r\n        "model_name":"Parameters",\r\n        "model_type":"",\r\n        "model_query_object":"",\r\n        \r\n        "cache":"",\r\n        "cache_time":"",\r\n        "cache_handler":""\r\n    }\r\n}\r\n', NULL, 'en-GB', 0, 2),
(1030, 1030, 1200, 'Admindashboard', 'Template', '', '', 1, 0, 0, 1, '2012-07-01 12:00:00', '0000-00-00 00:00:00', 1, 0, 0, '2012-07-01 12:00:00', 0, '2012-07-01 12:00:00', 0, '0000-00-00 00:00:00', 0, '{}', '{  \r\n    "2":{\r\n        "criteria_title":"Dashboard",\r\n        "criteria_display_view_on_no_results":"1",\r\n        "criteria_snippet_length":"",\r\n\r\n        "template_view_css_id":"",\r\n        "template_view_css_class":"",\r\n\r\n        "wrap_view_id":"",\r\n        "wrap_view_css_id":"",\r\n        "wrap_view_css_class":"",\r\n \r\n        "model_name":"Parameters",\r\n        "model_type":"",\r\n        "model_query_object":"",\r\n        \r\n        "cache":"",\r\n        "cache_time":"",\r\n        "cache_handler":""\r\n    }\r\n}\r\n', NULL, 'en-GB', 0, 3),
(1040, 1040, 1200, 'Adminfooter', 'Template', '', '', 1, 0, 0, 1, '2012-07-01 12:00:00', '0000-00-00 00:00:00', 1, 0, 0, '2012-07-01 12:00:00', 0, '2012-07-01 12:00:00', 0, '0000-00-00 00:00:00', 0, '{}', '{  \r\n    "2":{\r\n        "criteria_title":"Adminfooter",\r\n        "criteria_display_view_on_no_results":"1",\r\n        "criteria_snippet_length":"",\r\n\r\n        "template_view_css_id":"",\r\n        "template_view_css_class":"",\r\n\r\n        "wrap_view_id":"",\r\n        "wrap_view_css_id":"",\r\n        "wrap_view_css_class":"",\r\n \r\n        "model_name":"Parameters",\r\n        "model_type":"dbo",\r\n        "model_query_object":"getParameters",\r\n        "model_parameter":"",\r\n        \r\n        "cache":"",\r\n        "cache_time":"",\r\n        "cache_handler":"",\r\n\r\n        "copyright_holder":"University of Nebraska ",\r\n        "copyright_first_year":"2012",\r\n        "link":"http://unl.edu",\r\n        "linked_text":"at Lincoln",\r\n        "remaining_text":""\r\n    }\r\n}', NULL, 'en-GB', 0, 4),
(1050, 1050, 1200, 'Admingrid', 'Template', '', '', 1, 0, 0, 1, '2012-07-01 12:00:00', '0000-00-00 00:00:00', 1, 0, 0, '2012-07-01 12:00:00', 0, '2012-07-01 12:00:00', 0, '0000-00-00 00:00:00', 0, '{}', '{  \r\n    "2":{\r\n        "criteria_title":"Admingrid",\r\n        "criteria_display_view_on_no_results":"1",\r\n        "criteria_snippet_length":"",\r\n\r\n        "template_view_css_id":"",\r\n        "template_view_css_class":"",\r\n\r\n        "wrap_view_id":"",\r\n        "wrap_view_css_id":"",\r\n        "wrap_view_css_class":"",\r\n\r\n \r\n        "model_name":"Triggerdata",\r\n        "model_type":"dbo",\r\n        "model_query_object":"getTriggerdata",\r\n        "model_parameter":"GridQueryResults",\r\n        \r\n        "cache":"",\r\n        "cache_time":"",\r\n        "cache_handler":""\r\n    }\r\n}', NULL, 'en-GB', 0, 5),
(1060, 1060, 1200, 'Admingridbatch', 'Template', '', '', 1, 0, 0, 1, '2012-07-01 12:00:00', '0000-00-00 00:00:00', 1, 0, 0, '2012-07-01 12:00:00', 0, '2012-07-01 12:00:00', 0, '0000-00-00 00:00:00', 0, '{}', '{  \r\n    "2":{\r\n        "criteria_title":"Admingridbatch",\r\n        "criteria_display_view_on_no_results":"1",\r\n        "criteria_snippet_length":"",\r\n\r\n        "template_view_css_id":"",\r\n        "template_view_css_class":"",\r\n\r\n        "wrap_view_id":"",\r\n        "wrap_view_css_id":"",\r\n        "wrap_view_css_class":"",\r\n \r\n        "model_name":"Triggerdata",\r\n        "model_type":"dbo",\r\n        "model_query_object":"getTriggerdata",\r\n        "model_parameter":"Admingridbatch",\r\n        \r\n        "cache":"",\r\n        "cache_time":"",\r\n        "cache_handler":""\r\n    }\r\n}', NULL, 'en-GB', 0, 6),
(1070, 1070, 1200, 'Admingridfilters', 'Template', '', '', 1, 0, 0, 1, '2012-07-01 12:00:00', '0000-00-00 00:00:00', 1, 0, 0, '2012-07-01 12:00:00', 0, '2012-07-01 12:00:00', 0, '0000-00-00 00:00:00', 0, '{}', '{  \r\n    "2":{\r\n        "criteria_title":"Admingridfilters",\r\n        "criteria_display_view_on_no_results":"1",\r\n        "criteria_snippet_length":"",\r\n\r\n        "template_view_css_id":"",\r\n        "template_view_css_class":"",\r\n\r\n        "wrap_view_id":"",\r\n        "wrap_view_css_id":"",\r\n        "wrap_view_css_class":"",\r\n \r\n        "model_name":"Triggerdata",\r\n        "model_type":"dbo",\r\n        "model_query_object":"getTriggerdata",\r\n        "model_parameter":"GridFilters*",\r\n        \r\n        "cache":"",\r\n        "cache_time":"",\r\n        "cache_handler":""\r\n    }\r\n}', NULL, 'en-GB', 0, 7),
(1080, 1080, 1200, 'Admingridpagination', 'Template', '', '', 1, 0, 0, 1, '2012-07-01 12:00:00', '0000-00-00 00:00:00', 1, 0, 0, '2012-07-01 12:00:00', 0, '2012-07-01 12:00:00', 0, '0000-00-00 00:00:00', 0, '{}', '{  \r\n    "2":{\r\n        "criteria_title":"Admingridpagination",\r\n        "criteria_display_view_on_no_results":"1",\r\n        "criteria_snippet_length":"",\r\n\r\n        "template_view_css_id":"",\r\n        "template_view_css_class":"",\r\n\r\n        "wrap_view_id":"",\r\n        "wrap_view_css_id":"",\r\n        "wrap_view_css_class":"",\r\n \r\n        "model_name":"Triggerdata",\r\n        "model_type":"dbo",\r\n        "model_query_object":"getTriggerdata",\r\n        "model_parameter":"GridPagination",\r\n        \r\n        "cache":"",\r\n        "cache_time":"",\r\n        "cache_handler":""\r\n    }\r\n}', NULL, 'en-GB', 0, 8),
(1090, 1090, 1200, 'Adminheader', 'Template', '', '', 1, 0, 0, 1, '2012-07-01 12:00:00', '0000-00-00 00:00:00', 1, 0, 0, '2012-07-01 12:00:00', 0, '2012-07-01 12:00:00', 0, '0000-00-00 00:00:00', 0, '{}', '{  \r\n    "2":{\r\n        "criteria_title":"UNL IDS",\r\n        "criteria_display_view_on_no_results":"1",\r\n        "criteria_snippet_length":"",\r\n\r\n        "template_view_css_id":"",\r\n        "template_view_css_class":"",\r\n\r\n        "wrap_view_id":"",\r\n        "wrap_view_css_id":"",\r\n        "wrap_view_css_class":"",\r\n \r\n        "model_name":"Parameters",\r\n        "model_type":"dbo",\r\n        "model_query_object":"getParameters",\r\n        "model_parameter":"",\r\n         \r\n        "cache":"",\r\n        "cache_time":"",\r\n        "cache_handler":""\r\n    }\r\n}', NULL, 'en-GB', 0, 9),
(1100, 1100, 1200, 'Adminnavigationbar', 'Template', '', '', 1, 0, 0, 1, '2012-07-01 12:00:00', '0000-00-00 00:00:00', 1, 0, 0, '2012-07-01 12:00:00', 0, '2012-07-01 12:00:00', 0, '0000-00-00 00:00:00', 0, '{}', '{  \r\n    "2":{\r\n        "criteria_title":"Adminnavigationbar",\r\n        "criteria_display_view_on_no_results":"1",\r\n        "criteria_snippet_length":"",\r\n\r\n        "template_view_css_id":"",\r\n        "template_view_css_class":"glyph general",\r\n\r\n        "wrap_view_id":"",\r\n        "wrap_view_css_id":"",\r\n        "wrap_view_css_class":"",\r\n \r\n        "model_name":"Triggerdata",\r\n        "model_type":"",\r\n        "model_query_object":"",\r\n        "model_parameter":"Adminnavigationbar",\r\n        \r\n        "cache":"",\r\n        "cache_time":"",\r\n        "cache_handler":""\r\n    }\r\n}', NULL, 'en-GB', 0, 10),
(1105, 1105, 1200, 'Adminresourcemenu', 'Template', '', '', 1, 0, 0, 1, '2012-07-01 12:00:00', '0000-00-00 00:00:00', 1, 0, 0, '2012-07-01 12:00:00', 0, '2012-07-01 12:00:00', 0, '0000-00-00 00:00:00', 0, '{}', '{  \r\n    "2":{\r\n        "criteria_title":"Dashboard",\r\n        "criteria_display_view_on_no_results":"1",\r\n        "criteria_snippet_length":"",\r\n\r\n        "template_view_css_id":"",\r\n        "template_view_css_class":"",\r\n\r\n        "wrap_view_id":"",\r\n        "wrap_view_css_id":"",\r\n        "wrap_view_css_class":"",\r\n \r\n        "model_name":"Parameters",\r\n        "model_type":"",\r\n        "model_query_object":"",\r\n        \r\n        "cache":"",\r\n        "cache_time":"",\r\n        "cache_handler":""\r\n    }\r\n}\r\n', NULL, 'en-GB', 0, 11),
(1110, 1110, 1200, 'Adminsectionmenu', 'Template', '', '', 1, 0, 0, 1, '2012-07-01 12:00:00', '0000-00-00 00:00:00', 1, 0, 0, '2012-07-01 12:00:00', 0, '2012-07-01 12:00:00', 0, '0000-00-00 00:00:00', 0, '{}', '{  \r\n    "2":{\r\n        "criteria_title":"Adminsectionmenu",\r\n        "criteria_display_view_on_no_results":"1",\r\n        "criteria_snippet_length":"",\r\n\r\n        "template_view_css_id":"",\r\n        "template_view_css_class":"",\r\n\r\n        "wrap_view_id":"",\r\n        "wrap_view_css_id":"",\r\n        "wrap_view_css_class":"",\r\n \r\n        "model_name":"Triggerdata",\r\n        "model_type":"",\r\n        "model_query_object":"",\r\n        "model_parameter":"Adminsectionmenu",\r\n        \r\n        "cache":"",\r\n        "cache_time":"",\r\n        "cache_handler":""\r\n    }\r\n}', NULL, 'en-GB', 0, 12),
(1120, 1120, 1200, 'Admintoolbar', 'Template', '', '', 1, 0, 0, 1, '2012-07-01 12:00:00', '0000-00-00 00:00:00', 1, 0, 0, '2012-07-01 12:00:00', 0, '2012-07-01 12:00:00', 0, '0000-00-00 00:00:00', 0, '{}', '{  \r\n    "2":{\r\n        "criteria_title":"Admintoolbar",\r\n        "criteria_display_view_on_no_results":"1",\r\n        "criteria_snippet_length":"",\r\n\r\n        "template_view_css_id":"",\r\n        "template_view_css_class":"",\r\n\r\n        "wrap_view_id":"",\r\n        "wrap_view_css_id":"",\r\n        "wrap_view_css_class":"",\r\n \r\n        "model_name":"Triggerdata",\r\n        "model_type":"dbo",\r\n        "model_query_object":"getTriggerdata",\r\n        "model_parameter":"AdminToolbar",\r\n        \r\n        "cache":"",\r\n        "cache_time":"",\r\n        "cache_handler":""\r\n    }\r\n}', NULL, 'en-GB', 0, 13),
(1130, 1130, 1200, 'Article', 'Template', '', '', 1, 0, 0, 1, '2012-07-01 12:00:00', '0000-00-00 00:00:00', 1, 0, 0, '2012-07-01 12:00:00', 0, '2012-07-01 12:00:00', 0, '0000-00-00 00:00:00', 0, '', '\r\n{\r\n    "1":{\r\n        "criteria_display_view_on_no_results":"",\r\n        "criteria_snippet_length":"",\r\n        "criteria_extension_instance_id":"",\r\n        "criteria_catalog_type_id":"",\r\n\r\n        "cache":"",\r\n        "cache_time":"",\r\n        "cache_handler":""\r\n    },\r\n        \r\n    "2":{\r\n        "criteria_display_view_on_no_results":"",\r\n        "criteria_snippet_length":"",\r\n        "criteria_extension_instance_id":"",\r\n        "criteria_catalog_type_id":"",\r\n\r\n        "cache":"",\r\n        "cache_time":"",\r\n        "cache_handler":""\r\n    }\r\n}', NULL, 'en-GB', 0, 14),
(1140, 1140, 1200, 'Assetscss', 'Template', '', '', 1, 0, 0, 1, '2012-07-01 12:00:00', '0000-00-00 00:00:00', 1, 0, 0, '2012-07-01 12:00:00', 0, '2012-07-01 12:00:00', 0, '0000-00-00 00:00:00', 0, '{}', '\r\n{\r\n    "1":{\r\n        "criteria_display_view_on_no_results":"",\r\n        "criteria_snippet_length":"",\r\n        "criteria_extension_instance_id":"",\r\n        "criteria_catalog_type_id":"",\r\n\r\n        "cache":"",\r\n        "cache_time":"",\r\n        "cache_handler":""\r\n    },\r\n        \r\n    "2":{\r\n        "criteria_display_view_on_no_results":"",\r\n        "criteria_snippet_length":"",\r\n        "criteria_extension_instance_id":"",\r\n        "criteria_catalog_type_id":"",\r\n\r\n        "cache":"",\r\n        "cache_time":"",\r\n        "cache_handler":""\r\n    }\r\n}', NULL, 'en-GB', 0, 15),
(1150, 1150, 1200, 'Assetscssdeclarations', 'Template', '', '', 1, 0, 0, 1, '2012-07-01 12:00:00', '0000-00-00 00:00:00', 1, 0, 0, '2012-07-01 12:00:00', 0, '2012-07-01 12:00:00', 0, '0000-00-00 00:00:00', 0, '{}', '\r\n{\r\n    "1":{\r\n        "criteria_display_view_on_no_results":"",\r\n        "criteria_snippet_length":"",\r\n        "criteria_extension_instance_id":"",\r\n        "criteria_catalog_type_id":"",\r\n\r\n        "cache":"",\r\n        "cache_time":"",\r\n        "cache_handler":""\r\n    },\r\n        \r\n    "2":{\r\n        "criteria_display_view_on_no_results":"",\r\n        "criteria_snippet_length":"",\r\n        "criteria_extension_instance_id":"",\r\n        "criteria_catalog_type_id":"",\r\n\r\n        "cache":"",\r\n        "cache_time":"",\r\n        "cache_handler":""\r\n    }\r\n}', NULL, 'en-GB', 0, 16),
(1160, 1160, 1200, 'Assetsjs', 'Template', '', '', 1, 0, 0, 1, '2012-07-01 12:00:00', '0000-00-00 00:00:00', 1, 0, 0, '2012-07-01 12:00:00', 0, '2012-07-01 12:00:00', 0, '0000-00-00 00:00:00', 0, '{}', '\r\n{\r\n    "1":{\r\n        "criteria_display_view_on_no_results":"",\r\n        "criteria_snippet_length":"",\r\n        "criteria_extension_instance_id":"",\r\n        "criteria_catalog_type_id":"",\r\n\r\n        "cache":"",\r\n        "cache_time":"",\r\n        "cache_handler":""\r\n    },\r\n        \r\n    "2":{\r\n        "criteria_display_view_on_no_results":"",\r\n        "criteria_snippet_length":"",\r\n        "criteria_extension_instance_id":"",\r\n        "criteria_catalog_type_id":"",\r\n\r\n        "cache":"",\r\n        "cache_time":"",\r\n        "cache_handler":""\r\n    }\r\n}', NULL, 'en-GB', 0, 17),
(1170, 1170, 1200, 'Assetsjsdeclarations', 'Template', '', '', 1, 0, 0, 1, '2012-07-01 12:00:00', '0000-00-00 00:00:00', 1, 0, 0, '2012-07-01 12:00:00', 0, '2012-07-01 12:00:00', 0, '0000-00-00 00:00:00', 0, '{}', '\r\n{\r\n    "1":{\r\n        "criteria_display_view_on_no_results":"",\r\n        "criteria_snippet_length":"",\r\n        "criteria_extension_instance_id":"",\r\n        "criteria_catalog_type_id":"",\r\n\r\n        "cache":"",\r\n        "cache_time":"",\r\n        "cache_handler":""\r\n    },\r\n        \r\n    "2":{\r\n        "criteria_display_view_on_no_results":"",\r\n        "criteria_snippet_length":"",\r\n        "criteria_extension_instance_id":"",\r\n        "criteria_catalog_type_id":"",\r\n\r\n        "cache":"",\r\n        "cache_time":"",\r\n        "cache_handler":""\r\n    }\r\n}', NULL, 'en-GB', 0, 18),
(1180, 1180, 1200, 'Assetslinks', 'Template', '', '', 1, 0, 0, 1, '2012-07-01 12:00:00', '0000-00-00 00:00:00', 1, 0, 0, '2012-07-01 12:00:00', 0, '2012-07-01 12:00:00', 0, '0000-00-00 00:00:00', 0, '{}', '\r\n{\r\n    "1":{\r\n        "criteria_display_view_on_no_results":"",\r\n        "criteria_snippet_length":"",\r\n        "criteria_extension_instance_id":"",\r\n        "criteria_catalog_type_id":"",\r\n\r\n        "cache":"",\r\n        "cache_time":"",\r\n        "cache_handler":""\r\n    },\r\n        \r\n    "2":{\r\n        "criteria_display_view_on_no_results":"",\r\n        "criteria_snippet_length":"",\r\n        "criteria_extension_instance_id":"",\r\n        "criteria_catalog_type_id":"",\r\n\r\n        "cache":"",\r\n        "cache_time":"",\r\n        "cache_handler":""\r\n    }\r\n}', NULL, 'en-GB', 0, 19),
(1190, 1190, 1200, 'Author', 'Template', '', '', 1, 0, 0, 1, '2012-07-01 12:00:00', '0000-00-00 00:00:00', 1, 0, 0, '2012-07-01 12:00:00', 0, '2012-07-01 12:00:00', 0, '0000-00-00 00:00:00', 0, '{}', '\r\n{\r\n    "1":{\r\n        "criteria_display_view_on_no_results":"",\r\n        "criteria_snippet_length":"",\r\n        "criteria_extension_instance_id":"",\r\n        "criteria_catalog_type_id":"",\r\n\r\n        "cache":"",\r\n        "cache_time":"",\r\n        "cache_handler":""\r\n    },\r\n        \r\n    "2":{\r\n        "criteria_display_view_on_no_results":"",\r\n        "criteria_snippet_length":"",\r\n        "criteria_extension_instance_id":"",\r\n        "criteria_catalog_type_id":"",\r\n\r\n        "cache":"",\r\n        "cache_time":"",\r\n        "cache_handler":""\r\n    }\r\n}', NULL, 'en-GB', 0, 20),
(1200, 1200, 1200, 'Blog', 'Template', '', '', 1, 0, 0, 1, '2012-07-01 12:00:00', '0000-00-00 00:00:00', 1, 0, 0, '2012-07-01 12:00:00', 0, '2012-07-01 12:00:00', 0, '0000-00-00 00:00:00', 0, '{}', '\r\n{\r\n    "1":{\r\n        "criteria_display_view_on_no_results":"",\r\n        "criteria_snippet_length":"",\r\n        "criteria_extension_instance_id":"",\r\n        "criteria_catalog_type_id":"",\r\n\r\n        "cache":"",\r\n        "cache_time":"",\r\n        "cache_handler":""\r\n    },\r\n        \r\n    "2":{\r\n        "criteria_display_view_on_no_results":"",\r\n        "criteria_snippet_length":"",\r\n        "criteria_extension_instance_id":"",\r\n        "criteria_catalog_type_id":"",\r\n\r\n        "cache":"",\r\n        "cache_time":"",\r\n        "cache_handler":""\r\n    }\r\n}', NULL, 'en-GB', 0, 21),
(1205, 1205, 1200, 'Category', 'Template', '', '', 1, 0, 0, 1, '2012-07-01 12:00:00', '0000-00-00 00:00:00', 1, 0, 0, '2012-07-01 12:00:00', 0, '2012-07-01 12:00:00', 0, '0000-00-00 00:00:00', 0, '', '\r\n{\r\n    "1":{\r\n        "criteria_display_view_on_no_results":"",\r\n        "criteria_snippet_length":"",\r\n        "criteria_extension_instance_id":"",\r\n        "criteria_catalog_type_id":"",\r\n\r\n        "cache":"",\r\n        "cache_time":"",\r\n        "cache_handler":""\r\n    },\r\n        \r\n    "2":{\r\n        "criteria_display_view_on_no_results":"",\r\n        "criteria_snippet_length":"",\r\n        "criteria_extension_instance_id":"",\r\n        "criteria_catalog_type_id":"",\r\n\r\n        "cache":"",\r\n        "cache_time":"",\r\n        "cache_handler":""\r\n    }\r\n}', NULL, 'en-GB', 0, 22);
INSERT INTO `molajo_extension_instances` (`id`, `extension_id`, `catalog_type_id`, `title`, `subtitle`, `alias`, `content_text`, `protected`, `featured`, `stickied`, `status`, `start_publishing_datetime`, `stop_publishing_datetime`, `version`, `version_of_id`, `status_prior_to_version`, `created_datetime`, `created_by`, `modified_datetime`, `modified_by`, `checked_out_datetime`, `checked_out_by`, `customfields`, `parameters`, `metadata`, `language`, `translation_of_id`, `ordering`) VALUES
(1210, 1210, 1200, 'Comments', 'templates', '', '', 1, 0, 0, 1, '2012-07-01 12:00:00', '0000-00-00 00:00:00', 1, 0, 0, '2012-07-01 12:00:00', 0, '2012-07-01 12:00:00', 0, '0000-00-00 00:00:00', 0, '{}', '\r\n{\r\n    "1":{\r\n        "criteria_display_view_on_no_results":"",\r\n        "criteria_snippet_length":"",\r\n        "criteria_extension_instance_id":"",\r\n        "criteria_catalog_type_id":"",\r\n\r\n        "cache":"",\r\n        "cache_time":"",\r\n        "cache_handler":""\r\n    },\r\n        \r\n    "2":{\r\n        "criteria_display_view_on_no_results":"",\r\n        "criteria_snippet_length":"",\r\n        "criteria_extension_instance_id":"",\r\n        "criteria_catalog_type_id":"",\r\n\r\n        "cache":"",\r\n        "cache_time":"",\r\n        "cache_handler":""\r\n    }\r\n}', NULL, 'en-GB', 0, 23),
(1220, 1220, 1200, 'Contactform', 'Template', '', '', 1, 0, 0, 1, '2012-07-01 12:00:00', '0000-00-00 00:00:00', 1, 0, 0, '2012-07-01 12:00:00', 0, '2012-07-01 12:00:00', 0, '0000-00-00 00:00:00', 0, '{}', '\r\n{\r\n    "1":{\r\n        "criteria_display_view_on_no_results":"",\r\n        "criteria_snippet_length":"",\r\n        "criteria_extension_instance_id":"",\r\n        "criteria_catalog_type_id":"",\r\n\r\n        "cache":"",\r\n        "cache_time":"",\r\n        "cache_handler":""\r\n    },\r\n        \r\n    "2":{\r\n        "criteria_display_view_on_no_results":"",\r\n        "criteria_snippet_length":"",\r\n        "criteria_extension_instance_id":"",\r\n        "criteria_catalog_type_id":"",\r\n\r\n        "cache":"",\r\n        "cache_time":"",\r\n        "cache_handler":""\r\n    }\r\n}', NULL, 'en-GB', 0, 24),
(1225, 1225, 1200, 'Contacts', 'templates', '', '', 1, 0, 0, 1, '2012-07-01 12:00:00', '0000-00-00 00:00:00', 1, 0, 0, '2012-07-01 12:00:00', 0, '2012-07-01 12:00:00', 0, '0000-00-00 00:00:00', 0, '{}', '\r\n{\r\n    "1":{\r\n        "criteria_display_view_on_no_results":"",\r\n        "criteria_snippet_length":"",\r\n        "criteria_extension_instance_id":"",\r\n        "criteria_catalog_type_id":"",\r\n\r\n        "cache":"",\r\n        "cache_time":"",\r\n        "cache_handler":""\r\n    },\r\n        \r\n    "2":{\r\n        "criteria_display_view_on_no_results":"",\r\n        "criteria_snippet_length":"",\r\n        "criteria_extension_instance_id":"",\r\n        "criteria_catalog_type_id":"",\r\n\r\n        "cache":"",\r\n        "cache_time":"",\r\n        "cache_handler":""\r\n    }\r\n}', NULL, 'en-GB', 0, 25),
(1230, 1230, 1200, 'Default', 'Template', '', '', 1, 0, 0, 1, '2012-07-01 12:00:00', '0000-00-00 00:00:00', 1, 0, 0, '2012-07-01 12:00:00', 0, '2012-07-01 12:00:00', 0, '0000-00-00 00:00:00', 0, '{}', '\r\n{\r\n    "1":{\r\n        "criteria_display_view_on_no_results":"",\r\n        "criteria_snippet_length":"",\r\n        "criteria_extension_instance_id":"",\r\n        "criteria_catalog_type_id":"",\r\n\r\n        "cache":"",\r\n        "cache_time":"",\r\n        "cache_handler":""\r\n    },\r\n        \r\n    "2":{\r\n        "criteria_display_view_on_no_results":"",\r\n        "criteria_snippet_length":"",\r\n        "criteria_extension_instance_id":"",\r\n        "criteria_catalog_type_id":"",\r\n\r\n        "cache":"",\r\n        "cache_time":"",\r\n        "cache_handler":""\r\n    }\r\n}', NULL, 'en-GB', 0, 26),
(1240, 1240, 1200, 'Defer', 'Template', '', '', 1, 0, 0, 1, '2012-07-01 12:00:00', '0000-00-00 00:00:00', 1, 0, 0, '2012-07-01 12:00:00', 0, '2012-07-01 12:00:00', 0, '0000-00-00 00:00:00', 0, '{}', '\r\n{\r\n    "1":{\r\n        "criteria_display_view_on_no_results":"",\r\n        "criteria_snippet_length":"",\r\n        "criteria_extension_instance_id":"",\r\n        "criteria_catalog_type_id":"",\r\n\r\n        "cache":"",\r\n        "cache_time":"",\r\n        "cache_handler":""\r\n    },\r\n        \r\n    "2":{\r\n        "criteria_display_view_on_no_results":"",\r\n        "criteria_snippet_length":"",\r\n        "criteria_extension_instance_id":"",\r\n        "criteria_catalog_type_id":"",\r\n\r\n        "cache":"",\r\n        "cache_time":"",\r\n        "cache_handler":""\r\n    }\r\n}', NULL, 'en-GB', 0, 27),
(1250, 1250, 1200, 'Dummy', 'Template', '', '', 1, 0, 0, 1, '2012-07-01 12:00:00', '0000-00-00 00:00:00', 1, 0, 0, '2012-07-01 12:00:00', 0, '2012-07-01 12:00:00', 0, '0000-00-00 00:00:00', 0, '{}', '\r\n{\r\n    "1":{\r\n        "criteria_display_view_on_no_results":"",\r\n        "criteria_snippet_length":"",\r\n        "criteria_extension_instance_id":"",\r\n        "criteria_catalog_type_id":"",\r\n\r\n        "cache":"",\r\n        "cache_time":"",\r\n        "cache_handler":""\r\n    },\r\n        \r\n    "2":{\r\n        "criteria_display_view_on_no_results":"",\r\n        "criteria_snippet_length":"",\r\n        "criteria_extension_instance_id":"",\r\n        "criteria_catalog_type_id":"",\r\n\r\n        "cache":"",\r\n        "cache_time":"",\r\n        "cache_handler":""\r\n    }\r\n}', NULL, 'en-GB', 0, 28),
(1260, 1260, 1200, 'Edit', 'Template', '', '', 1, 0, 0, 1, '2012-07-01 12:00:00', '0000-00-00 00:00:00', 1, 0, 0, '2012-07-01 12:00:00', 0, '2012-07-01 12:00:00', 0, '0000-00-00 00:00:00', 0, '{}', '{  \r\n    "2":{\r\n        "criteria_title":"Editor",\r\n        "criteria_display_view_on_no_results":"1",\r\n        "criteria_snippet_length":"200",\r\n\r\n        "template_view_css_id":"",\r\n        "template_view_css_class":"",\r\n\r\n        "wrap_view_id":"61",\r\n        "wrap_view_css_id":"",\r\n        "wrap_view_css_class":"",\r\n\r\n \r\n        "model_name":"Triggerdata",\r\n        "model_type":"dbo",\r\n        "model_query_object":"getTriggerdata",\r\n        "model_parameter":"EditQueryResults",\r\n        \r\n        "cache":"",\r\n        "cache_time":"",\r\n        "cache_handler":""\r\n    }\r\n}', NULL, 'en-GB', 0, 29),
(1270, 1270, 1200, 'Editcustomfields', 'Template', '', '', 1, 0, 0, 1, '2012-07-01 12:00:00', '0000-00-00 00:00:00', 1, 0, 0, '2012-07-01 12:00:00', 0, '2012-07-01 12:00:00', 0, '0000-00-00 00:00:00', 0, '{}', '\r\n{\r\n    "1":{\r\n        "criteria_display_view_on_no_results":"",\r\n        "criteria_snippet_length":"",\r\n        "criteria_extension_instance_id":"",\r\n        "criteria_catalog_type_id":"",\r\n\r\n        "cache":"",\r\n        "cache_time":"",\r\n        "cache_handler":""\r\n    },\r\n        \r\n    "2":{\r\n        "criteria_display_view_on_no_results":"",\r\n        "criteria_snippet_length":"",\r\n        "criteria_extension_instance_id":"",\r\n        "criteria_catalog_type_id":"",\r\n\r\n        "cache":"",\r\n        "cache_time":"",\r\n        "cache_handler":""\r\n    }\r\n}', NULL, 'en-GB', 0, 30),
(1280, 1280, 1200, 'Editeditor', 'Template', '', '', 1, 0, 0, 1, '2012-07-01 12:00:00', '0000-00-00 00:00:00', 1, 0, 0, '2012-07-01 12:00:00', 0, '2012-07-01 12:00:00', 0, '0000-00-00 00:00:00', 0, '{}', '\r\n{\r\n    "1":{\r\n        "criteria_display_view_on_no_results":"",\r\n        "criteria_snippet_length":"",\r\n        "criteria_extension_instance_id":"",\r\n        "criteria_catalog_type_id":"",\r\n\r\n        "cache":"",\r\n        "cache_time":"",\r\n        "cache_handler":""\r\n    },\r\n        \r\n    "2":{\r\n        "criteria_display_view_on_no_results":"",\r\n        "criteria_snippet_length":"",\r\n        "criteria_extension_instance_id":"",\r\n        "criteria_catalog_type_id":"",\r\n\r\n        "cache":"",\r\n        "cache_time":"",\r\n        "cache_handler":""\r\n    }\r\n}', NULL, 'en-GB', 0, 31),
(1290, 1290, 1200, 'Editmetadata', 'Template', '', '', 1, 0, 0, 1, '2012-07-01 12:00:00', '0000-00-00 00:00:00', 1, 0, 0, '2012-07-01 12:00:00', 0, '2012-07-01 12:00:00', 0, '0000-00-00 00:00:00', 0, '{}', '\r\n{\r\n    "1":{\r\n        "criteria_display_view_on_no_results":"",\r\n        "criteria_snippet_length":"",\r\n        "criteria_extension_instance_id":"",\r\n        "criteria_catalog_type_id":"",\r\n\r\n        "cache":"",\r\n        "cache_time":"",\r\n        "cache_handler":""\r\n    },\r\n        \r\n    "2":{\r\n        "criteria_display_view_on_no_results":"",\r\n        "criteria_snippet_length":"",\r\n        "criteria_extension_instance_id":"",\r\n        "criteria_catalog_type_id":"",\r\n\r\n        "cache":"",\r\n        "cache_time":"",\r\n        "cache_handler":""\r\n    }\r\n}', NULL, 'en-GB', 0, 32),
(1300, 1300, 1200, 'Editparameters', 'Template', '', '', 1, 0, 0, 1, '2012-07-01 12:00:00', '0000-00-00 00:00:00', 1, 0, 0, '2012-07-01 12:00:00', 0, '2012-07-01 12:00:00', 0, '0000-00-00 00:00:00', 0, '{}', '\r\n{\r\n    "1":{\r\n        "criteria_display_view_on_no_results":"",\r\n        "criteria_snippet_length":"",\r\n        "criteria_extension_instance_id":"",\r\n        "criteria_catalog_type_id":"",\r\n\r\n        "cache":"",\r\n        "cache_time":"",\r\n        "cache_handler":""\r\n    },\r\n        \r\n    "2":{\r\n        "criteria_display_view_on_no_results":"",\r\n        "criteria_snippet_length":"",\r\n        "criteria_extension_instance_id":"",\r\n        "criteria_catalog_type_id":"",\r\n\r\n        "cache":"",\r\n        "cache_time":"",\r\n        "cache_handler":""\r\n    }\r\n}', NULL, 'en-GB', 0, 33),
(1310, 1310, 1200, 'Errors', 'Template', '', '', 1, 0, 0, 1, '2012-07-01 12:00:00', '0000-00-00 00:00:00', 1, 0, 0, '2012-07-01 12:00:00', 0, '2012-07-01 12:00:00', 0, '0000-00-00 00:00:00', 0, '{}', '\r\n{\r\n    "1":{\r\n        "criteria_display_view_on_no_results":"",\r\n        "criteria_snippet_length":"",\r\n        "criteria_extension_instance_id":"",\r\n        "criteria_catalog_type_id":"",\r\n\r\n        "cache":"",\r\n        "cache_time":"",\r\n        "cache_handler":""\r\n    },\r\n        \r\n    "2":{\r\n        "criteria_display_view_on_no_results":"",\r\n        "criteria_snippet_length":"",\r\n        "criteria_extension_instance_id":"",\r\n        "criteria_catalog_type_id":"",\r\n\r\n        "cache":"",\r\n        "cache_time":"",\r\n        "cache_handler":""\r\n    }\r\n}', NULL, 'en-GB', 0, 34),
(1320, 1320, 1200, 'Formselectlist', 'Template', '', '', 1, 0, 0, 1, '2012-07-01 12:00:00', '0000-00-00 00:00:00', 1, 0, 0, '2012-07-01 12:00:00', 0, '2012-07-01 12:00:00', 0, '0000-00-00 00:00:00', 0, '{}', '\r\n{\r\n    "1":{\r\n        "criteria_display_view_on_no_results":"",\r\n        "criteria_snippet_length":"",\r\n        "criteria_extension_instance_id":"",\r\n        "criteria_catalog_type_id":"",\r\n\r\n        "cache":"",\r\n        "cache_time":"",\r\n        "cache_handler":""\r\n    },\r\n        \r\n    "2":{\r\n        "criteria_display_view_on_no_results":"",\r\n        "criteria_snippet_length":"",\r\n        "criteria_extension_instance_id":"",\r\n        "criteria_catalog_type_id":"",\r\n\r\n        "cache":"",\r\n        "cache_time":"",\r\n        "cache_handler":""\r\n    }\r\n}', NULL, 'en-GB', 0, 35),
(1330, 1330, 1200, 'Gallery', 'Template', '', '', 1, 0, 0, 1, '2012-07-01 12:00:00', '0000-00-00 00:00:00', 1, 0, 0, '2012-07-01 12:00:00', 0, '2012-07-01 12:00:00', 0, '0000-00-00 00:00:00', 0, '{}', '\r\n{\r\n    "1":{\r\n        "criteria_display_view_on_no_results":"",\r\n        "criteria_snippet_length":"",\r\n        "criteria_extension_instance_id":"",\r\n        "criteria_catalog_type_id":"",\r\n\r\n        "cache":"",\r\n        "cache_time":"",\r\n        "cache_handler":""\r\n    },\r\n        \r\n    "2":{\r\n        "criteria_display_view_on_no_results":"",\r\n        "criteria_snippet_length":"",\r\n        "criteria_extension_instance_id":"",\r\n        "criteria_catalog_type_id":"",\r\n\r\n        "cache":"",\r\n        "cache_time":"",\r\n        "cache_handler":""\r\n    }\r\n}', NULL, 'en-GB', 0, 36),
(1335, 1335, 1200, 'Groups', 'Template', '', '', 1, 0, 0, 1, '2012-07-01 12:00:00', '0000-00-00 00:00:00', 1, 0, 0, '2012-07-01 12:00:00', 0, '2012-07-01 12:00:00', 0, '0000-00-00 00:00:00', 0, '{}', '\r\n{\r\n    "1":{\r\n        "criteria_display_view_on_no_results":"",\r\n        "criteria_snippet_length":"",\r\n        "criteria_extension_instance_id":"",\r\n        "criteria_catalog_type_id":"",\r\n\r\n        "cache":"",\r\n        "cache_time":"",\r\n        "cache_handler":""\r\n    },\r\n        \r\n    "2":{\r\n        "criteria_display_view_on_no_results":"",\r\n        "criteria_snippet_length":"",\r\n        "criteria_extension_instance_id":"",\r\n        "criteria_catalog_type_id":"",\r\n\r\n        "cache":"",\r\n        "cache_time":"",\r\n        "cache_handler":""\r\n    }\r\n}', NULL, 'en-GB', 0, 37),
(1340, 1340, 1200, 'Head', 'Template', '', '', 1, 0, 0, 1, '2012-07-01 12:00:00', '0000-00-00 00:00:00', 1, 0, 0, '2012-07-01 12:00:00', 0, '2012-07-01 12:00:00', 0, '0000-00-00 00:00:00', 0, '{}', '\r\n{\r\n    "1":{\r\n        "criteria_display_view_on_no_results":"",\r\n        "criteria_snippet_length":"",\r\n        "criteria_extension_instance_id":"",\r\n        "criteria_catalog_type_id":"",\r\n\r\n        "cache":"",\r\n        "cache_time":"",\r\n        "cache_handler":""\r\n    },\r\n        \r\n    "2":{\r\n        "criteria_display_view_on_no_results":"",\r\n        "criteria_snippet_length":"",\r\n        "criteria_extension_instance_id":"",\r\n        "criteria_catalog_type_id":"",\r\n\r\n        "cache":"",\r\n        "cache_time":"",\r\n        "cache_handler":""\r\n    }\r\n}', NULL, 'en-GB', 0, 38),
(1345, 1345, 1200, 'Media', 'Template', '', '', 1, 0, 0, 1, '2012-07-01 12:00:00', '0000-00-00 00:00:00', 1, 0, 0, '2012-07-01 12:00:00', 0, '2012-07-01 12:00:00', 0, '0000-00-00 00:00:00', 0, '{}', '{\r\n    "criteria_title":"Media",\r\n    "criteria_display_view_on_no_results":"0",\r\n    "criteria_snippet_length":"200",\r\n    "criteria_status":"",\r\n    "criteria_content_catalog_type_id":"",\r\n    "criteria_menuitem_catalog_type_id":"",\r\n    "criteria_content_extension_instance_id":"",\r\n    "criteria_menuitem_extension_instance_id":"",\r\n\r\n    "mustache":"0",\r\n\r\n    "list_theme_id":"9010",\r\n    "list_page_view_id":"220",\r\n    "list_page_view_css_id":"",\r\n    "list_page_view_css_class":"",\r\n    "list_template_view_id":"1050",\r\n    "list_template_view_css_id":"",\r\n    "list_template_view_css_class":"",\r\n    "list_wrap_view_id":"2030",\r\n    "list_wrap_view_css_id":"",\r\n    "list_wrap_view_css_class":"",\r\n    "list_model_name":"Media",\r\n    "list_model_type":"Table",\r\n    "list_model_query_object":"List",\r\n    "list_model_ordering":"start_publishing_datetime",\r\n    "list_model_direction":"DESC",\r\n    "list_model_offset":"0",\r\n    "list_model_count":"5",\r\n\r\n    "list_select_archived_content":"1",\r\n    "list_select_featured_content":"1",\r\n    "list_select_stickied_content":"1",\r\n    "list_select_published_date_begin":"",\r\n    "list_select_published_date_end":"",\r\n    "list_select_category_list":"0",\r\n    "list_select_tag_list":"0",\r\n    "list_select_author_list":"0",\r\n\r\n    "parent_menuitem":"0",\r\n    "item_parent_menu_id":"0",\r\n\r\n    "item_theme_id":"9010",\r\n    "item_page_view_id":"200",\r\n    "item_page_view_css_id":"",\r\n    "item_page_view_css_class":"",\r\n    "item_template_view_id":"1345",\r\n    "item_template_view_css_id":"",\r\n    "item_template_view_css_class":"",\r\n    "item_wrap_view_id":"2030",\r\n    "item_wrap_view_css_id":"",\r\n    "item_wrap_view_css_class":"",\r\n    "item_model_name":"Media",\r\n    "item_model_type":"Table",\r\n    "item_model_query_object":"Item",\r\n\r\n    "form_theme_id":"9010",\r\n    "form_page_view_id":"210",\r\n    "form_page_view_css_id":"",\r\n    "form_page_view_css_class":"",\r\n    "form_template_view_id":"1260",\r\n    "form_template_view_css_id":"",\r\n    "form_template_view_css_class":"",\r\n    "form_wrap_view_id":"2030",\r\n    "form_wrap_view_css_id":"",\r\n    "form_wrap_view_css_class":"",\r\n    "form_model_name":"Media",\r\n    "form_model_type":"Table",\r\n    "form_model_query_object":"Item",\r\n\r\n    "enable_draft_save":"1",\r\n    "enable_version_history":"1",\r\n    "enable_retain_versions_after_delete":"1",\r\n    "enable_maximum_version_count":"5",\r\n    "enable_hit_counts":"1",\r\n    "enable_comments":"1",\r\n    "enable_spam_protection":"1",\r\n    "enable_ratings":"1",\r\n    "enable_notifications":"1",\r\n    "enable_tweets":"1",\r\n    "enable_ping":"1",\r\n\r\n    "cache":"0",\r\n    "cache_time":"15",\r\n    "cache_handler":"file",\r\n\r\n    "log_user_activity_create":"1",\r\n    "log_user_activity_read":"1",\r\n    "log_user_activity_update":"1",\r\n    "log_user_activity_delete":"1",\r\n\r\n    "log_catalog_update_activity":"1",\r\n    "log_catalog_view_activity":"1",\r\n\r\n    "asset_priority_site":"100",\r\n    "asset_priority_application":"200",\r\n    "asset_priority_user":"300",\r\n    "asset_priority_extension":"400",\r\n    "asset_priority_request":"500",\r\n    "asset_priority_category":"600",\r\n    "asset_priority_menu_item":"700",\r\n    "asset_priority_source":"800",\r\n    "asset_priority_theme":"900",\r\n\r\n    "image_xsmall":"50",\r\n    "image_small":"75",\r\n    "image_medium":"150",\r\n    "image_large":"300",\r\n    "image_xlarge":"500",\r\n    "image_folder":"Images",\r\n    "image_thumb_folder":"Thumbs",\r\n\r\n    "gravatar":"1",\r\n    "gravatar_size":"50",\r\n    "gravatar_type":"mm",\r\n    "gravatar_rating":"pg",\r\n    "gravatar_image":"1"\r\n}\r\n', NULL, 'en-GB', 0, 39),
(1350, 1350, 1200, 'Messages', 'Template', '', '', 1, 0, 0, 1, '2012-07-01 12:00:00', '0000-00-00 00:00:00', 1, 0, 0, '2012-07-01 12:00:00', 0, '2012-07-01 12:00:00', 0, '0000-00-00 00:00:00', 0, '{}', '\r\n{\r\n    "1":{\r\n        "criteria_display_view_on_no_results":"",\r\n        "criteria_snippet_length":"",\r\n        "criteria_extension_instance_id":"",\r\n        "criteria_catalog_type_id":"",\r\n\r\n        "cache":"",\r\n        "cache_time":"",\r\n        "cache_handler":""\r\n    },\r\n        \r\n    "2":{\r\n        "criteria_display_view_on_no_results":"",\r\n        "criteria_snippet_length":"",\r\n        "criteria_extension_instance_id":"",\r\n        "criteria_catalog_type_id":"",\r\n\r\n        "cache":"",\r\n        "cache_time":"",\r\n        "cache_handler":""\r\n    }\r\n}', NULL, 'en-GB', 0, 40),
(1360, 1360, 1200, 'Metadata', 'Template', '', '', 1, 0, 0, 1, '2012-07-01 12:00:00', '0000-00-00 00:00:00', 1, 0, 0, '2012-07-01 12:00:00', 0, '2012-07-01 12:00:00', 0, '0000-00-00 00:00:00', 0, '{}', '\r\n{\r\n    "1":{\r\n        "criteria_display_view_on_no_results":"",\r\n        "criteria_snippet_length":"",\r\n        "criteria_extension_instance_id":"",\r\n        "criteria_catalog_type_id":"",\r\n\r\n        "cache":"",\r\n        "cache_time":"",\r\n        "cache_handler":""\r\n    },\r\n        \r\n    "2":{\r\n        "criteria_display_view_on_no_results":"",\r\n        "criteria_snippet_length":"",\r\n        "criteria_extension_instance_id":"",\r\n        "criteria_catalog_type_id":"",\r\n\r\n        "cache":"",\r\n        "cache_time":"",\r\n        "cache_handler":""\r\n    }\r\n}', NULL, 'en-GB', 0, 41),
(1370, 1370, 1200, 'News', 'Template', '', '', 1, 0, 0, 1, '2012-07-01 12:00:00', '0000-00-00 00:00:00', 1, 0, 0, '2012-07-01 12:00:00', 0, '2012-07-01 12:00:00', 0, '0000-00-00 00:00:00', 0, '{}', '\r\n{\r\n    "1":{\r\n        "criteria_display_view_on_no_results":"",\r\n        "criteria_snippet_length":"",\r\n        "criteria_extension_instance_id":"",\r\n        "criteria_catalog_type_id":"",\r\n\r\n        "cache":"",\r\n        "cache_time":"",\r\n        "cache_handler":""\r\n    },\r\n        \r\n    "2":{\r\n        "criteria_display_view_on_no_results":"",\r\n        "criteria_snippet_length":"",\r\n        "criteria_extension_instance_id":"",\r\n        "criteria_catalog_type_id":"",\r\n\r\n        "cache":"",\r\n        "cache_time":"",\r\n        "cache_handler":""\r\n    }\r\n}', NULL, 'en-GB', 0, 42),
(1380, 1380, 1200, 'Pagination', 'Template', '', '', 1, 0, 0, 1, '2012-07-01 12:00:00', '0000-00-00 00:00:00', 1, 0, 0, '2012-07-01 12:00:00', 0, '2012-07-01 12:00:00', 0, '0000-00-00 00:00:00', 0, '{}', '{  \r\n    "2":{\r\n        "criteria_title":"Search",\r\n        "criteria_display_view_on_no_results":"1",\r\n        "criteria_snippet_length":"",\r\n\r\n        "template_view_css_id":"",\r\n        "template_view_css_class":"",\r\n\r\n        "wrap_view_id":"61",\r\n        "wrap_view_css_id":"",\r\n        "wrap_view_css_class":"",\r\n \r\n        "model_name":"Dummy",\r\n        "model_type":"dbo",\r\n        "model_query_object":"dummy",\r\n        "model_parameter":"",\r\n        \r\n        "cache":"",\r\n        "cache_time":"",\r\n        "cache_handler":""\r\n    }\r\n}', NULL, 'en-GB', 0, 43),
(1390, 1390, 1200, 'Promotion', 'Template', '', '', 1, 0, 0, 1, '2012-07-01 12:00:00', '0000-00-00 00:00:00', 1, 0, 0, '2012-07-01 12:00:00', 0, '2012-07-01 12:00:00', 0, '0000-00-00 00:00:00', 0, '{}', '{  \r\n    "2":{\r\n        "criteria_title":"Search",\r\n        "criteria_display_view_on_no_results":"1",\r\n        "criteria_snippet_length":"",\r\n\r\n        "template_view_css_id":"",\r\n        "template_view_css_class":"",\r\n\r\n        "wrap_view_id":"61",\r\n        "wrap_view_css_id":"",\r\n        "wrap_view_css_class":"",\r\n \r\n        "model_name":"Dummy",\r\n        "model_type":"dbo",\r\n        "model_query_object":"dummy",\r\n        "model_parameter":"",\r\n        \r\n        "cache":"",\r\n        "cache_time":"",\r\n        "cache_handler":""\r\n    }\r\n}', NULL, 'en-GB', 0, 44),
(1400, 1400, 1200, 'Rotator', 'Template', '', '', 1, 0, 0, 1, '2012-07-01 12:00:00', '0000-00-00 00:00:00', 1, 0, 0, '2012-07-01 12:00:00', 0, '2012-07-01 12:00:00', 0, '0000-00-00 00:00:00', 0, '{}', '{  \r\n    "2":{\r\n        "criteria_title":"Search",\r\n        "criteria_display_view_on_no_results":"1",\r\n        "criteria_snippet_length":"",\r\n\r\n        "template_view_css_id":"",\r\n        "template_view_css_class":"",\r\n\r\n        "wrap_view_id":"61",\r\n        "wrap_view_css_id":"",\r\n        "wrap_view_css_class":"",\r\n \r\n        "model_name":"Dummy",\r\n        "model_type":"dbo",\r\n        "model_query_object":"dummy",\r\n        "model_parameter":"",\r\n        \r\n        "cache":"",\r\n        "cache_time":"",\r\n        "cache_handler":""\r\n    }\r\n}', NULL, 'en-GB', 0, 45),
(1410, 1410, 1200, 'Search', 'Template', '', '', 1, 0, 0, 1, '2012-07-01 12:00:00', '0000-00-00 00:00:00', 1, 0, 0, '2012-07-01 12:00:00', 0, '2012-07-01 12:00:00', 0, '0000-00-00 00:00:00', 0, '{}', '{  \r\n    "2":{\r\n        "criteria_title":"Search",\r\n        "criteria_display_view_on_no_results":"1",\r\n        "criteria_snippet_length":"",\r\n\r\n        "template_view_css_id":"",\r\n        "template_view_css_class":"",\r\n\r\n        "wrap_view_id":"61",\r\n        "wrap_view_css_id":"",\r\n        "wrap_view_css_class":"",\r\n \r\n        "model_name":"Dummy",\r\n        "model_type":"dbo",\r\n        "model_query_object":"dummy",\r\n        "model_parameter":"",\r\n        \r\n        "cache":"",\r\n        "cache_time":"",\r\n        "cache_handler":""\r\n    }\r\n}', NULL, 'en-GB', 0, 46),
(1420, 1420, 1200, 'Tag', 'Template', '', '', 1, 0, 0, 1, '2012-07-01 12:00:00', '0000-00-00 00:00:00', 1, 0, 0, '2012-07-01 12:00:00', 0, '2012-07-01 12:00:00', 0, '0000-00-00 00:00:00', 0, '{}', '{  \r\n    "2":{\r\n        "criteria_title":"Search",\r\n        "criteria_display_view_on_no_results":"1",\r\n        "criteria_snippet_length":"",\r\n\r\n        "template_view_css_id":"",\r\n        "template_view_css_class":"",\r\n\r\n        "wrap_view_id":"61",\r\n        "wrap_view_css_id":"",\r\n        "wrap_view_css_class":"",\r\n \r\n        "model_name":"Dummy",\r\n        "model_type":"dbo",\r\n        "model_query_object":"dummy",\r\n        "model_parameter":"",\r\n        \r\n        "cache":"",\r\n        "cache_time":"",\r\n        "cache_handler":""\r\n    }\r\n}', NULL, 'en-GB', 0, 47),
(2000, 2000, 1250, 'Article', 'Wrap', '', '', 1, 0, 0, 1, '2012-07-01 12:00:00', '0000-00-00 00:00:00', 1, 0, 0, '2012-07-01 12:00:00', 0, '2012-07-01 12:00:00', 0, '0000-00-00 00:00:00', 0, '{}', '\r\n{\r\n    "1":{\r\n        "criteria_display_view_on_no_results":"",\r\n        "criteria_snippet_length":"",\r\n        "criteria_extension_instance_id":"",\r\n        "criteria_catalog_type_id":"",\r\n\r\n        "cache":"",\r\n        "cache_time":"",\r\n        "cache_handler":""\r\n    },\r\n        \r\n    "2":{\r\n        "criteria_display_view_on_no_results":"",\r\n        "criteria_snippet_length":"",\r\n        "criteria_extension_instance_id":"",\r\n        "criteria_catalog_type_id":"",\r\n\r\n        "cache":"",\r\n        "cache_time":"",\r\n        "cache_handler":""\r\n    }\r\n}', NULL, 'en-GB', 0, 1),
(2010, 2010, 1250, 'Aside', 'Wrap', '', '', 1, 0, 0, 1, '2012-07-01 12:00:00', '0000-00-00 00:00:00', 1, 0, 0, '2012-07-01 12:00:00', 0, '2012-07-01 12:00:00', 0, '0000-00-00 00:00:00', 0, '{}', '\n{\n    "1":{\n        "criteria_display_view_on_no_results":"",\n        "criteria_snippet_length":"",\n        "criteria_extension_instance_id":"",\n        "criteria_catalog_type_id":"",\n\n        "cache":"",\n        "cache_time":"",\n        "cache_handler":""\n    },\n        \n    "2":{\n        "criteria_display_view_on_no_results":"",\n        "criteria_snippet_length":"",\n        "criteria_extension_instance_id":"",\n        "criteria_catalog_type_id":"",\n\n        "cache":"",\n        "cache_time":"",\n        "cache_handler":""\n    }\n}', NULL, 'en-GB', 0, 2),
(2020, 2020, 1250, 'Default', 'Wrap', '', '', 1, 0, 0, 1, '2012-07-01 12:00:00', '0000-00-00 00:00:00', 1, 0, 0, '2012-07-01 12:00:00', 0, '2012-07-01 12:00:00', 0, '0000-00-00 00:00:00', 0, '{}', '\r\n{\r\n    "1":{\r\n        "criteria_display_view_on_no_results":"",\r\n        "criteria_snippet_length":"",\r\n        "criteria_extension_instance_id":"",\r\n        "criteria_catalog_type_id":"",\r\n\r\n        "cache":"",\r\n        "cache_time":"",\r\n        "cache_handler":""\r\n    },\r\n        \r\n    "2":{\r\n        "criteria_display_view_on_no_results":"",\r\n        "criteria_snippet_length":"",\r\n        "criteria_extension_instance_id":"",\r\n        "criteria_catalog_type_id":"",\r\n\r\n        "cache":"",\r\n        "cache_time":"",\r\n        "cache_handler":""\r\n    }\r\n}', NULL, 'en-GB', 0, 3),
(2030, 2030, 1250, 'Div', 'Wrap', '', '', 1, 0, 0, 1, '2012-07-01 12:00:00', '0000-00-00 00:00:00', 1, 0, 0, '2012-07-01 12:00:00', 0, '2012-07-01 12:00:00', 0, '0000-00-00 00:00:00', 0, '{}', '\r\n{\r\n    "1":{\r\n        "criteria_display_view_on_no_results":"",\r\n        "criteria_snippet_length":"",\r\n        "criteria_extension_instance_id":"",\r\n        "criteria_catalog_type_id":"",\r\n\r\n        "cache":"",\r\n        "cache_time":"",\r\n        "cache_handler":""\r\n    },\r\n        \r\n    "2":{\r\n        "criteria_display_view_on_no_results":"",\r\n        "criteria_snippet_length":"",\r\n        "criteria_extension_instance_id":"",\r\n        "criteria_catalog_type_id":"",\r\n\r\n        "cache":"",\r\n        "cache_time":"",\r\n        "cache_handler":""\r\n    }\r\n}', NULL, 'en-GB', 0, 4),
(2040, 2040, 1250, 'Footer', 'Wrap', '', '', 1, 0, 0, 1, '2012-07-01 12:00:00', '0000-00-00 00:00:00', 1, 0, 0, '2012-07-01 12:00:00', 0, '2012-07-01 12:00:00', 0, '0000-00-00 00:00:00', 0, '{}', '\r\n{\r\n    "1":{\r\n        "criteria_display_view_on_no_results":"",\r\n        "criteria_snippet_length":"",\r\n        "criteria_extension_instance_id":"",\r\n        "criteria_catalog_type_id":"",\r\n\r\n        "cache":"",\r\n        "cache_time":"",\r\n        "cache_handler":""\r\n    },\r\n        \r\n    "2":{\r\n        "criteria_display_view_on_no_results":"",\r\n        "criteria_snippet_length":"",\r\n        "criteria_extension_instance_id":"",\r\n        "criteria_catalog_type_id":"",\r\n\r\n        "cache":"",\r\n        "cache_time":"",\r\n        "cache_handler":""\r\n    }\r\n}', NULL, 'en-GB', 0, 5),
(2050, 2050, 1250, 'Header', 'Wrap', '', '', 1, 0, 0, 1, '2012-07-01 12:00:00', '0000-00-00 00:00:00', 1, 0, 0, '2012-07-01 12:00:00', 0, '2012-07-01 12:00:00', 0, '0000-00-00 00:00:00', 0, '{}', '\r\n{\r\n    "1":{\r\n        "criteria_display_view_on_no_results":"",\r\n        "criteria_snippet_length":"",\r\n        "criteria_extension_instance_id":"",\r\n        "criteria_catalog_type_id":"",\r\n\r\n        "cache":"",\r\n        "cache_time":"",\r\n        "cache_handler":""\r\n    },\r\n        \r\n    "2":{\r\n        "criteria_display_view_on_no_results":"",\r\n        "criteria_snippet_length":"",\r\n        "criteria_extension_instance_id":"",\r\n        "criteria_catalog_type_id":"",\r\n\r\n        "cache":"",\r\n        "cache_time":"",\r\n        "cache_handler":""\r\n    }\r\n}', NULL, 'en-GB', 0, 6),
(2060, 2060, 1250, 'Hgroup', 'Wrap', '', '', 1, 0, 0, 1, '2012-07-01 12:00:00', '0000-00-00 00:00:00', 1, 0, 0, '2012-07-01 12:00:00', 0, '2012-07-01 12:00:00', 0, '0000-00-00 00:00:00', 0, '{}', '\r\n{\r\n    "1":{\r\n        "criteria_display_view_on_no_results":"",\r\n        "criteria_snippet_length":"",\r\n        "criteria_extension_instance_id":"",\r\n        "criteria_catalog_type_id":"",\r\n\r\n        "cache":"",\r\n        "cache_time":"",\r\n        "cache_handler":""\r\n    },\r\n        \r\n    "2":{\r\n        "criteria_display_view_on_no_results":"",\r\n        "criteria_snippet_length":"",\r\n        "criteria_extension_instance_id":"",\r\n        "criteria_catalog_type_id":"",\r\n\r\n        "cache":"",\r\n        "cache_time":"",\r\n        "cache_handler":""\r\n    }\r\n}', NULL, 'en-GB', 0, 7),
(2070, 2070, 1250, 'IFrame', 'Wrap', '', '', 1, 0, 0, 1, '2012-07-01 12:00:00', '0000-00-00 00:00:00', 1, 0, 0, '2012-07-01 12:00:00', 0, '2012-07-01 12:00:00', 0, '0000-00-00 00:00:00', 0, '{}', '\r\n{\r\n    "1":{\r\n        "criteria_display_view_on_no_results":"",\r\n        "criteria_snippet_length":"",\r\n        "criteria_extension_instance_id":"",\r\n        "criteria_catalog_type_id":"",\r\n\r\n        "cache":"",\r\n        "cache_time":"",\r\n        "cache_handler":""\r\n    },\r\n        \r\n    "2":{\r\n        "criteria_display_view_on_no_results":"",\r\n        "criteria_snippet_length":"",\r\n        "criteria_extension_instance_id":"",\r\n        "criteria_catalog_type_id":"",\r\n\r\n        "cache":"",\r\n        "cache_time":"",\r\n        "cache_handler":""\r\n    }\r\n}', NULL, 'en-GB', 0, 8),
(2080, 2080, 1250, 'Nav', 'Wrap', '', '', 1, 0, 0, 1, '2012-07-01 12:00:00', '0000-00-00 00:00:00', 1, 0, 0, '2012-07-01 12:00:00', 0, '2012-07-01 12:00:00', 0, '0000-00-00 00:00:00', 0, '{}', '\r\n{\r\n    "1":{\r\n        "criteria_display_view_on_no_results":"",\r\n        "criteria_snippet_length":"",\r\n        "criteria_extension_instance_id":"",\r\n        "criteria_catalog_type_id":"",\r\n\r\n        "cache":"",\r\n        "cache_time":"",\r\n        "cache_handler":""\r\n    },\r\n        \r\n    "2":{\r\n        "criteria_display_view_on_no_results":"",\r\n        "criteria_snippet_length":"",\r\n        "criteria_extension_instance_id":"",\r\n        "criteria_catalog_type_id":"",\r\n\r\n        "cache":"",\r\n        "cache_time":"",\r\n        "cache_handler":""\r\n    }\r\n}', NULL, 'en-GB', 0, 9),
(2090, 2090, 1250, 'None', 'Wrap', '', '', 1, 0, 0, 1, '2012-07-01 12:00:00', '0000-00-00 00:00:00', 1, 0, 0, '2012-07-01 12:00:00', 0, '2012-07-01 12:00:00', 0, '0000-00-00 00:00:00', 0, '{}', '\r\n{\r\n    "1":{\r\n        "criteria_display_view_on_no_results":"",\r\n        "criteria_snippet_length":"",\r\n        "criteria_extension_instance_id":"",\r\n        "criteria_catalog_type_id":"",\r\n\r\n        "cache":"",\r\n        "cache_time":"",\r\n        "cache_handler":""\r\n    },\r\n        \r\n    "2":{\r\n        "criteria_display_view_on_no_results":"",\r\n        "criteria_snippet_length":"",\r\n        "criteria_extension_instance_id":"",\r\n        "criteria_catalog_type_id":"",\r\n\r\n        "cache":"",\r\n        "cache_time":"",\r\n        "cache_handler":""\r\n    }\r\n}', NULL, 'en-GB', 0, 10),
(2100, 2100, 1250, 'Section', 'Wrap', '', '', 1, 0, 0, 1, '2012-07-01 12:00:00', '0000-00-00 00:00:00', 1, 0, 0, '2012-07-01 12:00:00', 0, '2012-07-01 12:00:00', 0, '0000-00-00 00:00:00', 0, '{}', '\r\n{\r\n    "1":{\r\n        "criteria_display_view_on_no_results":"",\r\n        "criteria_snippet_length":"",\r\n        "criteria_extension_instance_id":"",\r\n        "criteria_catalog_type_id":"",\r\n\r\n        "cache":"",\r\n        "cache_time":"",\r\n        "cache_handler":""\r\n    },\r\n        \r\n    "2":{\r\n        "criteria_display_view_on_no_results":"",\r\n        "criteria_snippet_length":"",\r\n        "criteria_extension_instance_id":"",\r\n        "criteria_catalog_type_id":"",\r\n\r\n        "cache":"",\r\n        "cache_time":"",\r\n        "cache_handler":""\r\n    }\r\n}', NULL, 'en-GB', 0, 11),
(3010, 3000, 1300, 'Administrator Menu', 'Menu', '', '', 1, 0, 0, 1, '2012-07-01 12:00:00', '0000-00-00 00:00:00', 1, 0, 0, '2012-07-01 12:00:00', 0, '2012-07-01 12:00:00', 0, '0000-00-00 00:00:00', 0, '{}', '{}', NULL, 'en-GB', 0, 1),
(3020, 3000, 1300, 'Main Menu', 'Menu', '', '', 1, 0, 0, 1, '2012-07-01 12:00:00', '0000-00-00 00:00:00', 1, 0, 0, '2012-07-01 12:00:00', 0, '2012-07-01 12:00:00', 0, '0000-00-00 00:00:00', 0, '{}', '{}', NULL, 'en-GB', 0, 2),
(5010, 5010, 1425, 'Asset', 'Services', '', '', 1, 0, 0, 1, '2012-07-01 12:00:00', '0000-00-00 00:00:00', 1, 0, 0, '2012-07-01 12:00:00', 0, '2012-07-01 12:00:00', 0, '0000-00-00 00:00:00', 0, '{}', '{"asset_priority_application":"200",\r\n    "asset_priority_category":"600",\r\n    "asset_priority_extension":"400",\r\n    "asset_priority_menu_item":"700",\r\n    "asset_priority_request":"500",\r\n    "asset_priority_site":"100",\r\n    "asset_priority_source":"800",\r\n    "asset_priority_theme":"900",\r\n    "asset_priority_user":"300",\r\n\r\n    "cache":"1",\r\n    "cache_handler":"file",\r\n    "cache_time":"15",\r\n\r\n    "criteria_display_view_on_no_results":"1",\r\n    "criteria_snippet_length":"200",\r\n    "criteria_title":"",\r\n"content_catalog_type_id":"10000",\r\n\r\n    "enable_comments":"1",\r\n    "enable_draft_save":"1",\r\n    "enable_hit_counts":"1",\r\n    "enable_maximum_version_count":"5",\r\n    "enable_notifications":"1",\r\n    "enable_ping":"1",\r\n    "enable_ratings":"1",\r\n    "enable_retain_versions_after_delete":"1",\r\n    "enable_spam_protection":"1",\r\n    "enable_tweets":"1",\r\n    "enable_version_history":"1",\r\n\r\n    "form_model_name":"",\r\n    "form_model_query_object":"",\r\n    "form_model_type":"",\r\n    "form_page_view_css_class":"",\r\n    "form_page_view_css_id":"",\r\n    "form_page_view_id":"",\r\n    "form_template_view_css_class":"",\r\n    "form_template_view_css_id":"",\r\n    "form_template_view_id":"",\r\n    "form_theme_id":"98",\r\n    "form_wrap_view_css_class":"",\r\n    "form_wrap_view_css_id":"",\r\n    "form_wrap_view_id":"0",\r\n\r\n    "item_model_name":"Articles",\r\n    "item_model_query_object":"Item",\r\n    "item_model_type":"Table",\r\n    "item_page_view_css_class":"",\r\n    "item_page_view_css_id":"",\r\n    "item_page_view_id":"124",\r\n    "item_template_view_css_class":"",\r\n    "item_template_view_css_id":"",\r\n    "item_template_view_id":"236",\r\n    "item_theme_id":"98",\r\n    "item_wrap_view_css_class":"",\r\n    "item_wrap_view_css_id":"",\r\n    "item_wrap_view_id":"58",\r\n\r\n    "list_include_archived_content":"1",\r\n    "list_include_category_list":"",\r\n    "list_include_created_by_list":"",\r\n    "list_include_featured_content":"1",\r\n    "list_include_published_date_begin":"",\r\n    "list_include_published_date_end":"",\r\n    "list_include_stickied_content":"1",\r\n    "list_include_tag_list":"",\r\n    "list_length":"5",\r\n    "list_model_count":"5",\r\n    "list_model_direction":"",\r\n    "list_model_name":"",\r\n    "list_model_offset":"0",\r\n    "list_model_ordering":"",\r\n    "list_model_query_object":"",\r\n    "list_model_type":"",\r\n    "list_order_by_direction":"ASC",\r\n    "list_order_by_field":"a.start_publishing_datetime",\r\n    "list_page_view_css_class":"",\r\n    "list_page_view_css_id":"",\r\n    "list_page_view_id":"",\r\n    "list_template_view_css_class":"",\r\n    "list_template_view_css_id":"",\r\n    "list_template_view_id":"",\r\n    "list_theme_id":"98",\r\n    "list_wrap_view_css_class":"",\r\n    "list_wrap_view_css_id":"",\r\n    "list_wrap_view_id":"0",\r\n\r\n    "log_user_activity_create":"0",\r\n    "log_user_activity_delete":"1",\r\n    "log_user_activity_read":"1",\r\n    "log_user_activity_update":"1",\r\n\r\n    "menu_extension_instance_id":"",\r\n    "mustache":"0",\r\n    "parent_menuitem":""}', '{"title":"Molajo Article Resource", \r\n"description":"Welcome to the Molajo Article Resource",\r\n"keywords":"articles, molajo", \r\n"robots":"follow, index",\r\n"author":"Amy Stephen", \r\n"content_rights":"CC"}', 'en-GB', 0, 1),
(5020, 5020, 1425, 'Authentication', 'Services', '', '', 1, 0, 0, 1, '2012-07-01 12:00:00', '0000-00-00 00:00:00', 1, 0, 0, '2012-07-01 12:00:00', 0, '2012-07-01 12:00:00', 0, '0000-00-00 00:00:00', 0, '{}', '{"asset_priority_application":"200",\r\n    "asset_priority_category":"600",\r\n    "asset_priority_extension":"400",\r\n    "asset_priority_menu_item":"700",\r\n    "asset_priority_request":"500",\r\n    "asset_priority_site":"100",\r\n    "asset_priority_source":"800",\r\n    "asset_priority_theme":"900",\r\n    "asset_priority_user":"300",\r\n\r\n    "cache":"1",\r\n    "cache_handler":"file",\r\n    "cache_time":"15",\r\n\r\n    "criteria_display_view_on_no_results":"1",\r\n    "criteria_snippet_length":"200",\r\n    "criteria_title":"",\r\n"content_catalog_type_id":"10000",\r\n\r\n    "enable_comments":"1",\r\n    "enable_draft_save":"1",\r\n    "enable_hit_counts":"1",\r\n    "enable_maximum_version_count":"5",\r\n    "enable_notifications":"1",\r\n    "enable_ping":"1",\r\n    "enable_ratings":"1",\r\n    "enable_retain_versions_after_delete":"1",\r\n    "enable_spam_protection":"1",\r\n    "enable_tweets":"1",\r\n    "enable_version_history":"1",\r\n\r\n    "form_model_name":"",\r\n    "form_model_query_object":"",\r\n    "form_model_type":"",\r\n    "form_page_view_css_class":"",\r\n    "form_page_view_css_id":"",\r\n    "form_page_view_id":"",\r\n    "form_template_view_css_class":"",\r\n    "form_template_view_css_id":"",\r\n    "form_template_view_id":"",\r\n    "form_theme_id":"98",\r\n    "form_wrap_view_css_class":"",\r\n    "form_wrap_view_css_id":"",\r\n    "form_wrap_view_id":"0",\r\n\r\n    "item_model_name":"Articles",\r\n    "item_model_query_object":"Item",\r\n    "item_model_type":"Table",\r\n    "item_page_view_css_class":"",\r\n    "item_page_view_css_id":"",\r\n    "item_page_view_id":"124",\r\n    "item_template_view_css_class":"",\r\n    "item_template_view_css_id":"",\r\n    "item_template_view_id":"236",\r\n    "item_theme_id":"98",\r\n    "item_wrap_view_css_class":"",\r\n    "item_wrap_view_css_id":"",\r\n    "item_wrap_view_id":"58",\r\n\r\n    "list_include_archived_content":"1",\r\n    "list_include_category_list":"",\r\n    "list_include_created_by_list":"",\r\n    "list_include_featured_content":"1",\r\n    "list_include_published_date_begin":"",\r\n    "list_include_published_date_end":"",\r\n    "list_include_stickied_content":"1",\r\n    "list_include_tag_list":"",\r\n    "list_length":"5",\r\n    "list_model_count":"5",\r\n    "list_model_direction":"",\r\n    "list_model_name":"",\r\n    "list_model_offset":"0",\r\n    "list_model_ordering":"",\r\n    "list_model_query_object":"",\r\n    "list_model_type":"",\r\n    "list_order_by_direction":"ASC",\r\n    "list_order_by_field":"a.start_publishing_datetime",\r\n    "list_page_view_css_class":"",\r\n    "list_page_view_css_id":"",\r\n    "list_page_view_id":"",\r\n    "list_template_view_css_class":"",\r\n    "list_template_view_css_id":"",\r\n    "list_template_view_id":"",\r\n    "list_theme_id":"98",\r\n    "list_wrap_view_css_class":"",\r\n    "list_wrap_view_css_id":"",\r\n    "list_wrap_view_id":"0",\r\n\r\n    "log_user_activity_create":"0",\r\n    "log_user_activity_delete":"1",\r\n    "log_user_activity_read":"1",\r\n    "log_user_activity_update":"1",\r\n\r\n    "menu_extension_instance_id":"",\r\n    "mustache":"0",\r\n    "parent_menuitem":""}', '{"title":"Molajo Article Resource", \r\n"description":"Welcome to the Molajo Article Resource",\r\n"keywords":"articles, molajo", \r\n"robots":"follow, index",\r\n"author":"Amy Stephen", \r\n"content_rights":"CC"}', 'en-GB', 0, 1),
(5030, 5030, 1425, 'Authorisation', 'Services', '', '', 1, 0, 0, 1, '2012-07-01 12:00:00', '0000-00-00 00:00:00', 1, 0, 0, '2012-07-01 12:00:00', 0, '2012-07-01 12:00:00', 0, '0000-00-00 00:00:00', 0, '{}', '{"asset_priority_application":"200",\r\n    "asset_priority_category":"600",\r\n    "asset_priority_extension":"400",\r\n    "asset_priority_menu_item":"700",\r\n    "asset_priority_request":"500",\r\n    "asset_priority_site":"100",\r\n    "asset_priority_source":"800",\r\n    "asset_priority_theme":"900",\r\n    "asset_priority_user":"300",\r\n\r\n    "cache":"1",\r\n    "cache_handler":"file",\r\n    "cache_time":"15",\r\n\r\n    "criteria_display_view_on_no_results":"1",\r\n    "criteria_snippet_length":"200",\r\n    "criteria_title":"",\r\n"content_catalog_type_id":"10000",\r\n\r\n    "enable_comments":"1",\r\n    "enable_draft_save":"1",\r\n    "enable_hit_counts":"1",\r\n    "enable_maximum_version_count":"5",\r\n    "enable_notifications":"1",\r\n    "enable_ping":"1",\r\n    "enable_ratings":"1",\r\n    "enable_retain_versions_after_delete":"1",\r\n    "enable_spam_protection":"1",\r\n    "enable_tweets":"1",\r\n    "enable_version_history":"1",\r\n\r\n    "form_model_name":"",\r\n    "form_model_query_object":"",\r\n    "form_model_type":"",\r\n    "form_page_view_css_class":"",\r\n    "form_page_view_css_id":"",\r\n    "form_page_view_id":"",\r\n    "form_template_view_css_class":"",\r\n    "form_template_view_css_id":"",\r\n    "form_template_view_id":"",\r\n    "form_theme_id":"98",\r\n    "form_wrap_view_css_class":"",\r\n    "form_wrap_view_css_id":"",\r\n    "form_wrap_view_id":"0",\r\n\r\n    "item_model_name":"Articles",\r\n    "item_model_query_object":"Item",\r\n    "item_model_type":"Table",\r\n    "item_page_view_css_class":"",\r\n    "item_page_view_css_id":"",\r\n    "item_page_view_id":"124",\r\n    "item_template_view_css_class":"",\r\n    "item_template_view_css_id":"",\r\n    "item_template_view_id":"236",\r\n    "item_theme_id":"98",\r\n    "item_wrap_view_css_class":"",\r\n    "item_wrap_view_css_id":"",\r\n    "item_wrap_view_id":"58",\r\n\r\n    "list_include_archived_content":"1",\r\n    "list_include_category_list":"",\r\n    "list_include_created_by_list":"",\r\n    "list_include_featured_content":"1",\r\n    "list_include_published_date_begin":"",\r\n    "list_include_published_date_end":"",\r\n    "list_include_stickied_content":"1",\r\n    "list_include_tag_list":"",\r\n    "list_length":"5",\r\n    "list_model_count":"5",\r\n    "list_model_direction":"",\r\n    "list_model_name":"",\r\n    "list_model_offset":"0",\r\n    "list_model_ordering":"",\r\n    "list_model_query_object":"",\r\n    "list_model_type":"",\r\n    "list_order_by_direction":"ASC",\r\n    "list_order_by_field":"a.start_publishing_datetime",\r\n    "list_page_view_css_class":"",\r\n    "list_page_view_css_id":"",\r\n    "list_page_view_id":"",\r\n    "list_template_view_css_class":"",\r\n    "list_template_view_css_id":"",\r\n    "list_template_view_id":"",\r\n    "list_theme_id":"98",\r\n    "list_wrap_view_css_class":"",\r\n    "list_wrap_view_css_id":"",\r\n    "list_wrap_view_id":"0",\r\n\r\n    "log_user_activity_create":"0",\r\n    "log_user_activity_delete":"1",\r\n    "log_user_activity_read":"1",\r\n    "log_user_activity_update":"1",\r\n\r\n    "menu_extension_instance_id":"",\r\n    "mustache":"0",\r\n    "parent_menuitem":""}', '{"title":"Molajo Article Resource", \r\n"description":"Welcome to the Molajo Article Resource",\r\n"keywords":"articles, molajo", \r\n"robots":"follow, index",\r\n"author":"Amy Stephen", \r\n"content_rights":"CC"}', 'en-GB', 0, 2),
(5040, 5040, 1425, 'Cache', 'Services', '', '', 1, 0, 0, 1, '2012-07-01 12:00:00', '0000-00-00 00:00:00', 1, 0, 0, '2012-07-01 12:00:00', 0, '2012-07-01 12:00:00', 0, '0000-00-00 00:00:00', 0, '{}', '{"asset_priority_application":"200",\r\n    "asset_priority_category":"600",\r\n    "asset_priority_extension":"400",\r\n    "asset_priority_menu_item":"700",\r\n    "asset_priority_request":"500",\r\n    "asset_priority_site":"100",\r\n    "asset_priority_source":"800",\r\n    "asset_priority_theme":"900",\r\n    "asset_priority_user":"300",\r\n\r\n    "cache":"1",\r\n    "cache_handler":"file",\r\n    "cache_time":"15",\r\n\r\n    "criteria_display_view_on_no_results":"1",\r\n    "criteria_snippet_length":"200",\r\n    "criteria_title":"",\r\n"content_catalog_type_id":"10000",\r\n\r\n    "enable_comments":"1",\r\n    "enable_draft_save":"1",\r\n    "enable_hit_counts":"1",\r\n    "enable_maximum_version_count":"5",\r\n    "enable_notifications":"1",\r\n    "enable_ping":"1",\r\n    "enable_ratings":"1",\r\n    "enable_retain_versions_after_delete":"1",\r\n    "enable_spam_protection":"1",\r\n    "enable_tweets":"1",\r\n    "enable_version_history":"1",\r\n\r\n    "form_model_name":"",\r\n    "form_model_query_object":"",\r\n    "form_model_type":"",\r\n    "form_page_view_css_class":"",\r\n    "form_page_view_css_id":"",\r\n    "form_page_view_id":"",\r\n    "form_template_view_css_class":"",\r\n    "form_template_view_css_id":"",\r\n    "form_template_view_id":"",\r\n    "form_theme_id":"98",\r\n    "form_wrap_view_css_class":"",\r\n    "form_wrap_view_css_id":"",\r\n    "form_wrap_view_id":"0",\r\n\r\n    "item_model_name":"Articles",\r\n    "item_model_query_object":"Item",\r\n    "item_model_type":"Table",\r\n    "item_page_view_css_class":"",\r\n    "item_page_view_css_id":"",\r\n    "item_page_view_id":"124",\r\n    "item_template_view_css_class":"",\r\n    "item_template_view_css_id":"",\r\n    "item_template_view_id":"236",\r\n    "item_theme_id":"98",\r\n    "item_wrap_view_css_class":"",\r\n    "item_wrap_view_css_id":"",\r\n    "item_wrap_view_id":"58",\r\n\r\n    "list_include_archived_content":"1",\r\n    "list_include_category_list":"",\r\n    "list_include_created_by_list":"",\r\n    "list_include_featured_content":"1",\r\n    "list_include_published_date_begin":"",\r\n    "list_include_published_date_end":"",\r\n    "list_include_stickied_content":"1",\r\n    "list_include_tag_list":"",\r\n    "list_length":"5",\r\n    "list_model_count":"5",\r\n    "list_model_direction":"",\r\n    "list_model_name":"",\r\n    "list_model_offset":"0",\r\n    "list_model_ordering":"",\r\n    "list_model_query_object":"",\r\n    "list_model_type":"",\r\n    "list_order_by_direction":"ASC",\r\n    "list_order_by_field":"a.start_publishing_datetime",\r\n    "list_page_view_css_class":"",\r\n    "list_page_view_css_id":"",\r\n    "list_page_view_id":"",\r\n    "list_template_view_css_class":"",\r\n    "list_template_view_css_id":"",\r\n    "list_template_view_id":"",\r\n    "list_theme_id":"98",\r\n    "list_wrap_view_css_class":"",\r\n    "list_wrap_view_css_id":"",\r\n    "list_wrap_view_id":"0",\r\n\r\n    "log_user_activity_create":"0",\r\n    "log_user_activity_delete":"1",\r\n    "log_user_activity_read":"1",\r\n    "log_user_activity_update":"1",\r\n\r\n    "menu_extension_instance_id":"",\r\n    "mustache":"0",\r\n    "parent_menuitem":""}', '{"title":"Molajo Article Resource", \r\n"description":"Welcome to the Molajo Article Resource",\r\n"keywords":"articles, molajo", \r\n"robots":"follow, index",\r\n"author":"Amy Stephen", \r\n"content_rights":"CC"}', 'en-GB', 0, 3);
INSERT INTO `molajo_extension_instances` (`id`, `extension_id`, `catalog_type_id`, `title`, `subtitle`, `alias`, `content_text`, `protected`, `featured`, `stickied`, `status`, `start_publishing_datetime`, `stop_publishing_datetime`, `version`, `version_of_id`, `status_prior_to_version`, `created_datetime`, `created_by`, `modified_datetime`, `modified_by`, `checked_out_datetime`, `checked_out_by`, `customfields`, `parameters`, `metadata`, `language`, `translation_of_id`, `ordering`) VALUES
(5050, 5050, 1425, 'Client', 'Services', '', '', 1, 0, 0, 1, '2012-07-01 12:00:00', '0000-00-00 00:00:00', 1, 0, 0, '2012-07-01 12:00:00', 0, '2012-07-01 12:00:00', 0, '0000-00-00 00:00:00', 0, '{}', '{"asset_priority_application":"200",\r\n    "asset_priority_category":"600",\r\n    "asset_priority_extension":"400",\r\n    "asset_priority_menu_item":"700",\r\n    "asset_priority_request":"500",\r\n    "asset_priority_site":"100",\r\n    "asset_priority_source":"800",\r\n    "asset_priority_theme":"900",\r\n    "asset_priority_user":"300",\r\n\r\n    "cache":"1",\r\n    "cache_handler":"file",\r\n    "cache_time":"15",\r\n\r\n    "criteria_display_view_on_no_results":"1",\r\n    "criteria_snippet_length":"200",\r\n    "criteria_title":"",\r\n"content_catalog_type_id":"10000",\r\n\r\n    "enable_comments":"1",\r\n    "enable_draft_save":"1",\r\n    "enable_hit_counts":"1",\r\n    "enable_maximum_version_count":"5",\r\n    "enable_notifications":"1",\r\n    "enable_ping":"1",\r\n    "enable_ratings":"1",\r\n    "enable_retain_versions_after_delete":"1",\r\n    "enable_spam_protection":"1",\r\n    "enable_tweets":"1",\r\n    "enable_version_history":"1",\r\n\r\n    "form_model_name":"",\r\n    "form_model_query_object":"",\r\n    "form_model_type":"",\r\n    "form_page_view_css_class":"",\r\n    "form_page_view_css_id":"",\r\n    "form_page_view_id":"",\r\n    "form_template_view_css_class":"",\r\n    "form_template_view_css_id":"",\r\n    "form_template_view_id":"",\r\n    "form_theme_id":"98",\r\n    "form_wrap_view_css_class":"",\r\n    "form_wrap_view_css_id":"",\r\n    "form_wrap_view_id":"0",\r\n\r\n    "item_model_name":"Articles",\r\n    "item_model_query_object":"Item",\r\n    "item_model_type":"Table",\r\n    "item_page_view_css_class":"",\r\n    "item_page_view_css_id":"",\r\n    "item_page_view_id":"124",\r\n    "item_template_view_css_class":"",\r\n    "item_template_view_css_id":"",\r\n    "item_template_view_id":"236",\r\n    "item_theme_id":"98",\r\n    "item_wrap_view_css_class":"",\r\n    "item_wrap_view_css_id":"",\r\n    "item_wrap_view_id":"58",\r\n\r\n    "list_include_archived_content":"1",\r\n    "list_include_category_list":"",\r\n    "list_include_created_by_list":"",\r\n    "list_include_featured_content":"1",\r\n    "list_include_published_date_begin":"",\r\n    "list_include_published_date_end":"",\r\n    "list_include_stickied_content":"1",\r\n    "list_include_tag_list":"",\r\n    "list_length":"5",\r\n    "list_model_count":"5",\r\n    "list_model_direction":"",\r\n    "list_model_name":"",\r\n    "list_model_offset":"0",\r\n    "list_model_ordering":"",\r\n    "list_model_query_object":"",\r\n    "list_model_type":"",\r\n    "list_order_by_direction":"ASC",\r\n    "list_order_by_field":"a.start_publishing_datetime",\r\n    "list_page_view_css_class":"",\r\n    "list_page_view_css_id":"",\r\n    "list_page_view_id":"",\r\n    "list_template_view_css_class":"",\r\n    "list_template_view_css_id":"",\r\n    "list_template_view_id":"",\r\n    "list_theme_id":"98",\r\n    "list_wrap_view_css_class":"",\r\n    "list_wrap_view_css_id":"",\r\n    "list_wrap_view_id":"0",\r\n\r\n    "log_user_activity_create":"0",\r\n    "log_user_activity_delete":"1",\r\n    "log_user_activity_read":"1",\r\n    "log_user_activity_update":"1",\r\n\r\n    "menu_extension_instance_id":"",\r\n    "mustache":"0",\r\n    "parent_menuitem":""}', '{"title":"Molajo Article Resource", \r\n"description":"Welcome to the Molajo Article Resource",\r\n"keywords":"articles, molajo", \r\n"robots":"follow, index",\r\n"author":"Amy Stephen", \r\n"content_rights":"CC"}', 'en-GB', 0, 4),
(5060, 5060, 1425, 'Configuration', 'Services', '', '', 1, 0, 0, 1, '2012-07-01 12:00:00', '0000-00-00 00:00:00', 1, 0, 0, '2012-07-01 12:00:00', 0, '2012-07-01 12:00:00', 0, '0000-00-00 00:00:00', 0, '{}', '{"asset_priority_application":"200",\r\n    "asset_priority_category":"600",\r\n    "asset_priority_extension":"400",\r\n    "asset_priority_menu_item":"700",\r\n    "asset_priority_request":"500",\r\n    "asset_priority_site":"100",\r\n    "asset_priority_source":"800",\r\n    "asset_priority_theme":"900",\r\n    "asset_priority_user":"300",\r\n\r\n    "cache":"1",\r\n    "cache_handler":"file",\r\n    "cache_time":"15",\r\n\r\n    "criteria_display_view_on_no_results":"1",\r\n    "criteria_snippet_length":"200",\r\n    "criteria_title":"",\r\n"content_catalog_type_id":"10000",\r\n\r\n    "enable_comments":"1",\r\n    "enable_draft_save":"1",\r\n    "enable_hit_counts":"1",\r\n    "enable_maximum_version_count":"5",\r\n    "enable_notifications":"1",\r\n    "enable_ping":"1",\r\n    "enable_ratings":"1",\r\n    "enable_retain_versions_after_delete":"1",\r\n    "enable_spam_protection":"1",\r\n    "enable_tweets":"1",\r\n    "enable_version_history":"1",\r\n\r\n    "form_model_name":"",\r\n    "form_model_query_object":"",\r\n    "form_model_type":"",\r\n    "form_page_view_css_class":"",\r\n    "form_page_view_css_id":"",\r\n    "form_page_view_id":"",\r\n    "form_template_view_css_class":"",\r\n    "form_template_view_css_id":"",\r\n    "form_template_view_id":"",\r\n    "form_theme_id":"98",\r\n    "form_wrap_view_css_class":"",\r\n    "form_wrap_view_css_id":"",\r\n    "form_wrap_view_id":"0",\r\n\r\n    "item_model_name":"Articles",\r\n    "item_model_query_object":"Item",\r\n    "item_model_type":"Table",\r\n    "item_page_view_css_class":"",\r\n    "item_page_view_css_id":"",\r\n    "item_page_view_id":"124",\r\n    "item_template_view_css_class":"",\r\n    "item_template_view_css_id":"",\r\n    "item_template_view_id":"236",\r\n    "item_theme_id":"98",\r\n    "item_wrap_view_css_class":"",\r\n    "item_wrap_view_css_id":"",\r\n    "item_wrap_view_id":"58",\r\n\r\n    "list_include_archived_content":"1",\r\n    "list_include_category_list":"",\r\n    "list_include_created_by_list":"",\r\n    "list_include_featured_content":"1",\r\n    "list_include_published_date_begin":"",\r\n    "list_include_published_date_end":"",\r\n    "list_include_stickied_content":"1",\r\n    "list_include_tag_list":"",\r\n    "list_length":"5",\r\n    "list_model_count":"5",\r\n    "list_model_direction":"",\r\n    "list_model_name":"",\r\n    "list_model_offset":"0",\r\n    "list_model_ordering":"",\r\n    "list_model_query_object":"",\r\n    "list_model_type":"",\r\n    "list_order_by_direction":"ASC",\r\n    "list_order_by_field":"a.start_publishing_datetime",\r\n    "list_page_view_css_class":"",\r\n    "list_page_view_css_id":"",\r\n    "list_page_view_id":"",\r\n    "list_template_view_css_class":"",\r\n    "list_template_view_css_id":"",\r\n    "list_template_view_id":"",\r\n    "list_theme_id":"98",\r\n    "list_wrap_view_css_class":"",\r\n    "list_wrap_view_css_id":"",\r\n    "list_wrap_view_id":"0",\r\n\r\n    "log_user_activity_create":"0",\r\n    "log_user_activity_delete":"1",\r\n    "log_user_activity_read":"1",\r\n    "log_user_activity_update":"1",\r\n\r\n    "menu_extension_instance_id":"",\r\n    "mustache":"0",\r\n    "parent_menuitem":""}', '{"title":"Molajo Article Resource", \r\n"description":"Welcome to the Molajo Article Resource",\r\n"keywords":"articles, molajo", \r\n"robots":"follow, index",\r\n"author":"Amy Stephen", \r\n"content_rights":"CC"}', 'en-GB', 0, 5),
(5070, 5070, 1425, 'Cookie', 'Services', '', '', 1, 0, 0, 1, '2012-07-01 12:00:00', '0000-00-00 00:00:00', 1, 0, 0, '2012-07-01 12:00:00', 0, '2012-07-01 12:00:00', 0, '0000-00-00 00:00:00', 0, '{}', '{"asset_priority_application":"200",\r\n    "asset_priority_category":"600",\r\n    "asset_priority_extension":"400",\r\n    "asset_priority_menu_item":"700",\r\n    "asset_priority_request":"500",\r\n    "asset_priority_site":"100",\r\n    "asset_priority_source":"800",\r\n    "asset_priority_theme":"900",\r\n    "asset_priority_user":"300",\r\n\r\n    "cache":"1",\r\n    "cache_handler":"file",\r\n    "cache_time":"15",\r\n\r\n    "criteria_display_view_on_no_results":"1",\r\n    "criteria_snippet_length":"200",\r\n    "criteria_title":"",\r\n"content_catalog_type_id":"10000",\r\n\r\n    "enable_comments":"1",\r\n    "enable_draft_save":"1",\r\n    "enable_hit_counts":"1",\r\n    "enable_maximum_version_count":"5",\r\n    "enable_notifications":"1",\r\n    "enable_ping":"1",\r\n    "enable_ratings":"1",\r\n    "enable_retain_versions_after_delete":"1",\r\n    "enable_spam_protection":"1",\r\n    "enable_tweets":"1",\r\n    "enable_version_history":"1",\r\n\r\n    "form_model_name":"",\r\n    "form_model_query_object":"",\r\n    "form_model_type":"",\r\n    "form_page_view_css_class":"",\r\n    "form_page_view_css_id":"",\r\n    "form_page_view_id":"",\r\n    "form_template_view_css_class":"",\r\n    "form_template_view_css_id":"",\r\n    "form_template_view_id":"",\r\n    "form_theme_id":"98",\r\n    "form_wrap_view_css_class":"",\r\n    "form_wrap_view_css_id":"",\r\n    "form_wrap_view_id":"0",\r\n\r\n    "item_model_name":"Articles",\r\n    "item_model_query_object":"Item",\r\n    "item_model_type":"Table",\r\n    "item_page_view_css_class":"",\r\n    "item_page_view_css_id":"",\r\n    "item_page_view_id":"124",\r\n    "item_template_view_css_class":"",\r\n    "item_template_view_css_id":"",\r\n    "item_template_view_id":"236",\r\n    "item_theme_id":"98",\r\n    "item_wrap_view_css_class":"",\r\n    "item_wrap_view_css_id":"",\r\n    "item_wrap_view_id":"58",\r\n\r\n    "list_include_archived_content":"1",\r\n    "list_include_category_list":"",\r\n    "list_include_created_by_list":"",\r\n    "list_include_featured_content":"1",\r\n    "list_include_published_date_begin":"",\r\n    "list_include_published_date_end":"",\r\n    "list_include_stickied_content":"1",\r\n    "list_include_tag_list":"",\r\n    "list_length":"5",\r\n    "list_model_count":"5",\r\n    "list_model_direction":"",\r\n    "list_model_name":"",\r\n    "list_model_offset":"0",\r\n    "list_model_ordering":"",\r\n    "list_model_query_object":"",\r\n    "list_model_type":"",\r\n    "list_order_by_direction":"ASC",\r\n    "list_order_by_field":"a.start_publishing_datetime",\r\n    "list_page_view_css_class":"",\r\n    "list_page_view_css_id":"",\r\n    "list_page_view_id":"",\r\n    "list_template_view_css_class":"",\r\n    "list_template_view_css_id":"",\r\n    "list_template_view_id":"",\r\n    "list_theme_id":"98",\r\n    "list_wrap_view_css_class":"",\r\n    "list_wrap_view_css_id":"",\r\n    "list_wrap_view_id":"0",\r\n\r\n    "log_user_activity_create":"0",\r\n    "log_user_activity_delete":"1",\r\n    "log_user_activity_read":"1",\r\n    "log_user_activity_update":"1",\r\n\r\n    "menu_extension_instance_id":"",\r\n    "mustache":"0",\r\n    "parent_menuitem":""}', '{"title":"Molajo Article Resource", \r\n"description":"Welcome to the Molajo Article Resource",\r\n"keywords":"articles, molajo", \r\n"robots":"follow, index",\r\n"author":"Amy Stephen", \r\n"content_rights":"CC"}', 'en-GB', 0, 6),
(5080, 5080, 1425, 'Date', 'Services', '', '', 1, 0, 0, 1, '2012-07-01 12:00:00', '0000-00-00 00:00:00', 1, 0, 0, '2012-07-01 12:00:00', 0, '2012-07-01 12:00:00', 0, '0000-00-00 00:00:00', 0, '{}', '{"asset_priority_application":"200",\r\n    "asset_priority_category":"600",\r\n    "asset_priority_extension":"400",\r\n    "asset_priority_menu_item":"700",\r\n    "asset_priority_request":"500",\r\n    "asset_priority_site":"100",\r\n    "asset_priority_source":"800",\r\n    "asset_priority_theme":"900",\r\n    "asset_priority_user":"300",\r\n\r\n    "cache":"1",\r\n    "cache_handler":"file",\r\n    "cache_time":"15",\r\n\r\n    "criteria_display_view_on_no_results":"1",\r\n    "criteria_snippet_length":"200",\r\n    "criteria_title":"",\r\n"content_catalog_type_id":"10000",\r\n\r\n    "enable_comments":"1",\r\n    "enable_draft_save":"1",\r\n    "enable_hit_counts":"1",\r\n    "enable_maximum_version_count":"5",\r\n    "enable_notifications":"1",\r\n    "enable_ping":"1",\r\n    "enable_ratings":"1",\r\n    "enable_retain_versions_after_delete":"1",\r\n    "enable_spam_protection":"1",\r\n    "enable_tweets":"1",\r\n    "enable_version_history":"1",\r\n\r\n    "form_model_name":"",\r\n    "form_model_query_object":"",\r\n    "form_model_type":"",\r\n    "form_page_view_css_class":"",\r\n    "form_page_view_css_id":"",\r\n    "form_page_view_id":"",\r\n    "form_template_view_css_class":"",\r\n    "form_template_view_css_id":"",\r\n    "form_template_view_id":"",\r\n    "form_theme_id":"98",\r\n    "form_wrap_view_css_class":"",\r\n    "form_wrap_view_css_id":"",\r\n    "form_wrap_view_id":"0",\r\n\r\n    "item_model_name":"Articles",\r\n    "item_model_query_object":"Item",\r\n    "item_model_type":"Table",\r\n    "item_page_view_css_class":"",\r\n    "item_page_view_css_id":"",\r\n    "item_page_view_id":"124",\r\n    "item_template_view_css_class":"",\r\n    "item_template_view_css_id":"",\r\n    "item_template_view_id":"236",\r\n    "item_theme_id":"98",\r\n    "item_wrap_view_css_class":"",\r\n    "item_wrap_view_css_id":"",\r\n    "item_wrap_view_id":"58",\r\n\r\n    "list_include_archived_content":"1",\r\n    "list_include_category_list":"",\r\n    "list_include_created_by_list":"",\r\n    "list_include_featured_content":"1",\r\n    "list_include_published_date_begin":"",\r\n    "list_include_published_date_end":"",\r\n    "list_include_stickied_content":"1",\r\n    "list_include_tag_list":"",\r\n    "list_length":"5",\r\n    "list_model_count":"5",\r\n    "list_model_direction":"",\r\n    "list_model_name":"",\r\n    "list_model_offset":"0",\r\n    "list_model_ordering":"",\r\n    "list_model_query_object":"",\r\n    "list_model_type":"",\r\n    "list_order_by_direction":"ASC",\r\n    "list_order_by_field":"a.start_publishing_datetime",\r\n    "list_page_view_css_class":"",\r\n    "list_page_view_css_id":"",\r\n    "list_page_view_id":"",\r\n    "list_template_view_css_class":"",\r\n    "list_template_view_css_id":"",\r\n    "list_template_view_id":"",\r\n    "list_theme_id":"98",\r\n    "list_wrap_view_css_class":"",\r\n    "list_wrap_view_css_id":"",\r\n    "list_wrap_view_id":"0",\r\n\r\n    "log_user_activity_create":"0",\r\n    "log_user_activity_delete":"1",\r\n    "log_user_activity_read":"1",\r\n    "log_user_activity_update":"1",\r\n\r\n    "menu_extension_instance_id":"",\r\n    "mustache":"0",\r\n    "parent_menuitem":""}', '{"title":"Molajo Article Resource", \r\n"description":"Welcome to the Molajo Article Resource",\r\n"keywords":"articles, molajo", \r\n"robots":"follow, index",\r\n"author":"Amy Stephen", \r\n"content_rights":"CC"}', 'en-GB', 0, 7),
(5090, 5090, 1425, 'Error', 'Services', '', '', 1, 0, 0, 1, '2012-07-01 12:00:00', '0000-00-00 00:00:00', 1, 0, 0, '2012-07-01 12:00:00', 0, '2012-07-01 12:00:00', 0, '0000-00-00 00:00:00', 0, '{}', '{"asset_priority_application":"200",\r\n    "asset_priority_category":"600",\r\n    "asset_priority_extension":"400",\r\n    "asset_priority_menu_item":"700",\r\n    "asset_priority_request":"500",\r\n    "asset_priority_site":"100",\r\n    "asset_priority_source":"800",\r\n    "asset_priority_theme":"900",\r\n    "asset_priority_user":"300",\r\n\r\n    "cache":"1",\r\n    "cache_handler":"file",\r\n    "cache_time":"15",\r\n\r\n    "criteria_display_view_on_no_results":"1",\r\n    "criteria_snippet_length":"200",\r\n    "criteria_title":"",\r\n"content_catalog_type_id":"10000",\r\n\r\n    "enable_comments":"1",\r\n    "enable_draft_save":"1",\r\n    "enable_hit_counts":"1",\r\n    "enable_maximum_version_count":"5",\r\n    "enable_notifications":"1",\r\n    "enable_ping":"1",\r\n    "enable_ratings":"1",\r\n    "enable_retain_versions_after_delete":"1",\r\n    "enable_spam_protection":"1",\r\n    "enable_tweets":"1",\r\n    "enable_version_history":"1",\r\n\r\n    "form_model_name":"",\r\n    "form_model_query_object":"",\r\n    "form_model_type":"",\r\n    "form_page_view_css_class":"",\r\n    "form_page_view_css_id":"",\r\n    "form_page_view_id":"",\r\n    "form_template_view_css_class":"",\r\n    "form_template_view_css_id":"",\r\n    "form_template_view_id":"",\r\n    "form_theme_id":"98",\r\n    "form_wrap_view_css_class":"",\r\n    "form_wrap_view_css_id":"",\r\n    "form_wrap_view_id":"0",\r\n\r\n    "item_model_name":"Articles",\r\n    "item_model_query_object":"Item",\r\n    "item_model_type":"Table",\r\n    "item_page_view_css_class":"",\r\n    "item_page_view_css_id":"",\r\n    "item_page_view_id":"124",\r\n    "item_template_view_css_class":"",\r\n    "item_template_view_css_id":"",\r\n    "item_template_view_id":"236",\r\n    "item_theme_id":"98",\r\n    "item_wrap_view_css_class":"",\r\n    "item_wrap_view_css_id":"",\r\n    "item_wrap_view_id":"58",\r\n\r\n    "list_include_archived_content":"1",\r\n    "list_include_category_list":"",\r\n    "list_include_created_by_list":"",\r\n    "list_include_featured_content":"1",\r\n    "list_include_published_date_begin":"",\r\n    "list_include_published_date_end":"",\r\n    "list_include_stickied_content":"1",\r\n    "list_include_tag_list":"",\r\n    "list_length":"5",\r\n    "list_model_count":"5",\r\n    "list_model_direction":"",\r\n    "list_model_name":"",\r\n    "list_model_offset":"0",\r\n    "list_model_ordering":"",\r\n    "list_model_query_object":"",\r\n    "list_model_type":"",\r\n    "list_order_by_direction":"ASC",\r\n    "list_order_by_field":"a.start_publishing_datetime",\r\n    "list_page_view_css_class":"",\r\n    "list_page_view_css_id":"",\r\n    "list_page_view_id":"",\r\n    "list_template_view_css_class":"",\r\n    "list_template_view_css_id":"",\r\n    "list_template_view_id":"",\r\n    "list_theme_id":"98",\r\n    "list_wrap_view_css_class":"",\r\n    "list_wrap_view_css_id":"",\r\n    "list_wrap_view_id":"0",\r\n\r\n    "log_user_activity_create":"0",\r\n    "log_user_activity_delete":"1",\r\n    "log_user_activity_read":"1",\r\n    "log_user_activity_update":"1",\r\n\r\n    "menu_extension_instance_id":"",\r\n    "mustache":"0",\r\n    "parent_menuitem":""}', '{"title":"Molajo Article Resource", \r\n"description":"Welcome to the Molajo Article Resource",\r\n"keywords":"articles, molajo", \r\n"robots":"follow, index",\r\n"author":"Amy Stephen", \r\n"content_rights":"CC"}', 'en-GB', 0, 8),
(5100, 5100, 1425, 'Event', 'Services', '', '', 1, 0, 0, 1, '2012-07-01 12:00:00', '0000-00-00 00:00:00', 1, 0, 0, '2012-07-01 12:00:00', 0, '2012-07-01 12:00:00', 0, '0000-00-00 00:00:00', 0, '{}', '{"asset_priority_application":"200",\r\n    "asset_priority_category":"600",\r\n    "asset_priority_extension":"400",\r\n    "asset_priority_menu_item":"700",\r\n    "asset_priority_request":"500",\r\n    "asset_priority_site":"100",\r\n    "asset_priority_source":"800",\r\n    "asset_priority_theme":"900",\r\n    "asset_priority_user":"300",\r\n\r\n    "cache":"1",\r\n    "cache_handler":"file",\r\n    "cache_time":"15",\r\n\r\n    "criteria_display_view_on_no_results":"1",\r\n    "criteria_snippet_length":"200",\r\n    "criteria_title":"",\r\n"content_catalog_type_id":"10000",\r\n\r\n    "enable_comments":"1",\r\n    "enable_draft_save":"1",\r\n    "enable_hit_counts":"1",\r\n    "enable_maximum_version_count":"5",\r\n    "enable_notifications":"1",\r\n    "enable_ping":"1",\r\n    "enable_ratings":"1",\r\n    "enable_retain_versions_after_delete":"1",\r\n    "enable_spam_protection":"1",\r\n    "enable_tweets":"1",\r\n    "enable_version_history":"1",\r\n\r\n    "form_model_name":"",\r\n    "form_model_query_object":"",\r\n    "form_model_type":"",\r\n    "form_page_view_css_class":"",\r\n    "form_page_view_css_id":"",\r\n    "form_page_view_id":"",\r\n    "form_template_view_css_class":"",\r\n    "form_template_view_css_id":"",\r\n    "form_template_view_id":"",\r\n    "form_theme_id":"98",\r\n    "form_wrap_view_css_class":"",\r\n    "form_wrap_view_css_id":"",\r\n    "form_wrap_view_id":"0",\r\n\r\n    "item_model_name":"Articles",\r\n    "item_model_query_object":"Item",\r\n    "item_model_type":"Table",\r\n    "item_page_view_css_class":"",\r\n    "item_page_view_css_id":"",\r\n    "item_page_view_id":"124",\r\n    "item_template_view_css_class":"",\r\n    "item_template_view_css_id":"",\r\n    "item_template_view_id":"236",\r\n    "item_theme_id":"98",\r\n    "item_wrap_view_css_class":"",\r\n    "item_wrap_view_css_id":"",\r\n    "item_wrap_view_id":"58",\r\n\r\n    "list_include_archived_content":"1",\r\n    "list_include_category_list":"",\r\n    "list_include_created_by_list":"",\r\n    "list_include_featured_content":"1",\r\n    "list_include_published_date_begin":"",\r\n    "list_include_published_date_end":"",\r\n    "list_include_stickied_content":"1",\r\n    "list_include_tag_list":"",\r\n    "list_length":"5",\r\n    "list_model_count":"5",\r\n    "list_model_direction":"",\r\n    "list_model_name":"",\r\n    "list_model_offset":"0",\r\n    "list_model_ordering":"",\r\n    "list_model_query_object":"",\r\n    "list_model_type":"",\r\n    "list_order_by_direction":"ASC",\r\n    "list_order_by_field":"a.start_publishing_datetime",\r\n    "list_page_view_css_class":"",\r\n    "list_page_view_css_id":"",\r\n    "list_page_view_id":"",\r\n    "list_template_view_css_class":"",\r\n    "list_template_view_css_id":"",\r\n    "list_template_view_id":"",\r\n    "list_theme_id":"98",\r\n    "list_wrap_view_css_class":"",\r\n    "list_wrap_view_css_id":"",\r\n    "list_wrap_view_id":"0",\r\n\r\n    "log_user_activity_create":"0",\r\n    "log_user_activity_delete":"1",\r\n    "log_user_activity_read":"1",\r\n    "log_user_activity_update":"1",\r\n\r\n    "menu_extension_instance_id":"",\r\n    "mustache":"0",\r\n    "parent_menuitem":""}', '{"title":"Molajo Article Resource", \r\n"description":"Welcome to the Molajo Article Resource",\r\n"keywords":"articles, molajo", \r\n"robots":"follow, index",\r\n"author":"Amy Stephen", \r\n"content_rights":"CC"}', 'en-GB', 0, 9),
(5110, 5110, 1425, 'Filesystem', 'Services', '', '', 1, 0, 0, 1, '2012-07-01 12:00:00', '0000-00-00 00:00:00', 1, 0, 0, '2012-07-01 12:00:00', 0, '2012-07-01 12:00:00', 0, '0000-00-00 00:00:00', 0, '{}', '{"asset_priority_application":"200",\r\n    "asset_priority_category":"600",\r\n    "asset_priority_extension":"400",\r\n    "asset_priority_menu_item":"700",\r\n    "asset_priority_request":"500",\r\n    "asset_priority_site":"100",\r\n    "asset_priority_source":"800",\r\n    "asset_priority_theme":"900",\r\n    "asset_priority_user":"300",\r\n\r\n    "cache":"1",\r\n    "cache_handler":"file",\r\n    "cache_time":"15",\r\n\r\n    "criteria_display_view_on_no_results":"1",\r\n    "criteria_snippet_length":"200",\r\n    "criteria_title":"",\r\n"content_catalog_type_id":"10000",\r\n\r\n    "enable_comments":"1",\r\n    "enable_draft_save":"1",\r\n    "enable_hit_counts":"1",\r\n    "enable_maximum_version_count":"5",\r\n    "enable_notifications":"1",\r\n    "enable_ping":"1",\r\n    "enable_ratings":"1",\r\n    "enable_retain_versions_after_delete":"1",\r\n    "enable_spam_protection":"1",\r\n    "enable_tweets":"1",\r\n    "enable_version_history":"1",\r\n\r\n    "form_model_name":"",\r\n    "form_model_query_object":"",\r\n    "form_model_type":"",\r\n    "form_page_view_css_class":"",\r\n    "form_page_view_css_id":"",\r\n    "form_page_view_id":"",\r\n    "form_template_view_css_class":"",\r\n    "form_template_view_css_id":"",\r\n    "form_template_view_id":"",\r\n    "form_theme_id":"98",\r\n    "form_wrap_view_css_class":"",\r\n    "form_wrap_view_css_id":"",\r\n    "form_wrap_view_id":"0",\r\n\r\n    "item_model_name":"Articles",\r\n    "item_model_query_object":"Item",\r\n    "item_model_type":"Table",\r\n    "item_page_view_css_class":"",\r\n    "item_page_view_css_id":"",\r\n    "item_page_view_id":"124",\r\n    "item_template_view_css_class":"",\r\n    "item_template_view_css_id":"",\r\n    "item_template_view_id":"236",\r\n    "item_theme_id":"98",\r\n    "item_wrap_view_css_class":"",\r\n    "item_wrap_view_css_id":"",\r\n    "item_wrap_view_id":"58",\r\n\r\n    "list_include_archived_content":"1",\r\n    "list_include_category_list":"",\r\n    "list_include_created_by_list":"",\r\n    "list_include_featured_content":"1",\r\n    "list_include_published_date_begin":"",\r\n    "list_include_published_date_end":"",\r\n    "list_include_stickied_content":"1",\r\n    "list_include_tag_list":"",\r\n    "list_length":"5",\r\n    "list_model_count":"5",\r\n    "list_model_direction":"",\r\n    "list_model_name":"",\r\n    "list_model_offset":"0",\r\n    "list_model_ordering":"",\r\n    "list_model_query_object":"",\r\n    "list_model_type":"",\r\n    "list_order_by_direction":"ASC",\r\n    "list_order_by_field":"a.start_publishing_datetime",\r\n    "list_page_view_css_class":"",\r\n    "list_page_view_css_id":"",\r\n    "list_page_view_id":"",\r\n    "list_template_view_css_class":"",\r\n    "list_template_view_css_id":"",\r\n    "list_template_view_id":"",\r\n    "list_theme_id":"98",\r\n    "list_wrap_view_css_class":"",\r\n    "list_wrap_view_css_id":"",\r\n    "list_wrap_view_id":"0",\r\n\r\n    "log_user_activity_create":"0",\r\n    "log_user_activity_delete":"1",\r\n    "log_user_activity_read":"1",\r\n    "log_user_activity_update":"1",\r\n\r\n    "menu_extension_instance_id":"",\r\n    "mustache":"0",\r\n    "parent_menuitem":""}', '{"title":"Molajo Article Resource", \r\n"description":"Welcome to the Molajo Article Resource",\r\n"keywords":"articles, molajo", \r\n"robots":"follow, index",\r\n"author":"Amy Stephen", \r\n"content_rights":"CC"}', 'en-GB', 0, 10),
(5120, 5120, 1425, 'Filter', 'Services', '', '', 1, 0, 0, 1, '2012-07-01 12:00:00', '0000-00-00 00:00:00', 1, 0, 0, '2012-07-01 12:00:00', 0, '2012-07-01 12:00:00', 0, '0000-00-00 00:00:00', 0, '{}', '{"asset_priority_application":"200",\r\n    "asset_priority_category":"600",\r\n    "asset_priority_extension":"400",\r\n    "asset_priority_menu_item":"700",\r\n    "asset_priority_request":"500",\r\n    "asset_priority_site":"100",\r\n    "asset_priority_source":"800",\r\n    "asset_priority_theme":"900",\r\n    "asset_priority_user":"300",\r\n\r\n    "cache":"1",\r\n    "cache_handler":"file",\r\n    "cache_time":"15",\r\n\r\n    "criteria_display_view_on_no_results":"1",\r\n    "criteria_snippet_length":"200",\r\n    "criteria_title":"",\r\n"content_catalog_type_id":"10000",\r\n\r\n    "enable_comments":"1",\r\n    "enable_draft_save":"1",\r\n    "enable_hit_counts":"1",\r\n    "enable_maximum_version_count":"5",\r\n    "enable_notifications":"1",\r\n    "enable_ping":"1",\r\n    "enable_ratings":"1",\r\n    "enable_retain_versions_after_delete":"1",\r\n    "enable_spam_protection":"1",\r\n    "enable_tweets":"1",\r\n    "enable_version_history":"1",\r\n\r\n    "form_model_name":"",\r\n    "form_model_query_object":"",\r\n    "form_model_type":"",\r\n    "form_page_view_css_class":"",\r\n    "form_page_view_css_id":"",\r\n    "form_page_view_id":"",\r\n    "form_template_view_css_class":"",\r\n    "form_template_view_css_id":"",\r\n    "form_template_view_id":"",\r\n    "form_theme_id":"98",\r\n    "form_wrap_view_css_class":"",\r\n    "form_wrap_view_css_id":"",\r\n    "form_wrap_view_id":"0",\r\n\r\n    "item_model_name":"Articles",\r\n    "item_model_query_object":"Item",\r\n    "item_model_type":"Table",\r\n    "item_page_view_css_class":"",\r\n    "item_page_view_css_id":"",\r\n    "item_page_view_id":"124",\r\n    "item_template_view_css_class":"",\r\n    "item_template_view_css_id":"",\r\n    "item_template_view_id":"236",\r\n    "item_theme_id":"98",\r\n    "item_wrap_view_css_class":"",\r\n    "item_wrap_view_css_id":"",\r\n    "item_wrap_view_id":"58",\r\n\r\n    "list_include_archived_content":"1",\r\n    "list_include_category_list":"",\r\n    "list_include_created_by_list":"",\r\n    "list_include_featured_content":"1",\r\n    "list_include_published_date_begin":"",\r\n    "list_include_published_date_end":"",\r\n    "list_include_stickied_content":"1",\r\n    "list_include_tag_list":"",\r\n    "list_length":"5",\r\n    "list_model_count":"5",\r\n    "list_model_direction":"",\r\n    "list_model_name":"",\r\n    "list_model_offset":"0",\r\n    "list_model_ordering":"",\r\n    "list_model_query_object":"",\r\n    "list_model_type":"",\r\n    "list_order_by_direction":"ASC",\r\n    "list_order_by_field":"a.start_publishing_datetime",\r\n    "list_page_view_css_class":"",\r\n    "list_page_view_css_id":"",\r\n    "list_page_view_id":"",\r\n    "list_template_view_css_class":"",\r\n    "list_template_view_css_id":"",\r\n    "list_template_view_id":"",\r\n    "list_theme_id":"98",\r\n    "list_wrap_view_css_class":"",\r\n    "list_wrap_view_css_id":"",\r\n    "list_wrap_view_id":"0",\r\n\r\n    "log_user_activity_create":"0",\r\n    "log_user_activity_delete":"1",\r\n    "log_user_activity_read":"1",\r\n    "log_user_activity_update":"1",\r\n\r\n    "menu_extension_instance_id":"",\r\n    "mustache":"0",\r\n    "parent_menuitem":""}', '{"title":"Molajo Article Resource", \r\n"description":"Welcome to the Molajo Article Resource",\r\n"keywords":"articles, molajo", \r\n"robots":"follow, index",\r\n"author":"Amy Stephen", \r\n"content_rights":"CC"}', 'en-GB', 0, 11),
(5130, 5130, 1425, 'Image', 'Services', '', '', 1, 0, 0, 1, '2012-07-01 12:00:00', '0000-00-00 00:00:00', 1, 0, 0, '2012-07-01 12:00:00', 0, '2012-07-01 12:00:00', 0, '0000-00-00 00:00:00', 0, '{}', '{"asset_priority_application":"200",\r\n    "asset_priority_category":"600",\r\n    "asset_priority_extension":"400",\r\n    "asset_priority_menu_item":"700",\r\n    "asset_priority_request":"500",\r\n    "asset_priority_site":"100",\r\n    "asset_priority_source":"800",\r\n    "asset_priority_theme":"900",\r\n    "asset_priority_user":"300",\r\n\r\n    "cache":"1",\r\n    "cache_handler":"file",\r\n    "cache_time":"15",\r\n\r\n    "criteria_display_view_on_no_results":"1",\r\n    "criteria_snippet_length":"200",\r\n    "criteria_title":"",\r\n"content_catalog_type_id":"10000",\r\n\r\n    "enable_comments":"1",\r\n    "enable_draft_save":"1",\r\n    "enable_hit_counts":"1",\r\n    "enable_maximum_version_count":"5",\r\n    "enable_notifications":"1",\r\n    "enable_ping":"1",\r\n    "enable_ratings":"1",\r\n    "enable_retain_versions_after_delete":"1",\r\n    "enable_spam_protection":"1",\r\n    "enable_tweets":"1",\r\n    "enable_version_history":"1",\r\n\r\n    "form_model_name":"",\r\n    "form_model_query_object":"",\r\n    "form_model_type":"",\r\n    "form_page_view_css_class":"",\r\n    "form_page_view_css_id":"",\r\n    "form_page_view_id":"",\r\n    "form_template_view_css_class":"",\r\n    "form_template_view_css_id":"",\r\n    "form_template_view_id":"",\r\n    "form_theme_id":"98",\r\n    "form_wrap_view_css_class":"",\r\n    "form_wrap_view_css_id":"",\r\n    "form_wrap_view_id":"0",\r\n\r\n    "item_model_name":"Articles",\r\n    "item_model_query_object":"Item",\r\n    "item_model_type":"Table",\r\n    "item_page_view_css_class":"",\r\n    "item_page_view_css_id":"",\r\n    "item_page_view_id":"124",\r\n    "item_template_view_css_class":"",\r\n    "item_template_view_css_id":"",\r\n    "item_template_view_id":"236",\r\n    "item_theme_id":"98",\r\n    "item_wrap_view_css_class":"",\r\n    "item_wrap_view_css_id":"",\r\n    "item_wrap_view_id":"58",\r\n\r\n    "list_include_archived_content":"1",\r\n    "list_include_category_list":"",\r\n    "list_include_created_by_list":"",\r\n    "list_include_featured_content":"1",\r\n    "list_include_published_date_begin":"",\r\n    "list_include_published_date_end":"",\r\n    "list_include_stickied_content":"1",\r\n    "list_include_tag_list":"",\r\n    "list_length":"5",\r\n    "list_model_count":"5",\r\n    "list_model_direction":"",\r\n    "list_model_name":"",\r\n    "list_model_offset":"0",\r\n    "list_model_ordering":"",\r\n    "list_model_query_object":"",\r\n    "list_model_type":"",\r\n    "list_order_by_direction":"ASC",\r\n    "list_order_by_field":"a.start_publishing_datetime",\r\n    "list_page_view_css_class":"",\r\n    "list_page_view_css_id":"",\r\n    "list_page_view_id":"",\r\n    "list_template_view_css_class":"",\r\n    "list_template_view_css_id":"",\r\n    "list_template_view_id":"",\r\n    "list_theme_id":"98",\r\n    "list_wrap_view_css_class":"",\r\n    "list_wrap_view_css_id":"",\r\n    "list_wrap_view_id":"0",\r\n\r\n    "log_user_activity_create":"0",\r\n    "log_user_activity_delete":"1",\r\n    "log_user_activity_read":"1",\r\n    "log_user_activity_update":"1",\r\n\r\n    "menu_extension_instance_id":"",\r\n    "mustache":"0",\r\n    "parent_menuitem":""}', '{"title":"Molajo Article Resource", \r\n"description":"Welcome to the Molajo Article Resource",\r\n"keywords":"articles, molajo", \r\n"robots":"follow, index",\r\n"author":"Amy Stephen", \r\n"content_rights":"CC"}', 'en-GB', 0, 12),
(5140, 5140, 1425, 'Install', 'Services', '', '', 1, 0, 0, 1, '2012-07-01 12:00:00', '0000-00-00 00:00:00', 1, 0, 0, '2012-07-01 12:00:00', 0, '2012-07-01 12:00:00', 0, '0000-00-00 00:00:00', 0, '{}', '{"asset_priority_application":"200",\r\n    "asset_priority_category":"600",\r\n    "asset_priority_extension":"400",\r\n    "asset_priority_menu_item":"700",\r\n    "asset_priority_request":"500",\r\n    "asset_priority_site":"100",\r\n    "asset_priority_source":"800",\r\n    "asset_priority_theme":"900",\r\n    "asset_priority_user":"300",\r\n\r\n    "cache":"1",\r\n    "cache_handler":"file",\r\n    "cache_time":"15",\r\n\r\n    "criteria_display_view_on_no_results":"1",\r\n    "criteria_snippet_length":"200",\r\n    "criteria_title":"",\r\n"content_catalog_type_id":"10000",\r\n\r\n    "enable_comments":"1",\r\n    "enable_draft_save":"1",\r\n    "enable_hit_counts":"1",\r\n    "enable_maximum_version_count":"5",\r\n    "enable_notifications":"1",\r\n    "enable_ping":"1",\r\n    "enable_ratings":"1",\r\n    "enable_retain_versions_after_delete":"1",\r\n    "enable_spam_protection":"1",\r\n    "enable_tweets":"1",\r\n    "enable_version_history":"1",\r\n\r\n    "form_model_name":"",\r\n    "form_model_query_object":"",\r\n    "form_model_type":"",\r\n    "form_page_view_css_class":"",\r\n    "form_page_view_css_id":"",\r\n    "form_page_view_id":"",\r\n    "form_template_view_css_class":"",\r\n    "form_template_view_css_id":"",\r\n    "form_template_view_id":"",\r\n    "form_theme_id":"98",\r\n    "form_wrap_view_css_class":"",\r\n    "form_wrap_view_css_id":"",\r\n    "form_wrap_view_id":"0",\r\n\r\n    "item_model_name":"Articles",\r\n    "item_model_query_object":"Item",\r\n    "item_model_type":"Table",\r\n    "item_page_view_css_class":"",\r\n    "item_page_view_css_id":"",\r\n    "item_page_view_id":"124",\r\n    "item_template_view_css_class":"",\r\n    "item_template_view_css_id":"",\r\n    "item_template_view_id":"236",\r\n    "item_theme_id":"98",\r\n    "item_wrap_view_css_class":"",\r\n    "item_wrap_view_css_id":"",\r\n    "item_wrap_view_id":"58",\r\n\r\n    "list_include_archived_content":"1",\r\n    "list_include_category_list":"",\r\n    "list_include_created_by_list":"",\r\n    "list_include_featured_content":"1",\r\n    "list_include_published_date_begin":"",\r\n    "list_include_published_date_end":"",\r\n    "list_include_stickied_content":"1",\r\n    "list_include_tag_list":"",\r\n    "list_length":"5",\r\n    "list_model_count":"5",\r\n    "list_model_direction":"",\r\n    "list_model_name":"",\r\n    "list_model_offset":"0",\r\n    "list_model_ordering":"",\r\n    "list_model_query_object":"",\r\n    "list_model_type":"",\r\n    "list_order_by_direction":"ASC",\r\n    "list_order_by_field":"a.start_publishing_datetime",\r\n    "list_page_view_css_class":"",\r\n    "list_page_view_css_id":"",\r\n    "list_page_view_id":"",\r\n    "list_template_view_css_class":"",\r\n    "list_template_view_css_id":"",\r\n    "list_template_view_id":"",\r\n    "list_theme_id":"98",\r\n    "list_wrap_view_css_class":"",\r\n    "list_wrap_view_css_id":"",\r\n    "list_wrap_view_id":"0",\r\n\r\n    "log_user_activity_create":"0",\r\n    "log_user_activity_delete":"1",\r\n    "log_user_activity_read":"1",\r\n    "log_user_activity_update":"1",\r\n\r\n    "menu_extension_instance_id":"",\r\n    "mustache":"0",\r\n    "parent_menuitem":""}', '{"title":"Molajo Article Resource", \r\n"description":"Welcome to the Molajo Article Resource",\r\n"keywords":"articles, molajo", \r\n"robots":"follow, index",\r\n"author":"Amy Stephen", \r\n"content_rights":"CC"}', 'en-GB', 0, 13),
(5150, 5150, 1425, 'JDatabase', 'Services', '', '', 1, 0, 0, 1, '2012-07-01 12:00:00', '0000-00-00 00:00:00', 1, 0, 0, '2012-07-01 12:00:00', 0, '2012-07-01 12:00:00', 0, '0000-00-00 00:00:00', 0, '{}', '{"asset_priority_application":"200",\r\n    "asset_priority_category":"600",\r\n    "asset_priority_extension":"400",\r\n    "asset_priority_menu_item":"700",\r\n    "asset_priority_request":"500",\r\n    "asset_priority_site":"100",\r\n    "asset_priority_source":"800",\r\n    "asset_priority_theme":"900",\r\n    "asset_priority_user":"300",\r\n\r\n    "cache":"1",\r\n    "cache_handler":"file",\r\n    "cache_time":"15",\r\n\r\n    "criteria_display_view_on_no_results":"1",\r\n    "criteria_snippet_length":"200",\r\n    "criteria_title":"",\r\n"content_catalog_type_id":"10000",\r\n\r\n    "enable_comments":"1",\r\n    "enable_draft_save":"1",\r\n    "enable_hit_counts":"1",\r\n    "enable_maximum_version_count":"5",\r\n    "enable_notifications":"1",\r\n    "enable_ping":"1",\r\n    "enable_ratings":"1",\r\n    "enable_retain_versions_after_delete":"1",\r\n    "enable_spam_protection":"1",\r\n    "enable_tweets":"1",\r\n    "enable_version_history":"1",\r\n\r\n    "form_model_name":"",\r\n    "form_model_query_object":"",\r\n    "form_model_type":"",\r\n    "form_page_view_css_class":"",\r\n    "form_page_view_css_id":"",\r\n    "form_page_view_id":"",\r\n    "form_template_view_css_class":"",\r\n    "form_template_view_css_id":"",\r\n    "form_template_view_id":"",\r\n    "form_theme_id":"98",\r\n    "form_wrap_view_css_class":"",\r\n    "form_wrap_view_css_id":"",\r\n    "form_wrap_view_id":"0",\r\n\r\n    "item_model_name":"Articles",\r\n    "item_model_query_object":"Item",\r\n    "item_model_type":"Table",\r\n    "item_page_view_css_class":"",\r\n    "item_page_view_css_id":"",\r\n    "item_page_view_id":"124",\r\n    "item_template_view_css_class":"",\r\n    "item_template_view_css_id":"",\r\n    "item_template_view_id":"236",\r\n    "item_theme_id":"98",\r\n    "item_wrap_view_css_class":"",\r\n    "item_wrap_view_css_id":"",\r\n    "item_wrap_view_id":"58",\r\n\r\n    "list_include_archived_content":"1",\r\n    "list_include_category_list":"",\r\n    "list_include_created_by_list":"",\r\n    "list_include_featured_content":"1",\r\n    "list_include_published_date_begin":"",\r\n    "list_include_published_date_end":"",\r\n    "list_include_stickied_content":"1",\r\n    "list_include_tag_list":"",\r\n    "list_length":"5",\r\n    "list_model_count":"5",\r\n    "list_model_direction":"",\r\n    "list_model_name":"",\r\n    "list_model_offset":"0",\r\n    "list_model_ordering":"",\r\n    "list_model_query_object":"",\r\n    "list_model_type":"",\r\n    "list_order_by_direction":"ASC",\r\n    "list_order_by_field":"a.start_publishing_datetime",\r\n    "list_page_view_css_class":"",\r\n    "list_page_view_css_id":"",\r\n    "list_page_view_id":"",\r\n    "list_template_view_css_class":"",\r\n    "list_template_view_css_id":"",\r\n    "list_template_view_id":"",\r\n    "list_theme_id":"98",\r\n    "list_wrap_view_css_class":"",\r\n    "list_wrap_view_css_id":"",\r\n    "list_wrap_view_id":"0",\r\n\r\n    "log_user_activity_create":"0",\r\n    "log_user_activity_delete":"1",\r\n    "log_user_activity_read":"1",\r\n    "log_user_activity_update":"1",\r\n\r\n    "menu_extension_instance_id":"",\r\n    "mustache":"0",\r\n    "parent_menuitem":""}', '{"title":"Molajo Article Resource", \r\n"description":"Welcome to the Molajo Article Resource",\r\n"keywords":"articles, molajo", \r\n"robots":"follow, index",\r\n"author":"Amy Stephen", \r\n"content_rights":"CC"}', 'en-GB', 0, 14),
(5160, 5160, 1425, 'Language', 'Services', '', '', 1, 0, 0, 1, '2012-07-01 12:00:00', '0000-00-00 00:00:00', 1, 0, 0, '2012-07-01 12:00:00', 0, '2012-07-01 12:00:00', 0, '0000-00-00 00:00:00', 0, '{}', '{"asset_priority_application":"200",\r\n    "asset_priority_category":"600",\r\n    "asset_priority_extension":"400",\r\n    "asset_priority_menu_item":"700",\r\n    "asset_priority_request":"500",\r\n    "asset_priority_site":"100",\r\n    "asset_priority_source":"800",\r\n    "asset_priority_theme":"900",\r\n    "asset_priority_user":"300",\r\n\r\n    "cache":"1",\r\n    "cache_handler":"file",\r\n    "cache_time":"15",\r\n\r\n    "criteria_display_view_on_no_results":"1",\r\n    "criteria_snippet_length":"200",\r\n    "criteria_title":"",\r\n"content_catalog_type_id":"10000",\r\n\r\n    "enable_comments":"1",\r\n    "enable_draft_save":"1",\r\n    "enable_hit_counts":"1",\r\n    "enable_maximum_version_count":"5",\r\n    "enable_notifications":"1",\r\n    "enable_ping":"1",\r\n    "enable_ratings":"1",\r\n    "enable_retain_versions_after_delete":"1",\r\n    "enable_spam_protection":"1",\r\n    "enable_tweets":"1",\r\n    "enable_version_history":"1",\r\n\r\n    "form_model_name":"",\r\n    "form_model_query_object":"",\r\n    "form_model_type":"",\r\n    "form_page_view_css_class":"",\r\n    "form_page_view_css_id":"",\r\n    "form_page_view_id":"",\r\n    "form_template_view_css_class":"",\r\n    "form_template_view_css_id":"",\r\n    "form_template_view_id":"",\r\n    "form_theme_id":"98",\r\n    "form_wrap_view_css_class":"",\r\n    "form_wrap_view_css_id":"",\r\n    "form_wrap_view_id":"0",\r\n\r\n    "item_model_name":"Articles",\r\n    "item_model_query_object":"Item",\r\n    "item_model_type":"Table",\r\n    "item_page_view_css_class":"",\r\n    "item_page_view_css_id":"",\r\n    "item_page_view_id":"124",\r\n    "item_template_view_css_class":"",\r\n    "item_template_view_css_id":"",\r\n    "item_template_view_id":"236",\r\n    "item_theme_id":"98",\r\n    "item_wrap_view_css_class":"",\r\n    "item_wrap_view_css_id":"",\r\n    "item_wrap_view_id":"58",\r\n\r\n    "list_include_archived_content":"1",\r\n    "list_include_category_list":"",\r\n    "list_include_created_by_list":"",\r\n    "list_include_featured_content":"1",\r\n    "list_include_published_date_begin":"",\r\n    "list_include_published_date_end":"",\r\n    "list_include_stickied_content":"1",\r\n    "list_include_tag_list":"",\r\n    "list_length":"5",\r\n    "list_model_count":"5",\r\n    "list_model_direction":"",\r\n    "list_model_name":"",\r\n    "list_model_offset":"0",\r\n    "list_model_ordering":"",\r\n    "list_model_query_object":"",\r\n    "list_model_type":"",\r\n    "list_order_by_direction":"ASC",\r\n    "list_order_by_field":"a.start_publishing_datetime",\r\n    "list_page_view_css_class":"",\r\n    "list_page_view_css_id":"",\r\n    "list_page_view_id":"",\r\n    "list_template_view_css_class":"",\r\n    "list_template_view_css_id":"",\r\n    "list_template_view_id":"",\r\n    "list_theme_id":"98",\r\n    "list_wrap_view_css_class":"",\r\n    "list_wrap_view_css_id":"",\r\n    "list_wrap_view_id":"0",\r\n\r\n    "log_user_activity_create":"0",\r\n    "log_user_activity_delete":"1",\r\n    "log_user_activity_read":"1",\r\n    "log_user_activity_update":"1",\r\n\r\n    "menu_extension_instance_id":"",\r\n    "mustache":"0",\r\n    "parent_menuitem":""}', '{"title":"Molajo Article Resource", \r\n"description":"Welcome to the Molajo Article Resource",\r\n"keywords":"articles, molajo", \r\n"robots":"follow, index",\r\n"author":"Amy Stephen", \r\n"content_rights":"CC"}', 'en-GB', 0, 15),
(5170, 5170, 1425, 'Log', 'Services', '', '', 1, 0, 0, 1, '2012-07-01 12:00:00', '0000-00-00 00:00:00', 1, 0, 0, '2012-07-01 12:00:00', 0, '2012-07-01 12:00:00', 0, '0000-00-00 00:00:00', 0, '{}', '{"asset_priority_application":"200",\r\n    "asset_priority_category":"600",\r\n    "asset_priority_extension":"400",\r\n    "asset_priority_menu_item":"700",\r\n    "asset_priority_request":"500",\r\n    "asset_priority_site":"100",\r\n    "asset_priority_source":"800",\r\n    "asset_priority_theme":"900",\r\n    "asset_priority_user":"300",\r\n\r\n    "cache":"1",\r\n    "cache_handler":"file",\r\n    "cache_time":"15",\r\n\r\n    "criteria_display_view_on_no_results":"1",\r\n    "criteria_snippet_length":"200",\r\n    "criteria_title":"",\r\n"content_catalog_type_id":"10000",\r\n\r\n    "enable_comments":"1",\r\n    "enable_draft_save":"1",\r\n    "enable_hit_counts":"1",\r\n    "enable_maximum_version_count":"5",\r\n    "enable_notifications":"1",\r\n    "enable_ping":"1",\r\n    "enable_ratings":"1",\r\n    "enable_retain_versions_after_delete":"1",\r\n    "enable_spam_protection":"1",\r\n    "enable_tweets":"1",\r\n    "enable_version_history":"1",\r\n\r\n    "form_model_name":"",\r\n    "form_model_query_object":"",\r\n    "form_model_type":"",\r\n    "form_page_view_css_class":"",\r\n    "form_page_view_css_id":"",\r\n    "form_page_view_id":"",\r\n    "form_template_view_css_class":"",\r\n    "form_template_view_css_id":"",\r\n    "form_template_view_id":"",\r\n    "form_theme_id":"98",\r\n    "form_wrap_view_css_class":"",\r\n    "form_wrap_view_css_id":"",\r\n    "form_wrap_view_id":"0",\r\n\r\n    "item_model_name":"Articles",\r\n    "item_model_query_object":"Item",\r\n    "item_model_type":"Table",\r\n    "item_page_view_css_class":"",\r\n    "item_page_view_css_id":"",\r\n    "item_page_view_id":"124",\r\n    "item_template_view_css_class":"",\r\n    "item_template_view_css_id":"",\r\n    "item_template_view_id":"236",\r\n    "item_theme_id":"98",\r\n    "item_wrap_view_css_class":"",\r\n    "item_wrap_view_css_id":"",\r\n    "item_wrap_view_id":"58",\r\n\r\n    "list_include_archived_content":"1",\r\n    "list_include_category_list":"",\r\n    "list_include_created_by_list":"",\r\n    "list_include_featured_content":"1",\r\n    "list_include_published_date_begin":"",\r\n    "list_include_published_date_end":"",\r\n    "list_include_stickied_content":"1",\r\n    "list_include_tag_list":"",\r\n    "list_length":"5",\r\n    "list_model_count":"5",\r\n    "list_model_direction":"",\r\n    "list_model_name":"",\r\n    "list_model_offset":"0",\r\n    "list_model_ordering":"",\r\n    "list_model_query_object":"",\r\n    "list_model_type":"",\r\n    "list_order_by_direction":"ASC",\r\n    "list_order_by_field":"a.start_publishing_datetime",\r\n    "list_page_view_css_class":"",\r\n    "list_page_view_css_id":"",\r\n    "list_page_view_id":"",\r\n    "list_template_view_css_class":"",\r\n    "list_template_view_css_id":"",\r\n    "list_template_view_id":"",\r\n    "list_theme_id":"98",\r\n    "list_wrap_view_css_class":"",\r\n    "list_wrap_view_css_id":"",\r\n    "list_wrap_view_id":"0",\r\n\r\n    "log_user_activity_create":"0",\r\n    "log_user_activity_delete":"1",\r\n    "log_user_activity_read":"1",\r\n    "log_user_activity_update":"1",\r\n\r\n    "menu_extension_instance_id":"",\r\n    "mustache":"0",\r\n    "parent_menuitem":""}', '{"title":"Molajo Article Resource", \r\n"description":"Welcome to the Molajo Article Resource",\r\n"keywords":"articles, molajo", \r\n"robots":"follow, index",\r\n"author":"Amy Stephen", \r\n"content_rights":"CC"}', 'en-GB', 0, 16);
INSERT INTO `molajo_extension_instances` (`id`, `extension_id`, `catalog_type_id`, `title`, `subtitle`, `alias`, `content_text`, `protected`, `featured`, `stickied`, `status`, `start_publishing_datetime`, `stop_publishing_datetime`, `version`, `version_of_id`, `status_prior_to_version`, `created_datetime`, `created_by`, `modified_datetime`, `modified_by`, `checked_out_datetime`, `checked_out_by`, `customfields`, `parameters`, `metadata`, `language`, `translation_of_id`, `ordering`) VALUES
(5180, 5180, 1425, 'Mail', 'Services', '', '', 1, 0, 0, 1, '2012-07-01 12:00:00', '0000-00-00 00:00:00', 1, 0, 0, '2012-07-01 12:00:00', 0, '2012-07-01 12:00:00', 0, '0000-00-00 00:00:00', 0, '{}', '{"asset_priority_application":"200",\r\n    "asset_priority_category":"600",\r\n    "asset_priority_extension":"400",\r\n    "asset_priority_menu_item":"700",\r\n    "asset_priority_request":"500",\r\n    "asset_priority_site":"100",\r\n    "asset_priority_source":"800",\r\n    "asset_priority_theme":"900",\r\n    "asset_priority_user":"300",\r\n\r\n    "cache":"1",\r\n    "cache_handler":"file",\r\n    "cache_time":"15",\r\n\r\n    "criteria_display_view_on_no_results":"1",\r\n    "criteria_snippet_length":"200",\r\n    "criteria_title":"",\r\n"content_catalog_type_id":"10000",\r\n\r\n    "enable_comments":"1",\r\n    "enable_draft_save":"1",\r\n    "enable_hit_counts":"1",\r\n    "enable_maximum_version_count":"5",\r\n    "enable_notifications":"1",\r\n    "enable_ping":"1",\r\n    "enable_ratings":"1",\r\n    "enable_retain_versions_after_delete":"1",\r\n    "enable_spam_protection":"1",\r\n    "enable_tweets":"1",\r\n    "enable_version_history":"1",\r\n\r\n    "form_model_name":"",\r\n    "form_model_query_object":"",\r\n    "form_model_type":"",\r\n    "form_page_view_css_class":"",\r\n    "form_page_view_css_id":"",\r\n    "form_page_view_id":"",\r\n    "form_template_view_css_class":"",\r\n    "form_template_view_css_id":"",\r\n    "form_template_view_id":"",\r\n    "form_theme_id":"98",\r\n    "form_wrap_view_css_class":"",\r\n    "form_wrap_view_css_id":"",\r\n    "form_wrap_view_id":"0",\r\n\r\n    "item_model_name":"Articles",\r\n    "item_model_query_object":"Item",\r\n    "item_model_type":"Table",\r\n    "item_page_view_css_class":"",\r\n    "item_page_view_css_id":"",\r\n    "item_page_view_id":"124",\r\n    "item_template_view_css_class":"",\r\n    "item_template_view_css_id":"",\r\n    "item_template_view_id":"236",\r\n    "item_theme_id":"98",\r\n    "item_wrap_view_css_class":"",\r\n    "item_wrap_view_css_id":"",\r\n    "item_wrap_view_id":"58",\r\n\r\n    "list_include_archived_content":"1",\r\n    "list_include_category_list":"",\r\n    "list_include_created_by_list":"",\r\n    "list_include_featured_content":"1",\r\n    "list_include_published_date_begin":"",\r\n    "list_include_published_date_end":"",\r\n    "list_include_stickied_content":"1",\r\n    "list_include_tag_list":"",\r\n    "list_length":"5",\r\n    "list_model_count":"5",\r\n    "list_model_direction":"",\r\n    "list_model_name":"",\r\n    "list_model_offset":"0",\r\n    "list_model_ordering":"",\r\n    "list_model_query_object":"",\r\n    "list_model_type":"",\r\n    "list_order_by_direction":"ASC",\r\n    "list_order_by_field":"a.start_publishing_datetime",\r\n    "list_page_view_css_class":"",\r\n    "list_page_view_css_id":"",\r\n    "list_page_view_id":"",\r\n    "list_template_view_css_class":"",\r\n    "list_template_view_css_id":"",\r\n    "list_template_view_id":"",\r\n    "list_theme_id":"98",\r\n    "list_wrap_view_css_class":"",\r\n    "list_wrap_view_css_id":"",\r\n    "list_wrap_view_id":"0",\r\n\r\n    "log_user_activity_create":"0",\r\n    "log_user_activity_delete":"1",\r\n    "log_user_activity_read":"1",\r\n    "log_user_activity_update":"1",\r\n\r\n    "menu_extension_instance_id":"",\r\n    "mustache":"0",\r\n    "parent_menuitem":""}', '{"title":"Molajo Article Resource", \r\n"description":"Welcome to the Molajo Article Resource",\r\n"keywords":"articles, molajo", \r\n"robots":"follow, index",\r\n"author":"Amy Stephen", \r\n"content_rights":"CC"}', 'en-GB', 0, 17),
(5190, 5190, 1425, 'Menu', 'Services', '', '', 1, 0, 0, 1, '2012-07-01 12:00:00', '0000-00-00 00:00:00', 1, 0, 0, '2012-07-01 12:00:00', 0, '2012-07-01 12:00:00', 0, '0000-00-00 00:00:00', 0, '{}', '{"asset_priority_application":"200",\r\n    "asset_priority_category":"600",\r\n    "asset_priority_extension":"400",\r\n    "asset_priority_menu_item":"700",\r\n    "asset_priority_request":"500",\r\n    "asset_priority_site":"100",\r\n    "asset_priority_source":"800",\r\n    "asset_priority_theme":"900",\r\n    "asset_priority_user":"300",\r\n\r\n    "cache":"1",\r\n    "cache_handler":"file",\r\n    "cache_time":"15",\r\n\r\n    "criteria_display_view_on_no_results":"1",\r\n    "criteria_snippet_length":"200",\r\n    "criteria_title":"",\r\n"content_catalog_type_id":"10000",\r\n\r\n    "enable_comments":"1",\r\n    "enable_draft_save":"1",\r\n    "enable_hit_counts":"1",\r\n    "enable_maximum_version_count":"5",\r\n    "enable_notifications":"1",\r\n    "enable_ping":"1",\r\n    "enable_ratings":"1",\r\n    "enable_retain_versions_after_delete":"1",\r\n    "enable_spam_protection":"1",\r\n    "enable_tweets":"1",\r\n    "enable_version_history":"1",\r\n\r\n    "form_model_name":"",\r\n    "form_model_query_object":"",\r\n    "form_model_type":"",\r\n    "form_page_view_css_class":"",\r\n    "form_page_view_css_id":"",\r\n    "form_page_view_id":"",\r\n    "form_template_view_css_class":"",\r\n    "form_template_view_css_id":"",\r\n    "form_template_view_id":"",\r\n    "form_theme_id":"98",\r\n    "form_wrap_view_css_class":"",\r\n    "form_wrap_view_css_id":"",\r\n    "form_wrap_view_id":"0",\r\n\r\n    "item_model_name":"Articles",\r\n    "item_model_query_object":"Item",\r\n    "item_model_type":"Table",\r\n    "item_page_view_css_class":"",\r\n    "item_page_view_css_id":"",\r\n    "item_page_view_id":"124",\r\n    "item_template_view_css_class":"",\r\n    "item_template_view_css_id":"",\r\n    "item_template_view_id":"236",\r\n    "item_theme_id":"98",\r\n    "item_wrap_view_css_class":"",\r\n    "item_wrap_view_css_id":"",\r\n    "item_wrap_view_id":"58",\r\n\r\n    "list_include_archived_content":"1",\r\n    "list_include_category_list":"",\r\n    "list_include_created_by_list":"",\r\n    "list_include_featured_content":"1",\r\n    "list_include_published_date_begin":"",\r\n    "list_include_published_date_end":"",\r\n    "list_include_stickied_content":"1",\r\n    "list_include_tag_list":"",\r\n    "list_length":"5",\r\n    "list_model_count":"5",\r\n    "list_model_direction":"",\r\n    "list_model_name":"",\r\n    "list_model_offset":"0",\r\n    "list_model_ordering":"",\r\n    "list_model_query_object":"",\r\n    "list_model_type":"",\r\n    "list_order_by_direction":"ASC",\r\n    "list_order_by_field":"a.start_publishing_datetime",\r\n    "list_page_view_css_class":"",\r\n    "list_page_view_css_id":"",\r\n    "list_page_view_id":"",\r\n    "list_template_view_css_class":"",\r\n    "list_template_view_css_id":"",\r\n    "list_template_view_id":"",\r\n    "list_theme_id":"98",\r\n    "list_wrap_view_css_class":"",\r\n    "list_wrap_view_css_id":"",\r\n    "list_wrap_view_id":"0",\r\n\r\n    "log_user_activity_create":"0",\r\n    "log_user_activity_delete":"1",\r\n    "log_user_activity_read":"1",\r\n    "log_user_activity_update":"1",\r\n\r\n    "menu_extension_instance_id":"",\r\n    "mustache":"0",\r\n    "parent_menuitem":""}', '{"title":"Molajo Article Resource", \r\n"description":"Welcome to the Molajo Article Resource",\r\n"keywords":"articles, molajo", \r\n"robots":"follow, index",\r\n"author":"Amy Stephen", \r\n"content_rights":"CC"}', 'en-GB', 0, 18),
(5200, 5200, 1425, 'Message', 'Services', '', '', 1, 0, 0, 1, '2012-07-01 12:00:00', '0000-00-00 00:00:00', 1, 0, 0, '2012-07-01 12:00:00', 0, '2012-07-01 12:00:00', 0, '0000-00-00 00:00:00', 0, '{}', '{"asset_priority_application":"200",\r\n    "asset_priority_category":"600",\r\n    "asset_priority_extension":"400",\r\n    "asset_priority_menu_item":"700",\r\n    "asset_priority_request":"500",\r\n    "asset_priority_site":"100",\r\n    "asset_priority_source":"800",\r\n    "asset_priority_theme":"900",\r\n    "asset_priority_user":"300",\r\n\r\n    "cache":"1",\r\n    "cache_handler":"file",\r\n    "cache_time":"15",\r\n\r\n    "criteria_display_view_on_no_results":"1",\r\n    "criteria_snippet_length":"200",\r\n    "criteria_title":"",\r\n"content_catalog_type_id":"10000",\r\n\r\n    "enable_comments":"1",\r\n    "enable_draft_save":"1",\r\n    "enable_hit_counts":"1",\r\n    "enable_maximum_version_count":"5",\r\n    "enable_notifications":"1",\r\n    "enable_ping":"1",\r\n    "enable_ratings":"1",\r\n    "enable_retain_versions_after_delete":"1",\r\n    "enable_spam_protection":"1",\r\n    "enable_tweets":"1",\r\n    "enable_version_history":"1",\r\n\r\n    "form_model_name":"",\r\n    "form_model_query_object":"",\r\n    "form_model_type":"",\r\n    "form_page_view_css_class":"",\r\n    "form_page_view_css_id":"",\r\n    "form_page_view_id":"",\r\n    "form_template_view_css_class":"",\r\n    "form_template_view_css_id":"",\r\n    "form_template_view_id":"",\r\n    "form_theme_id":"98",\r\n    "form_wrap_view_css_class":"",\r\n    "form_wrap_view_css_id":"",\r\n    "form_wrap_view_id":"0",\r\n\r\n    "item_model_name":"Articles",\r\n    "item_model_query_object":"Item",\r\n    "item_model_type":"Table",\r\n    "item_page_view_css_class":"",\r\n    "item_page_view_css_id":"",\r\n    "item_page_view_id":"124",\r\n    "item_template_view_css_class":"",\r\n    "item_template_view_css_id":"",\r\n    "item_template_view_id":"236",\r\n    "item_theme_id":"98",\r\n    "item_wrap_view_css_class":"",\r\n    "item_wrap_view_css_id":"",\r\n    "item_wrap_view_id":"58",\r\n\r\n    "list_include_archived_content":"1",\r\n    "list_include_category_list":"",\r\n    "list_include_created_by_list":"",\r\n    "list_include_featured_content":"1",\r\n    "list_include_published_date_begin":"",\r\n    "list_include_published_date_end":"",\r\n    "list_include_stickied_content":"1",\r\n    "list_include_tag_list":"",\r\n    "list_length":"5",\r\n    "list_model_count":"5",\r\n    "list_model_direction":"",\r\n    "list_model_name":"",\r\n    "list_model_offset":"0",\r\n    "list_model_ordering":"",\r\n    "list_model_query_object":"",\r\n    "list_model_type":"",\r\n    "list_order_by_direction":"ASC",\r\n    "list_order_by_field":"a.start_publishing_datetime",\r\n    "list_page_view_css_class":"",\r\n    "list_page_view_css_id":"",\r\n    "list_page_view_id":"",\r\n    "list_template_view_css_class":"",\r\n    "list_template_view_css_id":"",\r\n    "list_template_view_id":"",\r\n    "list_theme_id":"98",\r\n    "list_wrap_view_css_class":"",\r\n    "list_wrap_view_css_id":"",\r\n    "list_wrap_view_id":"0",\r\n\r\n    "log_user_activity_create":"0",\r\n    "log_user_activity_delete":"1",\r\n    "log_user_activity_read":"1",\r\n    "log_user_activity_update":"1",\r\n\r\n    "menu_extension_instance_id":"",\r\n    "mustache":"0",\r\n    "parent_menuitem":""}', '{"title":"Molajo Article Resource", \r\n"description":"Welcome to the Molajo Article Resource",\r\n"keywords":"articles, molajo", \r\n"robots":"follow, index",\r\n"author":"Amy Stephen", \r\n"content_rights":"CC"}', 'en-GB', 0, 19),
(5210, 5210, 1425, 'Metadata', 'Services', '', '', 1, 0, 0, 1, '2012-07-01 12:00:00', '0000-00-00 00:00:00', 1, 0, 0, '2012-07-01 12:00:00', 0, '2012-07-01 12:00:00', 0, '0000-00-00 00:00:00', 0, '{}', '{"asset_priority_application":"200",\r\n    "asset_priority_category":"600",\r\n    "asset_priority_extension":"400",\r\n    "asset_priority_menu_item":"700",\r\n    "asset_priority_request":"500",\r\n    "asset_priority_site":"100",\r\n    "asset_priority_source":"800",\r\n    "asset_priority_theme":"900",\r\n    "asset_priority_user":"300",\r\n\r\n    "cache":"1",\r\n    "cache_handler":"file",\r\n    "cache_time":"15",\r\n\r\n    "criteria_display_view_on_no_results":"1",\r\n    "criteria_snippet_length":"200",\r\n    "criteria_title":"",\r\n"content_catalog_type_id":"10000",\r\n\r\n    "enable_comments":"1",\r\n    "enable_draft_save":"1",\r\n    "enable_hit_counts":"1",\r\n    "enable_maximum_version_count":"5",\r\n    "enable_notifications":"1",\r\n    "enable_ping":"1",\r\n    "enable_ratings":"1",\r\n    "enable_retain_versions_after_delete":"1",\r\n    "enable_spam_protection":"1",\r\n    "enable_tweets":"1",\r\n    "enable_version_history":"1",\r\n\r\n    "form_model_name":"",\r\n    "form_model_query_object":"",\r\n    "form_model_type":"",\r\n    "form_page_view_css_class":"",\r\n    "form_page_view_css_id":"",\r\n    "form_page_view_id":"",\r\n    "form_template_view_css_class":"",\r\n    "form_template_view_css_id":"",\r\n    "form_template_view_id":"",\r\n    "form_theme_id":"98",\r\n    "form_wrap_view_css_class":"",\r\n    "form_wrap_view_css_id":"",\r\n    "form_wrap_view_id":"0",\r\n\r\n    "item_model_name":"Articles",\r\n    "item_model_query_object":"Item",\r\n    "item_model_type":"Table",\r\n    "item_page_view_css_class":"",\r\n    "item_page_view_css_id":"",\r\n    "item_page_view_id":"124",\r\n    "item_template_view_css_class":"",\r\n    "item_template_view_css_id":"",\r\n    "item_template_view_id":"236",\r\n    "item_theme_id":"98",\r\n    "item_wrap_view_css_class":"",\r\n    "item_wrap_view_css_id":"",\r\n    "item_wrap_view_id":"58",\r\n\r\n    "list_include_archived_content":"1",\r\n    "list_include_category_list":"",\r\n    "list_include_created_by_list":"",\r\n    "list_include_featured_content":"1",\r\n    "list_include_published_date_begin":"",\r\n    "list_include_published_date_end":"",\r\n    "list_include_stickied_content":"1",\r\n    "list_include_tag_list":"",\r\n    "list_length":"5",\r\n    "list_model_count":"5",\r\n    "list_model_direction":"",\r\n    "list_model_name":"",\r\n    "list_model_offset":"0",\r\n    "list_model_ordering":"",\r\n    "list_model_query_object":"",\r\n    "list_model_type":"",\r\n    "list_order_by_direction":"ASC",\r\n    "list_order_by_field":"a.start_publishing_datetime",\r\n    "list_page_view_css_class":"",\r\n    "list_page_view_css_id":"",\r\n    "list_page_view_id":"",\r\n    "list_template_view_css_class":"",\r\n    "list_template_view_css_id":"",\r\n    "list_template_view_id":"",\r\n    "list_theme_id":"98",\r\n    "list_wrap_view_css_class":"",\r\n    "list_wrap_view_css_id":"",\r\n    "list_wrap_view_id":"0",\r\n\r\n    "log_user_activity_create":"0",\r\n    "log_user_activity_delete":"1",\r\n    "log_user_activity_read":"1",\r\n    "log_user_activity_update":"1",\r\n\r\n    "menu_extension_instance_id":"",\r\n    "mustache":"0",\r\n    "parent_menuitem":""}', '{"title":"Molajo Article Resource", \r\n"description":"Welcome to the Molajo Article Resource",\r\n"keywords":"articles, molajo", \r\n"robots":"follow, index",\r\n"author":"Amy Stephen", \r\n"content_rights":"CC"}', 'en-GB', 0, 20),
(5220, 5220, 1425, 'Parse', 'Services', '', '', 1, 0, 0, 1, '2012-07-01 12:00:00', '0000-00-00 00:00:00', 1, 0, 0, '2012-07-01 12:00:00', 0, '2012-07-01 12:00:00', 0, '0000-00-00 00:00:00', 0, '{}', '{"asset_priority_application":"200",\r\n    "asset_priority_category":"600",\r\n    "asset_priority_extension":"400",\r\n    "asset_priority_menu_item":"700",\r\n    "asset_priority_request":"500",\r\n    "asset_priority_site":"100",\r\n    "asset_priority_source":"800",\r\n    "asset_priority_theme":"900",\r\n    "asset_priority_user":"300",\r\n\r\n    "cache":"1",\r\n    "cache_handler":"file",\r\n    "cache_time":"15",\r\n\r\n    "criteria_display_view_on_no_results":"1",\r\n    "criteria_snippet_length":"200",\r\n    "criteria_title":"",\r\n"content_catalog_type_id":"10000",\r\n\r\n    "enable_comments":"1",\r\n    "enable_draft_save":"1",\r\n    "enable_hit_counts":"1",\r\n    "enable_maximum_version_count":"5",\r\n    "enable_notifications":"1",\r\n    "enable_ping":"1",\r\n    "enable_ratings":"1",\r\n    "enable_retain_versions_after_delete":"1",\r\n    "enable_spam_protection":"1",\r\n    "enable_tweets":"1",\r\n    "enable_version_history":"1",\r\n\r\n    "form_model_name":"",\r\n    "form_model_query_object":"",\r\n    "form_model_type":"",\r\n    "form_page_view_css_class":"",\r\n    "form_page_view_css_id":"",\r\n    "form_page_view_id":"",\r\n    "form_template_view_css_class":"",\r\n    "form_template_view_css_id":"",\r\n    "form_template_view_id":"",\r\n    "form_theme_id":"98",\r\n    "form_wrap_view_css_class":"",\r\n    "form_wrap_view_css_id":"",\r\n    "form_wrap_view_id":"0",\r\n\r\n    "item_model_name":"Articles",\r\n    "item_model_query_object":"Item",\r\n    "item_model_type":"Table",\r\n    "item_page_view_css_class":"",\r\n    "item_page_view_css_id":"",\r\n    "item_page_view_id":"124",\r\n    "item_template_view_css_class":"",\r\n    "item_template_view_css_id":"",\r\n    "item_template_view_id":"236",\r\n    "item_theme_id":"98",\r\n    "item_wrap_view_css_class":"",\r\n    "item_wrap_view_css_id":"",\r\n    "item_wrap_view_id":"58",\r\n\r\n    "list_include_archived_content":"1",\r\n    "list_include_category_list":"",\r\n    "list_include_created_by_list":"",\r\n    "list_include_featured_content":"1",\r\n    "list_include_published_date_begin":"",\r\n    "list_include_published_date_end":"",\r\n    "list_include_stickied_content":"1",\r\n    "list_include_tag_list":"",\r\n    "list_length":"5",\r\n    "list_model_count":"5",\r\n    "list_model_direction":"",\r\n    "list_model_name":"",\r\n    "list_model_offset":"0",\r\n    "list_model_ordering":"",\r\n    "list_model_query_object":"",\r\n    "list_model_type":"",\r\n    "list_order_by_direction":"ASC",\r\n    "list_order_by_field":"a.start_publishing_datetime",\r\n    "list_page_view_css_class":"",\r\n    "list_page_view_css_id":"",\r\n    "list_page_view_id":"",\r\n    "list_template_view_css_class":"",\r\n    "list_template_view_css_id":"",\r\n    "list_template_view_id":"",\r\n    "list_theme_id":"98",\r\n    "list_wrap_view_css_class":"",\r\n    "list_wrap_view_css_id":"",\r\n    "list_wrap_view_id":"0",\r\n\r\n    "log_user_activity_create":"0",\r\n    "log_user_activity_delete":"1",\r\n    "log_user_activity_read":"1",\r\n    "log_user_activity_update":"1",\r\n\r\n    "menu_extension_instance_id":"",\r\n    "mustache":"0",\r\n    "parent_menuitem":""}', '{"title":"Molajo Article Resource", \r\n"description":"Welcome to the Molajo Article Resource",\r\n"keywords":"articles, molajo", \r\n"robots":"follow, index",\r\n"author":"Amy Stephen", \r\n"content_rights":"CC"}', 'en-GB', 0, 21),
(5230, 5230, 1425, 'Password', 'Services', '', '', 1, 0, 0, 1, '2012-07-01 12:00:00', '0000-00-00 00:00:00', 1, 0, 0, '2012-07-01 12:00:00', 0, '2012-07-01 12:00:00', 0, '0000-00-00 00:00:00', 0, '{}', '{"asset_priority_application":"200",\r\n    "asset_priority_category":"600",\r\n    "asset_priority_extension":"400",\r\n    "asset_priority_menu_item":"700",\r\n    "asset_priority_request":"500",\r\n    "asset_priority_site":"100",\r\n    "asset_priority_source":"800",\r\n    "asset_priority_theme":"900",\r\n    "asset_priority_user":"300",\r\n\r\n    "cache":"1",\r\n    "cache_handler":"file",\r\n    "cache_time":"15",\r\n\r\n    "criteria_display_view_on_no_results":"1",\r\n    "criteria_snippet_length":"200",\r\n    "criteria_title":"",\r\n"content_catalog_type_id":"10000",\r\n\r\n    "enable_comments":"1",\r\n    "enable_draft_save":"1",\r\n    "enable_hit_counts":"1",\r\n    "enable_maximum_version_count":"5",\r\n    "enable_notifications":"1",\r\n    "enable_ping":"1",\r\n    "enable_ratings":"1",\r\n    "enable_retain_versions_after_delete":"1",\r\n    "enable_spam_protection":"1",\r\n    "enable_tweets":"1",\r\n    "enable_version_history":"1",\r\n\r\n    "form_model_name":"",\r\n    "form_model_query_object":"",\r\n    "form_model_type":"",\r\n    "form_page_view_css_class":"",\r\n    "form_page_view_css_id":"",\r\n    "form_page_view_id":"",\r\n    "form_template_view_css_class":"",\r\n    "form_template_view_css_id":"",\r\n    "form_template_view_id":"",\r\n    "form_theme_id":"98",\r\n    "form_wrap_view_css_class":"",\r\n    "form_wrap_view_css_id":"",\r\n    "form_wrap_view_id":"0",\r\n\r\n    "item_model_name":"Articles",\r\n    "item_model_query_object":"Item",\r\n    "item_model_type":"Table",\r\n    "item_page_view_css_class":"",\r\n    "item_page_view_css_id":"",\r\n    "item_page_view_id":"124",\r\n    "item_template_view_css_class":"",\r\n    "item_template_view_css_id":"",\r\n    "item_template_view_id":"236",\r\n    "item_theme_id":"98",\r\n    "item_wrap_view_css_class":"",\r\n    "item_wrap_view_css_id":"",\r\n    "item_wrap_view_id":"58",\r\n\r\n    "list_include_archived_content":"1",\r\n    "list_include_category_list":"",\r\n    "list_include_created_by_list":"",\r\n    "list_include_featured_content":"1",\r\n    "list_include_published_date_begin":"",\r\n    "list_include_published_date_end":"",\r\n    "list_include_stickied_content":"1",\r\n    "list_include_tag_list":"",\r\n    "list_length":"5",\r\n    "list_model_count":"5",\r\n    "list_model_direction":"",\r\n    "list_model_name":"",\r\n    "list_model_offset":"0",\r\n    "list_model_ordering":"",\r\n    "list_model_query_object":"",\r\n    "list_model_type":"",\r\n    "list_order_by_direction":"ASC",\r\n    "list_order_by_field":"a.start_publishing_datetime",\r\n    "list_page_view_css_class":"",\r\n    "list_page_view_css_id":"",\r\n    "list_page_view_id":"",\r\n    "list_template_view_css_class":"",\r\n    "list_template_view_css_id":"",\r\n    "list_template_view_id":"",\r\n    "list_theme_id":"98",\r\n    "list_wrap_view_css_class":"",\r\n    "list_wrap_view_css_id":"",\r\n    "list_wrap_view_id":"0",\r\n\r\n    "log_user_activity_create":"0",\r\n    "log_user_activity_delete":"1",\r\n    "log_user_activity_read":"1",\r\n    "log_user_activity_update":"1",\r\n\r\n    "menu_extension_instance_id":"",\r\n    "mustache":"0",\r\n    "parent_menuitem":""}', '{"title":"Molajo Article Resource", \r\n"description":"Welcome to the Molajo Article Resource",\r\n"keywords":"articles, molajo", \r\n"robots":"follow, index",\r\n"author":"Amy Stephen", \r\n"content_rights":"CC"}', 'en-GB', 0, 22),
(5240, 5240, 1425, 'Profiler', 'Services', '', '', 1, 0, 0, 1, '2012-07-01 12:00:00', '0000-00-00 00:00:00', 1, 0, 0, '2012-07-01 12:00:00', 0, '2012-07-01 12:00:00', 0, '0000-00-00 00:00:00', 0, '{}', '{"asset_priority_application":"200",\r\n    "asset_priority_category":"600",\r\n    "asset_priority_extension":"400",\r\n    "asset_priority_menu_item":"700",\r\n    "asset_priority_request":"500",\r\n    "asset_priority_site":"100",\r\n    "asset_priority_source":"800",\r\n    "asset_priority_theme":"900",\r\n    "asset_priority_user":"300",\r\n\r\n    "cache":"1",\r\n    "cache_handler":"file",\r\n    "cache_time":"15",\r\n\r\n    "criteria_display_view_on_no_results":"1",\r\n    "criteria_snippet_length":"200",\r\n    "criteria_title":"",\r\n"content_catalog_type_id":"10000",\r\n\r\n    "enable_comments":"1",\r\n    "enable_draft_save":"1",\r\n    "enable_hit_counts":"1",\r\n    "enable_maximum_version_count":"5",\r\n    "enable_notifications":"1",\r\n    "enable_ping":"1",\r\n    "enable_ratings":"1",\r\n    "enable_retain_versions_after_delete":"1",\r\n    "enable_spam_protection":"1",\r\n    "enable_tweets":"1",\r\n    "enable_version_history":"1",\r\n\r\n    "form_model_name":"",\r\n    "form_model_query_object":"",\r\n    "form_model_type":"",\r\n    "form_page_view_css_class":"",\r\n    "form_page_view_css_id":"",\r\n    "form_page_view_id":"",\r\n    "form_template_view_css_class":"",\r\n    "form_template_view_css_id":"",\r\n    "form_template_view_id":"",\r\n    "form_theme_id":"98",\r\n    "form_wrap_view_css_class":"",\r\n    "form_wrap_view_css_id":"",\r\n    "form_wrap_view_id":"0",\r\n\r\n    "item_model_name":"Articles",\r\n    "item_model_query_object":"Item",\r\n    "item_model_type":"Table",\r\n    "item_page_view_css_class":"",\r\n    "item_page_view_css_id":"",\r\n    "item_page_view_id":"124",\r\n    "item_template_view_css_class":"",\r\n    "item_template_view_css_id":"",\r\n    "item_template_view_id":"236",\r\n    "item_theme_id":"98",\r\n    "item_wrap_view_css_class":"",\r\n    "item_wrap_view_css_id":"",\r\n    "item_wrap_view_id":"58",\r\n\r\n    "list_include_archived_content":"1",\r\n    "list_include_category_list":"",\r\n    "list_include_created_by_list":"",\r\n    "list_include_featured_content":"1",\r\n    "list_include_published_date_begin":"",\r\n    "list_include_published_date_end":"",\r\n    "list_include_stickied_content":"1",\r\n    "list_include_tag_list":"",\r\n    "list_length":"5",\r\n    "list_model_count":"5",\r\n    "list_model_direction":"",\r\n    "list_model_name":"",\r\n    "list_model_offset":"0",\r\n    "list_model_ordering":"",\r\n    "list_model_query_object":"",\r\n    "list_model_type":"",\r\n    "list_order_by_direction":"ASC",\r\n    "list_order_by_field":"a.start_publishing_datetime",\r\n    "list_page_view_css_class":"",\r\n    "list_page_view_css_id":"",\r\n    "list_page_view_id":"",\r\n    "list_template_view_css_class":"",\r\n    "list_template_view_css_id":"",\r\n    "list_template_view_id":"",\r\n    "list_theme_id":"98",\r\n    "list_wrap_view_css_class":"",\r\n    "list_wrap_view_css_id":"",\r\n    "list_wrap_view_id":"0",\r\n\r\n    "log_user_activity_create":"0",\r\n    "log_user_activity_delete":"1",\r\n    "log_user_activity_read":"1",\r\n    "log_user_activity_update":"1",\r\n\r\n    "menu_extension_instance_id":"",\r\n    "mustache":"0",\r\n    "parent_menuitem":""}', '{"title":"Molajo Article Resource", \r\n"description":"Welcome to the Molajo Article Resource",\r\n"keywords":"articles, molajo", \r\n"robots":"follow, index",\r\n"author":"Amy Stephen", \r\n"content_rights":"CC"}', 'en-GB', 0, 23),
(5250, 5250, 1425, 'Request', 'Services', '', '', 1, 0, 0, 1, '2012-07-01 12:00:00', '0000-00-00 00:00:00', 1, 0, 0, '2012-07-01 12:00:00', 0, '2012-07-01 12:00:00', 0, '0000-00-00 00:00:00', 0, '{}', '{"asset_priority_application":"200",\r\n    "asset_priority_category":"600",\r\n    "asset_priority_extension":"400",\r\n    "asset_priority_menu_item":"700",\r\n    "asset_priority_request":"500",\r\n    "asset_priority_site":"100",\r\n    "asset_priority_source":"800",\r\n    "asset_priority_theme":"900",\r\n    "asset_priority_user":"300",\r\n\r\n    "cache":"1",\r\n    "cache_handler":"file",\r\n    "cache_time":"15",\r\n\r\n    "criteria_display_view_on_no_results":"1",\r\n    "criteria_snippet_length":"200",\r\n    "criteria_title":"",\r\n"content_catalog_type_id":"10000",\r\n\r\n    "enable_comments":"1",\r\n    "enable_draft_save":"1",\r\n    "enable_hit_counts":"1",\r\n    "enable_maximum_version_count":"5",\r\n    "enable_notifications":"1",\r\n    "enable_ping":"1",\r\n    "enable_ratings":"1",\r\n    "enable_retain_versions_after_delete":"1",\r\n    "enable_spam_protection":"1",\r\n    "enable_tweets":"1",\r\n    "enable_version_history":"1",\r\n\r\n    "form_model_name":"",\r\n    "form_model_query_object":"",\r\n    "form_model_type":"",\r\n    "form_page_view_css_class":"",\r\n    "form_page_view_css_id":"",\r\n    "form_page_view_id":"",\r\n    "form_template_view_css_class":"",\r\n    "form_template_view_css_id":"",\r\n    "form_template_view_id":"",\r\n    "form_theme_id":"98",\r\n    "form_wrap_view_css_class":"",\r\n    "form_wrap_view_css_id":"",\r\n    "form_wrap_view_id":"0",\r\n\r\n    "item_model_name":"Articles",\r\n    "item_model_query_object":"Item",\r\n    "item_model_type":"Table",\r\n    "item_page_view_css_class":"",\r\n    "item_page_view_css_id":"",\r\n    "item_page_view_id":"124",\r\n    "item_template_view_css_class":"",\r\n    "item_template_view_css_id":"",\r\n    "item_template_view_id":"236",\r\n    "item_theme_id":"98",\r\n    "item_wrap_view_css_class":"",\r\n    "item_wrap_view_css_id":"",\r\n    "item_wrap_view_id":"58",\r\n\r\n    "list_include_archived_content":"1",\r\n    "list_include_category_list":"",\r\n    "list_include_created_by_list":"",\r\n    "list_include_featured_content":"1",\r\n    "list_include_published_date_begin":"",\r\n    "list_include_published_date_end":"",\r\n    "list_include_stickied_content":"1",\r\n    "list_include_tag_list":"",\r\n    "list_length":"5",\r\n    "list_model_count":"5",\r\n    "list_model_direction":"",\r\n    "list_model_name":"",\r\n    "list_model_offset":"0",\r\n    "list_model_ordering":"",\r\n    "list_model_query_object":"",\r\n    "list_model_type":"",\r\n    "list_order_by_direction":"ASC",\r\n    "list_order_by_field":"a.start_publishing_datetime",\r\n    "list_page_view_css_class":"",\r\n    "list_page_view_css_id":"",\r\n    "list_page_view_id":"",\r\n    "list_template_view_css_class":"",\r\n    "list_template_view_css_id":"",\r\n    "list_template_view_id":"",\r\n    "list_theme_id":"98",\r\n    "list_wrap_view_css_class":"",\r\n    "list_wrap_view_css_id":"",\r\n    "list_wrap_view_id":"0",\r\n\r\n    "log_user_activity_create":"0",\r\n    "log_user_activity_delete":"1",\r\n    "log_user_activity_read":"1",\r\n    "log_user_activity_update":"1",\r\n\r\n    "menu_extension_instance_id":"",\r\n    "mustache":"0",\r\n    "parent_menuitem":""}', '{"title":"Molajo Article Resource", \r\n"description":"Welcome to the Molajo Article Resource",\r\n"keywords":"articles, molajo", \r\n"robots":"follow, index",\r\n"author":"Amy Stephen", \r\n"content_rights":"CC"}', 'en-GB', 0, 24),
(5260, 5260, 1425, 'Response', 'Services', '', '', 1, 0, 0, 1, '2012-07-01 12:00:00', '0000-00-00 00:00:00', 1, 0, 0, '2012-07-01 12:00:00', 0, '2012-07-01 12:00:00', 0, '0000-00-00 00:00:00', 0, '{}', '{"asset_priority_application":"200",\r\n    "asset_priority_category":"600",\r\n    "asset_priority_extension":"400",\r\n    "asset_priority_menu_item":"700",\r\n    "asset_priority_request":"500",\r\n    "asset_priority_site":"100",\r\n    "asset_priority_source":"800",\r\n    "asset_priority_theme":"900",\r\n    "asset_priority_user":"300",\r\n\r\n    "cache":"1",\r\n    "cache_handler":"file",\r\n    "cache_time":"15",\r\n\r\n    "criteria_display_view_on_no_results":"1",\r\n    "criteria_snippet_length":"200",\r\n    "criteria_title":"",\r\n"content_catalog_type_id":"10000",\r\n\r\n    "enable_comments":"1",\r\n    "enable_draft_save":"1",\r\n    "enable_hit_counts":"1",\r\n    "enable_maximum_version_count":"5",\r\n    "enable_notifications":"1",\r\n    "enable_ping":"1",\r\n    "enable_ratings":"1",\r\n    "enable_retain_versions_after_delete":"1",\r\n    "enable_spam_protection":"1",\r\n    "enable_tweets":"1",\r\n    "enable_version_history":"1",\r\n\r\n    "form_model_name":"",\r\n    "form_model_query_object":"",\r\n    "form_model_type":"",\r\n    "form_page_view_css_class":"",\r\n    "form_page_view_css_id":"",\r\n    "form_page_view_id":"",\r\n    "form_template_view_css_class":"",\r\n    "form_template_view_css_id":"",\r\n    "form_template_view_id":"",\r\n    "form_theme_id":"98",\r\n    "form_wrap_view_css_class":"",\r\n    "form_wrap_view_css_id":"",\r\n    "form_wrap_view_id":"0",\r\n\r\n    "item_model_name":"Articles",\r\n    "item_model_query_object":"Item",\r\n    "item_model_type":"Table",\r\n    "item_page_view_css_class":"",\r\n    "item_page_view_css_id":"",\r\n    "item_page_view_id":"124",\r\n    "item_template_view_css_class":"",\r\n    "item_template_view_css_id":"",\r\n    "item_template_view_id":"236",\r\n    "item_theme_id":"98",\r\n    "item_wrap_view_css_class":"",\r\n    "item_wrap_view_css_id":"",\r\n    "item_wrap_view_id":"58",\r\n\r\n    "list_include_archived_content":"1",\r\n    "list_include_category_list":"",\r\n    "list_include_created_by_list":"",\r\n    "list_include_featured_content":"1",\r\n    "list_include_published_date_begin":"",\r\n    "list_include_published_date_end":"",\r\n    "list_include_stickied_content":"1",\r\n    "list_include_tag_list":"",\r\n    "list_length":"5",\r\n    "list_model_count":"5",\r\n    "list_model_direction":"",\r\n    "list_model_name":"",\r\n    "list_model_offset":"0",\r\n    "list_model_ordering":"",\r\n    "list_model_query_object":"",\r\n    "list_model_type":"",\r\n    "list_order_by_direction":"ASC",\r\n    "list_order_by_field":"a.start_publishing_datetime",\r\n    "list_page_view_css_class":"",\r\n    "list_page_view_css_id":"",\r\n    "list_page_view_id":"",\r\n    "list_template_view_css_class":"",\r\n    "list_template_view_css_id":"",\r\n    "list_template_view_id":"",\r\n    "list_theme_id":"98",\r\n    "list_wrap_view_css_class":"",\r\n    "list_wrap_view_css_id":"",\r\n    "list_wrap_view_id":"0",\r\n\r\n    "log_user_activity_create":"0",\r\n    "log_user_activity_delete":"1",\r\n    "log_user_activity_read":"1",\r\n    "log_user_activity_update":"1",\r\n\r\n    "menu_extension_instance_id":"",\r\n    "mustache":"0",\r\n    "parent_menuitem":""}', '{"title":"Molajo Article Resource", \r\n"description":"Welcome to the Molajo Article Resource",\r\n"keywords":"articles, molajo", \r\n"robots":"follow, index",\r\n"author":"Amy Stephen", \r\n"content_rights":"CC"}', 'en-GB', 0, 25),
(5270, 5270, 1425, 'Route', 'Services', '', '', 1, 0, 0, 1, '2012-07-01 12:00:00', '0000-00-00 00:00:00', 1, 0, 0, '2012-07-01 12:00:00', 0, '2012-07-01 12:00:00', 0, '0000-00-00 00:00:00', 0, '{}', '{"asset_priority_application":"200",\r\n    "asset_priority_category":"600",\r\n    "asset_priority_extension":"400",\r\n    "asset_priority_menu_item":"700",\r\n    "asset_priority_request":"500",\r\n    "asset_priority_site":"100",\r\n    "asset_priority_source":"800",\r\n    "asset_priority_theme":"900",\r\n    "asset_priority_user":"300",\r\n\r\n    "cache":"1",\r\n    "cache_handler":"file",\r\n    "cache_time":"15",\r\n\r\n    "criteria_display_view_on_no_results":"1",\r\n    "criteria_snippet_length":"200",\r\n    "criteria_title":"",\r\n"content_catalog_type_id":"10000",\r\n\r\n    "enable_comments":"1",\r\n    "enable_draft_save":"1",\r\n    "enable_hit_counts":"1",\r\n    "enable_maximum_version_count":"5",\r\n    "enable_notifications":"1",\r\n    "enable_ping":"1",\r\n    "enable_ratings":"1",\r\n    "enable_retain_versions_after_delete":"1",\r\n    "enable_spam_protection":"1",\r\n    "enable_tweets":"1",\r\n    "enable_version_history":"1",\r\n\r\n    "form_model_name":"",\r\n    "form_model_query_object":"",\r\n    "form_model_type":"",\r\n    "form_page_view_css_class":"",\r\n    "form_page_view_css_id":"",\r\n    "form_page_view_id":"",\r\n    "form_template_view_css_class":"",\r\n    "form_template_view_css_id":"",\r\n    "form_template_view_id":"",\r\n    "form_theme_id":"98",\r\n    "form_wrap_view_css_class":"",\r\n    "form_wrap_view_css_id":"",\r\n    "form_wrap_view_id":"0",\r\n\r\n    "item_model_name":"Articles",\r\n    "item_model_query_object":"Item",\r\n    "item_model_type":"Table",\r\n    "item_page_view_css_class":"",\r\n    "item_page_view_css_id":"",\r\n    "item_page_view_id":"124",\r\n    "item_template_view_css_class":"",\r\n    "item_template_view_css_id":"",\r\n    "item_template_view_id":"236",\r\n    "item_theme_id":"98",\r\n    "item_wrap_view_css_class":"",\r\n    "item_wrap_view_css_id":"",\r\n    "item_wrap_view_id":"58",\r\n\r\n    "list_include_archived_content":"1",\r\n    "list_include_category_list":"",\r\n    "list_include_created_by_list":"",\r\n    "list_include_featured_content":"1",\r\n    "list_include_published_date_begin":"",\r\n    "list_include_published_date_end":"",\r\n    "list_include_stickied_content":"1",\r\n    "list_include_tag_list":"",\r\n    "list_length":"5",\r\n    "list_model_count":"5",\r\n    "list_model_direction":"",\r\n    "list_model_name":"",\r\n    "list_model_offset":"0",\r\n    "list_model_ordering":"",\r\n    "list_model_query_object":"",\r\n    "list_model_type":"",\r\n    "list_order_by_direction":"ASC",\r\n    "list_order_by_field":"a.start_publishing_datetime",\r\n    "list_page_view_css_class":"",\r\n    "list_page_view_css_id":"",\r\n    "list_page_view_id":"",\r\n    "list_template_view_css_class":"",\r\n    "list_template_view_css_id":"",\r\n    "list_template_view_id":"",\r\n    "list_theme_id":"98",\r\n    "list_wrap_view_css_class":"",\r\n    "list_wrap_view_css_id":"",\r\n    "list_wrap_view_id":"0",\r\n\r\n    "log_user_activity_create":"0",\r\n    "log_user_activity_delete":"1",\r\n    "log_user_activity_read":"1",\r\n    "log_user_activity_update":"1",\r\n\r\n    "menu_extension_instance_id":"",\r\n    "mustache":"0",\r\n    "parent_menuitem":""}', '{"title":"Molajo Article Resource", \r\n"description":"Welcome to the Molajo Article Resource",\r\n"keywords":"articles, molajo", \r\n"robots":"follow, index",\r\n"author":"Amy Stephen", \r\n"content_rights":"CC"}', 'en-GB', 0, 26),
(5280, 5280, 1425, 'Search', 'Services', '', '', 1, 0, 0, 1, '2012-07-01 12:00:00', '0000-00-00 00:00:00', 1, 0, 0, '2012-07-01 12:00:00', 0, '2012-07-01 12:00:00', 0, '0000-00-00 00:00:00', 0, '{}', '{"asset_priority_application":"200",\r\n    "asset_priority_category":"600",\r\n    "asset_priority_extension":"400",\r\n    "asset_priority_menu_item":"700",\r\n    "asset_priority_request":"500",\r\n    "asset_priority_site":"100",\r\n    "asset_priority_source":"800",\r\n    "asset_priority_theme":"900",\r\n    "asset_priority_user":"300",\r\n\r\n    "cache":"1",\r\n    "cache_handler":"file",\r\n    "cache_time":"15",\r\n\r\n    "criteria_display_view_on_no_results":"1",\r\n    "criteria_snippet_length":"200",\r\n    "criteria_title":"",\r\n"content_catalog_type_id":"10000",\r\n\r\n    "enable_comments":"1",\r\n    "enable_draft_save":"1",\r\n    "enable_hit_counts":"1",\r\n    "enable_maximum_version_count":"5",\r\n    "enable_notifications":"1",\r\n    "enable_ping":"1",\r\n    "enable_ratings":"1",\r\n    "enable_retain_versions_after_delete":"1",\r\n    "enable_spam_protection":"1",\r\n    "enable_tweets":"1",\r\n    "enable_version_history":"1",\r\n\r\n    "form_model_name":"",\r\n    "form_model_query_object":"",\r\n    "form_model_type":"",\r\n    "form_page_view_css_class":"",\r\n    "form_page_view_css_id":"",\r\n    "form_page_view_id":"",\r\n    "form_template_view_css_class":"",\r\n    "form_template_view_css_id":"",\r\n    "form_template_view_id":"",\r\n    "form_theme_id":"98",\r\n    "form_wrap_view_css_class":"",\r\n    "form_wrap_view_css_id":"",\r\n    "form_wrap_view_id":"0",\r\n\r\n    "item_model_name":"Articles",\r\n    "item_model_query_object":"Item",\r\n    "item_model_type":"Table",\r\n    "item_page_view_css_class":"",\r\n    "item_page_view_css_id":"",\r\n    "item_page_view_id":"124",\r\n    "item_template_view_css_class":"",\r\n    "item_template_view_css_id":"",\r\n    "item_template_view_id":"236",\r\n    "item_theme_id":"98",\r\n    "item_wrap_view_css_class":"",\r\n    "item_wrap_view_css_id":"",\r\n    "item_wrap_view_id":"58",\r\n\r\n    "list_include_archived_content":"1",\r\n    "list_include_category_list":"",\r\n    "list_include_created_by_list":"",\r\n    "list_include_featured_content":"1",\r\n    "list_include_published_date_begin":"",\r\n    "list_include_published_date_end":"",\r\n    "list_include_stickied_content":"1",\r\n    "list_include_tag_list":"",\r\n    "list_length":"5",\r\n    "list_model_count":"5",\r\n    "list_model_direction":"",\r\n    "list_model_name":"",\r\n    "list_model_offset":"0",\r\n    "list_model_ordering":"",\r\n    "list_model_query_object":"",\r\n    "list_model_type":"",\r\n    "list_order_by_direction":"ASC",\r\n    "list_order_by_field":"a.start_publishing_datetime",\r\n    "list_page_view_css_class":"",\r\n    "list_page_view_css_id":"",\r\n    "list_page_view_id":"",\r\n    "list_template_view_css_class":"",\r\n    "list_template_view_css_id":"",\r\n    "list_template_view_id":"",\r\n    "list_theme_id":"98",\r\n    "list_wrap_view_css_class":"",\r\n    "list_wrap_view_css_id":"",\r\n    "list_wrap_view_id":"0",\r\n\r\n    "log_user_activity_create":"0",\r\n    "log_user_activity_delete":"1",\r\n    "log_user_activity_read":"1",\r\n    "log_user_activity_update":"1",\r\n\r\n    "menu_extension_instance_id":"",\r\n    "mustache":"0",\r\n    "parent_menuitem":""}', '{"title":"Molajo Article Resource", \r\n"description":"Welcome to the Molajo Article Resource",\r\n"keywords":"articles, molajo", \r\n"robots":"follow, index",\r\n"author":"Amy Stephen", \r\n"content_rights":"CC"}', 'en-GB', 0, 27),
(5290, 5290, 1425, 'Text', 'Services', '', '', 1, 0, 0, 1, '2012-07-01 12:00:00', '0000-00-00 00:00:00', 1, 0, 0, '2012-07-01 12:00:00', 0, '2012-07-01 12:00:00', 0, '0000-00-00 00:00:00', 0, '{}', '{"asset_priority_application":"200",\r\n    "asset_priority_category":"600",\r\n    "asset_priority_extension":"400",\r\n    "asset_priority_menu_item":"700",\r\n    "asset_priority_request":"500",\r\n    "asset_priority_site":"100",\r\n    "asset_priority_source":"800",\r\n    "asset_priority_theme":"900",\r\n    "asset_priority_user":"300",\r\n\r\n    "cache":"1",\r\n    "cache_handler":"file",\r\n    "cache_time":"15",\r\n\r\n    "criteria_display_view_on_no_results":"1",\r\n    "criteria_snippet_length":"200",\r\n    "criteria_title":"",\r\n"content_catalog_type_id":"10000",\r\n\r\n    "enable_comments":"1",\r\n    "enable_draft_save":"1",\r\n    "enable_hit_counts":"1",\r\n    "enable_maximum_version_count":"5",\r\n    "enable_notifications":"1",\r\n    "enable_ping":"1",\r\n    "enable_ratings":"1",\r\n    "enable_retain_versions_after_delete":"1",\r\n    "enable_spam_protection":"1",\r\n    "enable_tweets":"1",\r\n    "enable_version_history":"1",\r\n\r\n    "form_model_name":"",\r\n    "form_model_query_object":"",\r\n    "form_model_type":"",\r\n    "form_page_view_css_class":"",\r\n    "form_page_view_css_id":"",\r\n    "form_page_view_id":"",\r\n    "form_template_view_css_class":"",\r\n    "form_template_view_css_id":"",\r\n    "form_template_view_id":"",\r\n    "form_theme_id":"98",\r\n    "form_wrap_view_css_class":"",\r\n    "form_wrap_view_css_id":"",\r\n    "form_wrap_view_id":"0",\r\n\r\n    "item_model_name":"Articles",\r\n    "item_model_query_object":"Item",\r\n    "item_model_type":"Table",\r\n    "item_page_view_css_class":"",\r\n    "item_page_view_css_id":"",\r\n    "item_page_view_id":"124",\r\n    "item_template_view_css_class":"",\r\n    "item_template_view_css_id":"",\r\n    "item_template_view_id":"236",\r\n    "item_theme_id":"98",\r\n    "item_wrap_view_css_class":"",\r\n    "item_wrap_view_css_id":"",\r\n    "item_wrap_view_id":"58",\r\n\r\n    "list_include_archived_content":"1",\r\n    "list_include_category_list":"",\r\n    "list_include_created_by_list":"",\r\n    "list_include_featured_content":"1",\r\n    "list_include_published_date_begin":"",\r\n    "list_include_published_date_end":"",\r\n    "list_include_stickied_content":"1",\r\n    "list_include_tag_list":"",\r\n    "list_length":"5",\r\n    "list_model_count":"5",\r\n    "list_model_direction":"",\r\n    "list_model_name":"",\r\n    "list_model_offset":"0",\r\n    "list_model_ordering":"",\r\n    "list_model_query_object":"",\r\n    "list_model_type":"",\r\n    "list_order_by_direction":"ASC",\r\n    "list_order_by_field":"a.start_publishing_datetime",\r\n    "list_page_view_css_class":"",\r\n    "list_page_view_css_id":"",\r\n    "list_page_view_id":"",\r\n    "list_template_view_css_class":"",\r\n    "list_template_view_css_id":"",\r\n    "list_template_view_id":"",\r\n    "list_theme_id":"98",\r\n    "list_wrap_view_css_class":"",\r\n    "list_wrap_view_css_id":"",\r\n    "list_wrap_view_id":"0",\r\n\r\n    "log_user_activity_create":"0",\r\n    "log_user_activity_delete":"1",\r\n    "log_user_activity_read":"1",\r\n    "log_user_activity_update":"1",\r\n\r\n    "menu_extension_instance_id":"",\r\n    "mustache":"0",\r\n    "parent_menuitem":""}', '{"title":"Molajo Article Resource", \r\n"description":"Welcome to the Molajo Article Resource",\r\n"keywords":"articles, molajo", \r\n"robots":"follow, index",\r\n"author":"Amy Stephen", \r\n"content_rights":"CC"}', 'en-GB', 0, 28),
(5300, 5300, 1425, 'Url', 'Services', '', '', 1, 0, 0, 1, '2012-07-01 12:00:00', '0000-00-00 00:00:00', 1, 0, 0, '2012-07-01 12:00:00', 0, '2012-07-01 12:00:00', 0, '0000-00-00 00:00:00', 0, '{}', '{"asset_priority_application":"200",\r\n    "asset_priority_category":"600",\r\n    "asset_priority_extension":"400",\r\n    "asset_priority_menu_item":"700",\r\n    "asset_priority_request":"500",\r\n    "asset_priority_site":"100",\r\n    "asset_priority_source":"800",\r\n    "asset_priority_theme":"900",\r\n    "asset_priority_user":"300",\r\n\r\n    "cache":"1",\r\n    "cache_handler":"file",\r\n    "cache_time":"15",\r\n\r\n    "criteria_display_view_on_no_results":"1",\r\n    "criteria_snippet_length":"200",\r\n    "criteria_title":"",\r\n"content_catalog_type_id":"10000",\r\n\r\n    "enable_comments":"1",\r\n    "enable_draft_save":"1",\r\n    "enable_hit_counts":"1",\r\n    "enable_maximum_version_count":"5",\r\n    "enable_notifications":"1",\r\n    "enable_ping":"1",\r\n    "enable_ratings":"1",\r\n    "enable_retain_versions_after_delete":"1",\r\n    "enable_spam_protection":"1",\r\n    "enable_tweets":"1",\r\n    "enable_version_history":"1",\r\n\r\n    "form_model_name":"",\r\n    "form_model_query_object":"",\r\n    "form_model_type":"",\r\n    "form_page_view_css_class":"",\r\n    "form_page_view_css_id":"",\r\n    "form_page_view_id":"",\r\n    "form_template_view_css_class":"",\r\n    "form_template_view_css_id":"",\r\n    "form_template_view_id":"",\r\n    "form_theme_id":"98",\r\n    "form_wrap_view_css_class":"",\r\n    "form_wrap_view_css_id":"",\r\n    "form_wrap_view_id":"0",\r\n\r\n    "item_model_name":"Articles",\r\n    "item_model_query_object":"Item",\r\n    "item_model_type":"Table",\r\n    "item_page_view_css_class":"",\r\n    "item_page_view_css_id":"",\r\n    "item_page_view_id":"124",\r\n    "item_template_view_css_class":"",\r\n    "item_template_view_css_id":"",\r\n    "item_template_view_id":"236",\r\n    "item_theme_id":"98",\r\n    "item_wrap_view_css_class":"",\r\n    "item_wrap_view_css_id":"",\r\n    "item_wrap_view_id":"58",\r\n\r\n    "list_include_archived_content":"1",\r\n    "list_include_category_list":"",\r\n    "list_include_created_by_list":"",\r\n    "list_include_featured_content":"1",\r\n    "list_include_published_date_begin":"",\r\n    "list_include_published_date_end":"",\r\n    "list_include_stickied_content":"1",\r\n    "list_include_tag_list":"",\r\n    "list_length":"5",\r\n    "list_model_count":"5",\r\n    "list_model_direction":"",\r\n    "list_model_name":"",\r\n    "list_model_offset":"0",\r\n    "list_model_ordering":"",\r\n    "list_model_query_object":"",\r\n    "list_model_type":"",\r\n    "list_order_by_direction":"ASC",\r\n    "list_order_by_field":"a.start_publishing_datetime",\r\n    "list_page_view_css_class":"",\r\n    "list_page_view_css_id":"",\r\n    "list_page_view_id":"",\r\n    "list_template_view_css_class":"",\r\n    "list_template_view_css_id":"",\r\n    "list_template_view_id":"",\r\n    "list_theme_id":"98",\r\n    "list_wrap_view_css_class":"",\r\n    "list_wrap_view_css_id":"",\r\n    "list_wrap_view_id":"0",\r\n\r\n    "log_user_activity_create":"0",\r\n    "log_user_activity_delete":"1",\r\n    "log_user_activity_read":"1",\r\n    "log_user_activity_update":"1",\r\n\r\n    "menu_extension_instance_id":"",\r\n    "mustache":"0",\r\n    "parent_menuitem":""}', '{"title":"Molajo Article Resource", \r\n"description":"Welcome to the Molajo Article Resource",\r\n"keywords":"articles, molajo", \r\n"robots":"follow, index",\r\n"author":"Amy Stephen", \r\n"content_rights":"CC"}', 'en-GB', 0, 29);
INSERT INTO `molajo_extension_instances` (`id`, `extension_id`, `catalog_type_id`, `title`, `subtitle`, `alias`, `content_text`, `protected`, `featured`, `stickied`, `status`, `start_publishing_datetime`, `stop_publishing_datetime`, `version`, `version_of_id`, `status_prior_to_version`, `created_datetime`, `created_by`, `modified_datetime`, `modified_by`, `checked_out_datetime`, `checked_out_by`, `customfields`, `parameters`, `metadata`, `language`, `translation_of_id`, `ordering`) VALUES
(5310, 5310, 1425, 'User', 'Services', '', '', 1, 0, 0, 1, '2012-07-01 12:00:00', '0000-00-00 00:00:00', 1, 0, 0, '2012-07-01 12:00:00', 0, '2012-07-01 12:00:00', 0, '0000-00-00 00:00:00', 0, '{}', '{"asset_priority_application":"200",\r\n    "asset_priority_category":"600",\r\n    "asset_priority_extension":"400",\r\n    "asset_priority_menu_item":"700",\r\n    "asset_priority_request":"500",\r\n    "asset_priority_site":"100",\r\n    "asset_priority_source":"800",\r\n    "asset_priority_theme":"900",\r\n    "asset_priority_user":"300",\r\n\r\n    "cache":"1",\r\n    "cache_handler":"file",\r\n    "cache_time":"15",\r\n\r\n    "criteria_display_view_on_no_results":"1",\r\n    "criteria_snippet_length":"200",\r\n    "criteria_title":"",\r\n"content_catalog_type_id":"10000",\r\n\r\n    "enable_comments":"1",\r\n    "enable_draft_save":"1",\r\n    "enable_hit_counts":"1",\r\n    "enable_maximum_version_count":"5",\r\n    "enable_notifications":"1",\r\n    "enable_ping":"1",\r\n    "enable_ratings":"1",\r\n    "enable_retain_versions_after_delete":"1",\r\n    "enable_spam_protection":"1",\r\n    "enable_tweets":"1",\r\n    "enable_version_history":"1",\r\n\r\n    "form_model_name":"",\r\n    "form_model_query_object":"",\r\n    "form_model_type":"",\r\n    "form_page_view_css_class":"",\r\n    "form_page_view_css_id":"",\r\n    "form_page_view_id":"",\r\n    "form_template_view_css_class":"",\r\n    "form_template_view_css_id":"",\r\n    "form_template_view_id":"",\r\n    "form_theme_id":"98",\r\n    "form_wrap_view_css_class":"",\r\n    "form_wrap_view_css_id":"",\r\n    "form_wrap_view_id":"0",\r\n\r\n    "item_model_name":"Articles",\r\n    "item_model_query_object":"Item",\r\n    "item_model_type":"Table",\r\n    "item_page_view_css_class":"",\r\n    "item_page_view_css_id":"",\r\n    "item_page_view_id":"124",\r\n    "item_template_view_css_class":"",\r\n    "item_template_view_css_id":"",\r\n    "item_template_view_id":"236",\r\n    "item_theme_id":"98",\r\n    "item_wrap_view_css_class":"",\r\n    "item_wrap_view_css_id":"",\r\n    "item_wrap_view_id":"58",\r\n\r\n    "list_include_archived_content":"1",\r\n    "list_include_category_list":"",\r\n    "list_include_created_by_list":"",\r\n    "list_include_featured_content":"1",\r\n    "list_include_published_date_begin":"",\r\n    "list_include_published_date_end":"",\r\n    "list_include_stickied_content":"1",\r\n    "list_include_tag_list":"",\r\n    "list_length":"5",\r\n    "list_model_count":"5",\r\n    "list_model_direction":"",\r\n    "list_model_name":"",\r\n    "list_model_offset":"0",\r\n    "list_model_ordering":"",\r\n    "list_model_query_object":"",\r\n    "list_model_type":"",\r\n    "list_order_by_direction":"ASC",\r\n    "list_order_by_field":"a.start_publishing_datetime",\r\n    "list_page_view_css_class":"",\r\n    "list_page_view_css_id":"",\r\n    "list_page_view_id":"",\r\n    "list_template_view_css_class":"",\r\n    "list_template_view_css_id":"",\r\n    "list_template_view_id":"",\r\n    "list_theme_id":"98",\r\n    "list_wrap_view_css_class":"",\r\n    "list_wrap_view_css_id":"",\r\n    "list_wrap_view_id":"0",\r\n\r\n    "log_user_activity_create":"0",\r\n    "log_user_activity_delete":"1",\r\n    "log_user_activity_read":"1",\r\n    "log_user_activity_update":"1",\r\n\r\n    "menu_extension_instance_id":"",\r\n    "mustache":"0",\r\n    "parent_menuitem":""}', '{"title":"Molajo Article Resource", \r\n"description":"Welcome to the Molajo Article Resource",\r\n"keywords":"articles, molajo", \r\n"robots":"follow, index",\r\n"author":"Amy Stephen", \r\n"content_rights":"CC"}', 'en-GB', 0, 30),
(5320, 5320, 1425, 'Version', 'Services', '', '', 1, 0, 0, 1, '2012-07-01 12:00:00', '0000-00-00 00:00:00', 1, 0, 0, '2012-07-01 12:00:00', 0, '2012-07-01 12:00:00', 0, '0000-00-00 00:00:00', 0, '{}', '{"asset_priority_application":"200",\r\n    "asset_priority_category":"600",\r\n    "asset_priority_extension":"400",\r\n    "asset_priority_menu_item":"700",\r\n    "asset_priority_request":"500",\r\n    "asset_priority_site":"100",\r\n    "asset_priority_source":"800",\r\n    "asset_priority_theme":"900",\r\n    "asset_priority_user":"300",\r\n\r\n    "cache":"1",\r\n    "cache_handler":"file",\r\n    "cache_time":"15",\r\n\r\n    "criteria_display_view_on_no_results":"1",\r\n    "criteria_snippet_length":"200",\r\n    "criteria_title":"",\r\n"content_catalog_type_id":"10000",\r\n\r\n    "enable_comments":"1",\r\n    "enable_draft_save":"1",\r\n    "enable_hit_counts":"1",\r\n    "enable_maximum_version_count":"5",\r\n    "enable_notifications":"1",\r\n    "enable_ping":"1",\r\n    "enable_ratings":"1",\r\n    "enable_retain_versions_after_delete":"1",\r\n    "enable_spam_protection":"1",\r\n    "enable_tweets":"1",\r\n    "enable_version_history":"1",\r\n\r\n    "form_model_name":"",\r\n    "form_model_query_object":"",\r\n    "form_model_type":"",\r\n    "form_page_view_css_class":"",\r\n    "form_page_view_css_id":"",\r\n    "form_page_view_id":"",\r\n    "form_template_view_css_class":"",\r\n    "form_template_view_css_id":"",\r\n    "form_template_view_id":"",\r\n    "form_theme_id":"98",\r\n    "form_wrap_view_css_class":"",\r\n    "form_wrap_view_css_id":"",\r\n    "form_wrap_view_id":"0",\r\n\r\n    "item_model_name":"Articles",\r\n    "item_model_query_object":"Item",\r\n    "item_model_type":"Table",\r\n    "item_page_view_css_class":"",\r\n    "item_page_view_css_id":"",\r\n    "item_page_view_id":"124",\r\n    "item_template_view_css_class":"",\r\n    "item_template_view_css_id":"",\r\n    "item_template_view_id":"236",\r\n    "item_theme_id":"98",\r\n    "item_wrap_view_css_class":"",\r\n    "item_wrap_view_css_id":"",\r\n    "item_wrap_view_id":"58",\r\n\r\n    "list_include_archived_content":"1",\r\n    "list_include_category_list":"",\r\n    "list_include_created_by_list":"",\r\n    "list_include_featured_content":"1",\r\n    "list_include_published_date_begin":"",\r\n    "list_include_published_date_end":"",\r\n    "list_include_stickied_content":"1",\r\n    "list_include_tag_list":"",\r\n    "list_length":"5",\r\n    "list_model_count":"5",\r\n    "list_model_direction":"",\r\n    "list_model_name":"",\r\n    "list_model_offset":"0",\r\n    "list_model_ordering":"",\r\n    "list_model_query_object":"",\r\n    "list_model_type":"",\r\n    "list_order_by_direction":"ASC",\r\n    "list_order_by_field":"a.start_publishing_datetime",\r\n    "list_page_view_css_class":"",\r\n    "list_page_view_css_id":"",\r\n    "list_page_view_id":"",\r\n    "list_template_view_css_class":"",\r\n    "list_template_view_css_id":"",\r\n    "list_template_view_id":"",\r\n    "list_theme_id":"98",\r\n    "list_wrap_view_css_class":"",\r\n    "list_wrap_view_css_id":"",\r\n    "list_wrap_view_id":"0",\r\n\r\n    "log_user_activity_create":"0",\r\n    "log_user_activity_delete":"1",\r\n    "log_user_activity_read":"1",\r\n    "log_user_activity_update":"1",\r\n\r\n    "menu_extension_instance_id":"",\r\n    "mustache":"0",\r\n    "parent_menuitem":""}', '{"title":"Molajo Article Resource", \r\n"description":"Welcome to the Molajo Article Resource",\r\n"keywords":"articles, molajo", \r\n"robots":"follow, index",\r\n"author":"Amy Stephen", \r\n"content_rights":"CC"}', 'en-GB', 0, 31),
(6000, 6000, 1450, 'Admindashboard', 'Trigger', '', '', 1, 0, 0, 1, '2012-07-01 12:00:00', '0000-00-00 00:00:00', 1, 0, 0, '2012-07-01 12:00:00', 0, '2012-07-01 12:00:00', 0, '0000-00-00 00:00:00', 0, '{}', '{"asset_priority_application":"200",\r\n    "asset_priority_category":"600",\r\n    "asset_priority_extension":"400",\r\n    "asset_priority_menu_item":"700",\r\n    "asset_priority_request":"500",\r\n    "asset_priority_site":"100",\r\n    "asset_priority_source":"800",\r\n    "asset_priority_theme":"900",\r\n    "asset_priority_user":"300",\r\n\r\n    "cache":"1",\r\n    "cache_handler":"file",\r\n    "cache_time":"15",\r\n\r\n    "criteria_display_view_on_no_results":"1",\r\n    "criteria_snippet_length":"200",\r\n    "criteria_title":"",\r\n"content_catalog_type_id":"10000",\r\n\r\n    "enable_comments":"1",\r\n    "enable_draft_save":"1",\r\n    "enable_hit_counts":"1",\r\n    "enable_maximum_version_count":"5",\r\n    "enable_notifications":"1",\r\n    "enable_ping":"1",\r\n    "enable_ratings":"1",\r\n    "enable_retain_versions_after_delete":"1",\r\n    "enable_spam_protection":"1",\r\n    "enable_tweets":"1",\r\n    "enable_version_history":"1",\r\n\r\n    "form_model_name":"",\r\n    "form_model_query_object":"",\r\n    "form_model_type":"",\r\n    "form_page_view_css_class":"",\r\n    "form_page_view_css_id":"",\r\n    "form_page_view_id":"",\r\n    "form_template_view_css_class":"",\r\n    "form_template_view_css_id":"",\r\n    "form_template_view_id":"",\r\n    "form_theme_id":"98",\r\n    "form_wrap_view_css_class":"",\r\n    "form_wrap_view_css_id":"",\r\n    "form_wrap_view_id":"0",\r\n\r\n    "item_model_name":"Articles",\r\n    "item_model_query_object":"Item",\r\n    "item_model_type":"Table",\r\n    "item_page_view_css_class":"",\r\n    "item_page_view_css_id":"",\r\n    "item_page_view_id":"124",\r\n    "item_template_view_css_class":"",\r\n    "item_template_view_css_id":"",\r\n    "item_template_view_id":"236",\r\n    "item_theme_id":"98",\r\n    "item_wrap_view_css_class":"",\r\n    "item_wrap_view_css_id":"",\r\n    "item_wrap_view_id":"58",\r\n\r\n    "list_include_archived_content":"1",\r\n    "list_include_category_list":"",\r\n    "list_include_created_by_list":"",\r\n    "list_include_featured_content":"1",\r\n    "list_include_published_date_begin":"",\r\n    "list_include_published_date_end":"",\r\n    "list_include_stickied_content":"1",\r\n    "list_include_tag_list":"",\r\n    "list_length":"5",\r\n    "list_model_count":"5",\r\n    "list_model_direction":"",\r\n    "list_model_name":"",\r\n    "list_model_offset":"0",\r\n    "list_model_ordering":"",\r\n    "list_model_query_object":"",\r\n    "list_model_type":"",\r\n    "list_order_by_direction":"ASC",\r\n    "list_order_by_field":"a.start_publishing_datetime",\r\n    "list_page_view_css_class":"",\r\n    "list_page_view_css_id":"",\r\n    "list_page_view_id":"",\r\n    "list_template_view_css_class":"",\r\n    "list_template_view_css_id":"",\r\n    "list_template_view_id":"",\r\n    "list_theme_id":"98",\r\n    "list_wrap_view_css_class":"",\r\n    "list_wrap_view_css_id":"",\r\n    "list_wrap_view_id":"0",\r\n\r\n    "log_user_activity_create":"0",\r\n    "log_user_activity_delete":"1",\r\n    "log_user_activity_read":"1",\r\n    "log_user_activity_update":"1",\r\n\r\n    "menu_extension_instance_id":"",\r\n    "mustache":"0",\r\n    "parent_menuitem":""}', '{"title":"Molajo Article Resource", \r\n"description":"Welcome to the Molajo Article Resource",\r\n"keywords":"articles, molajo", \r\n"robots":"follow, index",\r\n"author":"Amy Stephen", \r\n"content_rights":"CC"}', 'en-GB', 0, 1),
(6010, 6010, 1450, 'Admingrid', 'Trigger', '', '', 1, 0, 0, 1, '2012-07-01 12:00:00', '0000-00-00 00:00:00', 1, 0, 0, '2012-07-01 12:00:00', 0, '2012-07-01 12:00:00', 0, '0000-00-00 00:00:00', 0, '{}', '{"asset_priority_application":"200",\r\n    "asset_priority_category":"600",\r\n    "asset_priority_extension":"400",\r\n    "asset_priority_menu_item":"700",\r\n    "asset_priority_request":"500",\r\n    "asset_priority_site":"100",\r\n    "asset_priority_source":"800",\r\n    "asset_priority_theme":"900",\r\n    "asset_priority_user":"300",\r\n\r\n    "cache":"1",\r\n    "cache_handler":"file",\r\n    "cache_time":"15",\r\n\r\n    "criteria_display_view_on_no_results":"1",\r\n    "criteria_snippet_length":"200",\r\n    "criteria_title":"",\r\n"content_catalog_type_id":"10000",\r\n\r\n    "enable_comments":"1",\r\n    "enable_draft_save":"1",\r\n    "enable_hit_counts":"1",\r\n    "enable_maximum_version_count":"5",\r\n    "enable_notifications":"1",\r\n    "enable_ping":"1",\r\n    "enable_ratings":"1",\r\n    "enable_retain_versions_after_delete":"1",\r\n    "enable_spam_protection":"1",\r\n    "enable_tweets":"1",\r\n    "enable_version_history":"1",\r\n\r\n    "form_model_name":"",\r\n    "form_model_query_object":"",\r\n    "form_model_type":"",\r\n    "form_page_view_css_class":"",\r\n    "form_page_view_css_id":"",\r\n    "form_page_view_id":"",\r\n    "form_template_view_css_class":"",\r\n    "form_template_view_css_id":"",\r\n    "form_template_view_id":"",\r\n    "form_theme_id":"98",\r\n    "form_wrap_view_css_class":"",\r\n    "form_wrap_view_css_id":"",\r\n    "form_wrap_view_id":"0",\r\n\r\n    "item_model_name":"Articles",\r\n    "item_model_query_object":"Item",\r\n    "item_model_type":"Table",\r\n    "item_page_view_css_class":"",\r\n    "item_page_view_css_id":"",\r\n    "item_page_view_id":"124",\r\n    "item_template_view_css_class":"",\r\n    "item_template_view_css_id":"",\r\n    "item_template_view_id":"236",\r\n    "item_theme_id":"98",\r\n    "item_wrap_view_css_class":"",\r\n    "item_wrap_view_css_id":"",\r\n    "item_wrap_view_id":"58",\r\n\r\n    "list_include_archived_content":"1",\r\n    "list_include_category_list":"",\r\n    "list_include_created_by_list":"",\r\n    "list_include_featured_content":"1",\r\n    "list_include_published_date_begin":"",\r\n    "list_include_published_date_end":"",\r\n    "list_include_stickied_content":"1",\r\n    "list_include_tag_list":"",\r\n    "list_length":"5",\r\n    "list_model_count":"5",\r\n    "list_model_direction":"",\r\n    "list_model_name":"",\r\n    "list_model_offset":"0",\r\n    "list_model_ordering":"",\r\n    "list_model_query_object":"",\r\n    "list_model_type":"",\r\n    "list_order_by_direction":"ASC",\r\n    "list_order_by_field":"a.start_publishing_datetime",\r\n    "list_page_view_css_class":"",\r\n    "list_page_view_css_id":"",\r\n    "list_page_view_id":"",\r\n    "list_template_view_css_class":"",\r\n    "list_template_view_css_id":"",\r\n    "list_template_view_id":"",\r\n    "list_theme_id":"98",\r\n    "list_wrap_view_css_class":"",\r\n    "list_wrap_view_css_id":"",\r\n    "list_wrap_view_id":"0",\r\n\r\n    "log_user_activity_create":"0",\r\n    "log_user_activity_delete":"1",\r\n    "log_user_activity_read":"1",\r\n    "log_user_activity_update":"1",\r\n\r\n    "menu_extension_instance_id":"",\r\n    "mustache":"0",\r\n    "parent_menuitem":""}', '{"title":"Molajo Article Resource", \r\n"description":"Welcome to the Molajo Article Resource",\r\n"keywords":"articles, molajo", \r\n"robots":"follow, index",\r\n"author":"Amy Stephen", \r\n"content_rights":"CC"}', 'en-GB', 0, 2),
(6020, 6020, 1450, 'Adminmenu', 'Trigger', '', '', 1, 0, 0, 1, '2012-07-01 12:00:00', '0000-00-00 00:00:00', 1, 0, 0, '2012-07-01 12:00:00', 0, '2012-07-01 12:00:00', 0, '0000-00-00 00:00:00', 0, '{}', '{"asset_priority_application":"200",\r\n    "asset_priority_category":"600",\r\n    "asset_priority_extension":"400",\r\n    "asset_priority_menu_item":"700",\r\n    "asset_priority_request":"500",\r\n    "asset_priority_site":"100",\r\n    "asset_priority_source":"800",\r\n    "asset_priority_theme":"900",\r\n    "asset_priority_user":"300",\r\n\r\n    "cache":"1",\r\n    "cache_handler":"file",\r\n    "cache_time":"15",\r\n\r\n    "criteria_display_view_on_no_results":"1",\r\n    "criteria_snippet_length":"200",\r\n    "criteria_title":"",\r\n"content_catalog_type_id":"10000",\r\n\r\n    "enable_comments":"1",\r\n    "enable_draft_save":"1",\r\n    "enable_hit_counts":"1",\r\n    "enable_maximum_version_count":"5",\r\n    "enable_notifications":"1",\r\n    "enable_ping":"1",\r\n    "enable_ratings":"1",\r\n    "enable_retain_versions_after_delete":"1",\r\n    "enable_spam_protection":"1",\r\n    "enable_tweets":"1",\r\n    "enable_version_history":"1",\r\n\r\n    "form_model_name":"",\r\n    "form_model_query_object":"",\r\n    "form_model_type":"",\r\n    "form_page_view_css_class":"",\r\n    "form_page_view_css_id":"",\r\n    "form_page_view_id":"",\r\n    "form_template_view_css_class":"",\r\n    "form_template_view_css_id":"",\r\n    "form_template_view_id":"",\r\n    "form_theme_id":"98",\r\n    "form_wrap_view_css_class":"",\r\n    "form_wrap_view_css_id":"",\r\n    "form_wrap_view_id":"0",\r\n\r\n    "item_model_name":"Articles",\r\n    "item_model_query_object":"Item",\r\n    "item_model_type":"Table",\r\n    "item_page_view_css_class":"",\r\n    "item_page_view_css_id":"",\r\n    "item_page_view_id":"124",\r\n    "item_template_view_css_class":"",\r\n    "item_template_view_css_id":"",\r\n    "item_template_view_id":"236",\r\n    "item_theme_id":"98",\r\n    "item_wrap_view_css_class":"",\r\n    "item_wrap_view_css_id":"",\r\n    "item_wrap_view_id":"58",\r\n\r\n    "list_include_archived_content":"1",\r\n    "list_include_category_list":"",\r\n    "list_include_created_by_list":"",\r\n    "list_include_featured_content":"1",\r\n    "list_include_published_date_begin":"",\r\n    "list_include_published_date_end":"",\r\n    "list_include_stickied_content":"1",\r\n    "list_include_tag_list":"",\r\n    "list_length":"5",\r\n    "list_model_count":"5",\r\n    "list_model_direction":"",\r\n    "list_model_name":"",\r\n    "list_model_offset":"0",\r\n    "list_model_ordering":"",\r\n    "list_model_query_object":"",\r\n    "list_model_type":"",\r\n    "list_order_by_direction":"ASC",\r\n    "list_order_by_field":"a.start_publishing_datetime",\r\n    "list_page_view_css_class":"",\r\n    "list_page_view_css_id":"",\r\n    "list_page_view_id":"",\r\n    "list_template_view_css_class":"",\r\n    "list_template_view_css_id":"",\r\n    "list_template_view_id":"",\r\n    "list_theme_id":"98",\r\n    "list_wrap_view_css_class":"",\r\n    "list_wrap_view_css_id":"",\r\n    "list_wrap_view_id":"0",\r\n\r\n    "log_user_activity_create":"0",\r\n    "log_user_activity_delete":"1",\r\n    "log_user_activity_read":"1",\r\n    "log_user_activity_update":"1",\r\n\r\n    "menu_extension_instance_id":"",\r\n    "mustache":"0",\r\n    "parent_menuitem":""}', '{"title":"Molajo Article Resource", \r\n"description":"Welcome to the Molajo Article Resource",\r\n"keywords":"articles, molajo", \r\n"robots":"follow, index",\r\n"author":"Amy Stephen", \r\n"content_rights":"CC"}', 'en-GB', 0, 3),
(6030, 6030, 1450, 'Alias', 'Trigger', '', '', 1, 0, 0, 1, '2012-07-01 12:00:00', '0000-00-00 00:00:00', 1, 0, 0, '2012-07-01 12:00:00', 0, '2012-07-01 12:00:00', 0, '0000-00-00 00:00:00', 0, '{}', '{"asset_priority_application":"200",\r\n    "asset_priority_category":"600",\r\n    "asset_priority_extension":"400",\r\n    "asset_priority_menu_item":"700",\r\n    "asset_priority_request":"500",\r\n    "asset_priority_site":"100",\r\n    "asset_priority_source":"800",\r\n    "asset_priority_theme":"900",\r\n    "asset_priority_user":"300",\r\n\r\n    "cache":"1",\r\n    "cache_handler":"file",\r\n    "cache_time":"15",\r\n\r\n    "criteria_display_view_on_no_results":"1",\r\n    "criteria_snippet_length":"200",\r\n    "criteria_title":"",\r\n"content_catalog_type_id":"10000",\r\n\r\n    "enable_comments":"1",\r\n    "enable_draft_save":"1",\r\n    "enable_hit_counts":"1",\r\n    "enable_maximum_version_count":"5",\r\n    "enable_notifications":"1",\r\n    "enable_ping":"1",\r\n    "enable_ratings":"1",\r\n    "enable_retain_versions_after_delete":"1",\r\n    "enable_spam_protection":"1",\r\n    "enable_tweets":"1",\r\n    "enable_version_history":"1",\r\n\r\n    "form_model_name":"",\r\n    "form_model_query_object":"",\r\n    "form_model_type":"",\r\n    "form_page_view_css_class":"",\r\n    "form_page_view_css_id":"",\r\n    "form_page_view_id":"",\r\n    "form_template_view_css_class":"",\r\n    "form_template_view_css_id":"",\r\n    "form_template_view_id":"",\r\n    "form_theme_id":"98",\r\n    "form_wrap_view_css_class":"",\r\n    "form_wrap_view_css_id":"",\r\n    "form_wrap_view_id":"0",\r\n\r\n    "item_model_name":"Articles",\r\n    "item_model_query_object":"Item",\r\n    "item_model_type":"Table",\r\n    "item_page_view_css_class":"",\r\n    "item_page_view_css_id":"",\r\n    "item_page_view_id":"124",\r\n    "item_template_view_css_class":"",\r\n    "item_template_view_css_id":"",\r\n    "item_template_view_id":"236",\r\n    "item_theme_id":"98",\r\n    "item_wrap_view_css_class":"",\r\n    "item_wrap_view_css_id":"",\r\n    "item_wrap_view_id":"58",\r\n\r\n    "list_include_archived_content":"1",\r\n    "list_include_category_list":"",\r\n    "list_include_created_by_list":"",\r\n    "list_include_featured_content":"1",\r\n    "list_include_published_date_begin":"",\r\n    "list_include_published_date_end":"",\r\n    "list_include_stickied_content":"1",\r\n    "list_include_tag_list":"",\r\n    "list_length":"5",\r\n    "list_model_count":"5",\r\n    "list_model_direction":"",\r\n    "list_model_name":"",\r\n    "list_model_offset":"0",\r\n    "list_model_ordering":"",\r\n    "list_model_query_object":"",\r\n    "list_model_type":"",\r\n    "list_order_by_direction":"ASC",\r\n    "list_order_by_field":"a.start_publishing_datetime",\r\n    "list_page_view_css_class":"",\r\n    "list_page_view_css_id":"",\r\n    "list_page_view_id":"",\r\n    "list_template_view_css_class":"",\r\n    "list_template_view_css_id":"",\r\n    "list_template_view_id":"",\r\n    "list_theme_id":"98",\r\n    "list_wrap_view_css_class":"",\r\n    "list_wrap_view_css_id":"",\r\n    "list_wrap_view_id":"0",\r\n\r\n    "log_user_activity_create":"0",\r\n    "log_user_activity_delete":"1",\r\n    "log_user_activity_read":"1",\r\n    "log_user_activity_update":"1",\r\n\r\n    "menu_extension_instance_id":"",\r\n    "mustache":"0",\r\n    "parent_menuitem":""}', '{"title":"Molajo Article Resource", \r\n"description":"Welcome to the Molajo Article Resource",\r\n"keywords":"articles, molajo", \r\n"robots":"follow, index",\r\n"author":"Amy Stephen", \r\n"content_rights":"CC"}', 'en-GB', 0, 4),
(6040, 6040, 1450, 'Application', 'Trigger', '', '', 1, 0, 0, 1, '2012-07-01 12:00:00', '0000-00-00 00:00:00', 1, 0, 0, '2012-07-01 12:00:00', 0, '2012-07-01 12:00:00', 0, '0000-00-00 00:00:00', 0, '{}', '{"asset_priority_application":"200",\r\n    "asset_priority_category":"600",\r\n    "asset_priority_extension":"400",\r\n    "asset_priority_menu_item":"700",\r\n    "asset_priority_request":"500",\r\n    "asset_priority_site":"100",\r\n    "asset_priority_source":"800",\r\n    "asset_priority_theme":"900",\r\n    "asset_priority_user":"300",\r\n\r\n    "cache":"1",\r\n    "cache_handler":"file",\r\n    "cache_time":"15",\r\n\r\n    "criteria_display_view_on_no_results":"1",\r\n    "criteria_snippet_length":"200",\r\n    "criteria_title":"",\r\n"content_catalog_type_id":"10000",\r\n\r\n    "enable_comments":"1",\r\n    "enable_draft_save":"1",\r\n    "enable_hit_counts":"1",\r\n    "enable_maximum_version_count":"5",\r\n    "enable_notifications":"1",\r\n    "enable_ping":"1",\r\n    "enable_ratings":"1",\r\n    "enable_retain_versions_after_delete":"1",\r\n    "enable_spam_protection":"1",\r\n    "enable_tweets":"1",\r\n    "enable_version_history":"1",\r\n\r\n    "form_model_name":"",\r\n    "form_model_query_object":"",\r\n    "form_model_type":"",\r\n    "form_page_view_css_class":"",\r\n    "form_page_view_css_id":"",\r\n    "form_page_view_id":"",\r\n    "form_template_view_css_class":"",\r\n    "form_template_view_css_id":"",\r\n    "form_template_view_id":"",\r\n    "form_theme_id":"98",\r\n    "form_wrap_view_css_class":"",\r\n    "form_wrap_view_css_id":"",\r\n    "form_wrap_view_id":"0",\r\n\r\n    "item_model_name":"Articles",\r\n    "item_model_query_object":"Item",\r\n    "item_model_type":"Table",\r\n    "item_page_view_css_class":"",\r\n    "item_page_view_css_id":"",\r\n    "item_page_view_id":"124",\r\n    "item_template_view_css_class":"",\r\n    "item_template_view_css_id":"",\r\n    "item_template_view_id":"236",\r\n    "item_theme_id":"98",\r\n    "item_wrap_view_css_class":"",\r\n    "item_wrap_view_css_id":"",\r\n    "item_wrap_view_id":"58",\r\n\r\n    "list_include_archived_content":"1",\r\n    "list_include_category_list":"",\r\n    "list_include_created_by_list":"",\r\n    "list_include_featured_content":"1",\r\n    "list_include_published_date_begin":"",\r\n    "list_include_published_date_end":"",\r\n    "list_include_stickied_content":"1",\r\n    "list_include_tag_list":"",\r\n    "list_length":"5",\r\n    "list_model_count":"5",\r\n    "list_model_direction":"",\r\n    "list_model_name":"",\r\n    "list_model_offset":"0",\r\n    "list_model_ordering":"",\r\n    "list_model_query_object":"",\r\n    "list_model_type":"",\r\n    "list_order_by_direction":"ASC",\r\n    "list_order_by_field":"a.start_publishing_datetime",\r\n    "list_page_view_css_class":"",\r\n    "list_page_view_css_id":"",\r\n    "list_page_view_id":"",\r\n    "list_template_view_css_class":"",\r\n    "list_template_view_css_id":"",\r\n    "list_template_view_id":"",\r\n    "list_theme_id":"98",\r\n    "list_wrap_view_css_class":"",\r\n    "list_wrap_view_css_id":"",\r\n    "list_wrap_view_id":"0",\r\n\r\n    "log_user_activity_create":"0",\r\n    "log_user_activity_delete":"1",\r\n    "log_user_activity_read":"1",\r\n    "log_user_activity_update":"1",\r\n\r\n    "menu_extension_instance_id":"",\r\n    "mustache":"0",\r\n    "parent_menuitem":""}', '{"title":"Molajo Article Resource", \r\n"description":"Welcome to the Molajo Article Resource",\r\n"keywords":"articles, molajo", \r\n"robots":"follow, index",\r\n"author":"Amy Stephen", \r\n"content_rights":"CC"}', 'en-GB', 0, 5),
(6050, 6050, 1450, 'Author', 'Trigger', '', '', 1, 0, 0, 1, '2012-07-01 12:00:00', '0000-00-00 00:00:00', 1, 0, 0, '2012-07-01 12:00:00', 0, '2012-07-01 12:00:00', 0, '0000-00-00 00:00:00', 0, '{}', '{"asset_priority_application":"200",\r\n    "asset_priority_category":"600",\r\n    "asset_priority_extension":"400",\r\n    "asset_priority_menu_item":"700",\r\n    "asset_priority_request":"500",\r\n    "asset_priority_site":"100",\r\n    "asset_priority_source":"800",\r\n    "asset_priority_theme":"900",\r\n    "asset_priority_user":"300",\r\n\r\n    "cache":"1",\r\n    "cache_handler":"file",\r\n    "cache_time":"15",\r\n\r\n    "criteria_display_view_on_no_results":"1",\r\n    "criteria_snippet_length":"200",\r\n    "criteria_title":"",\r\n"content_catalog_type_id":"10000",\r\n\r\n    "enable_comments":"1",\r\n    "enable_draft_save":"1",\r\n    "enable_hit_counts":"1",\r\n    "enable_maximum_version_count":"5",\r\n    "enable_notifications":"1",\r\n    "enable_ping":"1",\r\n    "enable_ratings":"1",\r\n    "enable_retain_versions_after_delete":"1",\r\n    "enable_spam_protection":"1",\r\n    "enable_tweets":"1",\r\n    "enable_version_history":"1",\r\n\r\n    "form_model_name":"",\r\n    "form_model_query_object":"",\r\n    "form_model_type":"",\r\n    "form_page_view_css_class":"",\r\n    "form_page_view_css_id":"",\r\n    "form_page_view_id":"",\r\n    "form_template_view_css_class":"",\r\n    "form_template_view_css_id":"",\r\n    "form_template_view_id":"",\r\n    "form_theme_id":"98",\r\n    "form_wrap_view_css_class":"",\r\n    "form_wrap_view_css_id":"",\r\n    "form_wrap_view_id":"0",\r\n\r\n    "item_model_name":"Articles",\r\n    "item_model_query_object":"Item",\r\n    "item_model_type":"Table",\r\n    "item_page_view_css_class":"",\r\n    "item_page_view_css_id":"",\r\n    "item_page_view_id":"124",\r\n    "item_template_view_css_class":"",\r\n    "item_template_view_css_id":"",\r\n    "item_template_view_id":"236",\r\n    "item_theme_id":"98",\r\n    "item_wrap_view_css_class":"",\r\n    "item_wrap_view_css_id":"",\r\n    "item_wrap_view_id":"58",\r\n\r\n    "list_include_archived_content":"1",\r\n    "list_include_category_list":"",\r\n    "list_include_created_by_list":"",\r\n    "list_include_featured_content":"1",\r\n    "list_include_published_date_begin":"",\r\n    "list_include_published_date_end":"",\r\n    "list_include_stickied_content":"1",\r\n    "list_include_tag_list":"",\r\n    "list_length":"5",\r\n    "list_model_count":"5",\r\n    "list_model_direction":"",\r\n    "list_model_name":"",\r\n    "list_model_offset":"0",\r\n    "list_model_ordering":"",\r\n    "list_model_query_object":"",\r\n    "list_model_type":"",\r\n    "list_order_by_direction":"ASC",\r\n    "list_order_by_field":"a.start_publishing_datetime",\r\n    "list_page_view_css_class":"",\r\n    "list_page_view_css_id":"",\r\n    "list_page_view_id":"",\r\n    "list_template_view_css_class":"",\r\n    "list_template_view_css_id":"",\r\n    "list_template_view_id":"",\r\n    "list_theme_id":"98",\r\n    "list_wrap_view_css_class":"",\r\n    "list_wrap_view_css_id":"",\r\n    "list_wrap_view_id":"0",\r\n\r\n    "log_user_activity_create":"0",\r\n    "log_user_activity_delete":"1",\r\n    "log_user_activity_read":"1",\r\n    "log_user_activity_update":"1",\r\n\r\n    "menu_extension_instance_id":"",\r\n    "mustache":"0",\r\n    "parent_menuitem":""}', '{"title":"Molajo Article Resource", \r\n"description":"Welcome to the Molajo Article Resource",\r\n"keywords":"articles, molajo", \r\n"robots":"follow, index",\r\n"author":"Amy Stephen", \r\n"content_rights":"CC"}', 'en-GB', 0, 6),
(6060, 6060, 1450, 'Blockquote', 'Trigger', '', '', 1, 0, 0, 1, '2012-07-01 12:00:00', '0000-00-00 00:00:00', 1, 0, 0, '2012-07-01 12:00:00', 0, '2012-07-01 12:00:00', 0, '0000-00-00 00:00:00', 0, '{}', '{"asset_priority_application":"200",\r\n    "asset_priority_category":"600",\r\n    "asset_priority_extension":"400",\r\n    "asset_priority_menu_item":"700",\r\n    "asset_priority_request":"500",\r\n    "asset_priority_site":"100",\r\n    "asset_priority_source":"800",\r\n    "asset_priority_theme":"900",\r\n    "asset_priority_user":"300",\r\n\r\n    "cache":"1",\r\n    "cache_handler":"file",\r\n    "cache_time":"15",\r\n\r\n    "criteria_display_view_on_no_results":"1",\r\n    "criteria_snippet_length":"200",\r\n    "criteria_title":"",\r\n"content_catalog_type_id":"10000",\r\n\r\n    "enable_comments":"1",\r\n    "enable_draft_save":"1",\r\n    "enable_hit_counts":"1",\r\n    "enable_maximum_version_count":"5",\r\n    "enable_notifications":"1",\r\n    "enable_ping":"1",\r\n    "enable_ratings":"1",\r\n    "enable_retain_versions_after_delete":"1",\r\n    "enable_spam_protection":"1",\r\n    "enable_tweets":"1",\r\n    "enable_version_history":"1",\r\n\r\n    "form_model_name":"",\r\n    "form_model_query_object":"",\r\n    "form_model_type":"",\r\n    "form_page_view_css_class":"",\r\n    "form_page_view_css_id":"",\r\n    "form_page_view_id":"",\r\n    "form_template_view_css_class":"",\r\n    "form_template_view_css_id":"",\r\n    "form_template_view_id":"",\r\n    "form_theme_id":"98",\r\n    "form_wrap_view_css_class":"",\r\n    "form_wrap_view_css_id":"",\r\n    "form_wrap_view_id":"0",\r\n\r\n    "item_model_name":"Articles",\r\n    "item_model_query_object":"Item",\r\n    "item_model_type":"Table",\r\n    "item_page_view_css_class":"",\r\n    "item_page_view_css_id":"",\r\n    "item_page_view_id":"124",\r\n    "item_template_view_css_class":"",\r\n    "item_template_view_css_id":"",\r\n    "item_template_view_id":"236",\r\n    "item_theme_id":"98",\r\n    "item_wrap_view_css_class":"",\r\n    "item_wrap_view_css_id":"",\r\n    "item_wrap_view_id":"58",\r\n\r\n    "list_include_archived_content":"1",\r\n    "list_include_category_list":"",\r\n    "list_include_created_by_list":"",\r\n    "list_include_featured_content":"1",\r\n    "list_include_published_date_begin":"",\r\n    "list_include_published_date_end":"",\r\n    "list_include_stickied_content":"1",\r\n    "list_include_tag_list":"",\r\n    "list_length":"5",\r\n    "list_model_count":"5",\r\n    "list_model_direction":"",\r\n    "list_model_name":"",\r\n    "list_model_offset":"0",\r\n    "list_model_ordering":"",\r\n    "list_model_query_object":"",\r\n    "list_model_type":"",\r\n    "list_order_by_direction":"ASC",\r\n    "list_order_by_field":"a.start_publishing_datetime",\r\n    "list_page_view_css_class":"",\r\n    "list_page_view_css_id":"",\r\n    "list_page_view_id":"",\r\n    "list_template_view_css_class":"",\r\n    "list_template_view_css_id":"",\r\n    "list_template_view_id":"",\r\n    "list_theme_id":"98",\r\n    "list_wrap_view_css_class":"",\r\n    "list_wrap_view_css_id":"",\r\n    "list_wrap_view_id":"0",\r\n\r\n    "log_user_activity_create":"0",\r\n    "log_user_activity_delete":"1",\r\n    "log_user_activity_read":"1",\r\n    "log_user_activity_update":"1",\r\n\r\n    "menu_extension_instance_id":"",\r\n    "mustache":"0",\r\n    "parent_menuitem":""}', '{"title":"Molajo Article Resource", \r\n"description":"Welcome to the Molajo Article Resource",\r\n"keywords":"articles, molajo", \r\n"robots":"follow, index",\r\n"author":"Amy Stephen", \r\n"content_rights":"CC"}', 'en-GB', 0, 7),
(6070, 6070, 1450, 'Cache', 'Trigger', '', '', 1, 0, 0, 1, '2012-07-01 12:00:00', '0000-00-00 00:00:00', 1, 0, 0, '2012-07-01 12:00:00', 0, '2012-07-01 12:00:00', 0, '0000-00-00 00:00:00', 0, '{}', '{"asset_priority_application":"200",\r\n    "asset_priority_category":"600",\r\n    "asset_priority_extension":"400",\r\n    "asset_priority_menu_item":"700",\r\n    "asset_priority_request":"500",\r\n    "asset_priority_site":"100",\r\n    "asset_priority_source":"800",\r\n    "asset_priority_theme":"900",\r\n    "asset_priority_user":"300",\r\n\r\n    "cache":"1",\r\n    "cache_handler":"file",\r\n    "cache_time":"15",\r\n\r\n    "criteria_display_view_on_no_results":"1",\r\n    "criteria_snippet_length":"200",\r\n    "criteria_title":"",\r\n"content_catalog_type_id":"10000",\r\n\r\n    "enable_comments":"1",\r\n    "enable_draft_save":"1",\r\n    "enable_hit_counts":"1",\r\n    "enable_maximum_version_count":"5",\r\n    "enable_notifications":"1",\r\n    "enable_ping":"1",\r\n    "enable_ratings":"1",\r\n    "enable_retain_versions_after_delete":"1",\r\n    "enable_spam_protection":"1",\r\n    "enable_tweets":"1",\r\n    "enable_version_history":"1",\r\n\r\n    "form_model_name":"",\r\n    "form_model_query_object":"",\r\n    "form_model_type":"",\r\n    "form_page_view_css_class":"",\r\n    "form_page_view_css_id":"",\r\n    "form_page_view_id":"",\r\n    "form_template_view_css_class":"",\r\n    "form_template_view_css_id":"",\r\n    "form_template_view_id":"",\r\n    "form_theme_id":"98",\r\n    "form_wrap_view_css_class":"",\r\n    "form_wrap_view_css_id":"",\r\n    "form_wrap_view_id":"0",\r\n\r\n    "item_model_name":"Articles",\r\n    "item_model_query_object":"Item",\r\n    "item_model_type":"Table",\r\n    "item_page_view_css_class":"",\r\n    "item_page_view_css_id":"",\r\n    "item_page_view_id":"124",\r\n    "item_template_view_css_class":"",\r\n    "item_template_view_css_id":"",\r\n    "item_template_view_id":"236",\r\n    "item_theme_id":"98",\r\n    "item_wrap_view_css_class":"",\r\n    "item_wrap_view_css_id":"",\r\n    "item_wrap_view_id":"58",\r\n\r\n    "list_include_archived_content":"1",\r\n    "list_include_category_list":"",\r\n    "list_include_created_by_list":"",\r\n    "list_include_featured_content":"1",\r\n    "list_include_published_date_begin":"",\r\n    "list_include_published_date_end":"",\r\n    "list_include_stickied_content":"1",\r\n    "list_include_tag_list":"",\r\n    "list_length":"5",\r\n    "list_model_count":"5",\r\n    "list_model_direction":"",\r\n    "list_model_name":"",\r\n    "list_model_offset":"0",\r\n    "list_model_ordering":"",\r\n    "list_model_query_object":"",\r\n    "list_model_type":"",\r\n    "list_order_by_direction":"ASC",\r\n    "list_order_by_field":"a.start_publishing_datetime",\r\n    "list_page_view_css_class":"",\r\n    "list_page_view_css_id":"",\r\n    "list_page_view_id":"",\r\n    "list_template_view_css_class":"",\r\n    "list_template_view_css_id":"",\r\n    "list_template_view_id":"",\r\n    "list_theme_id":"98",\r\n    "list_wrap_view_css_class":"",\r\n    "list_wrap_view_css_id":"",\r\n    "list_wrap_view_id":"0",\r\n\r\n    "log_user_activity_create":"0",\r\n    "log_user_activity_delete":"1",\r\n    "log_user_activity_read":"1",\r\n    "log_user_activity_update":"1",\r\n\r\n    "menu_extension_instance_id":"",\r\n    "mustache":"0",\r\n    "parent_menuitem":""}', '{"title":"Molajo Article Resource", \r\n"description":"Welcome to the Molajo Article Resource",\r\n"keywords":"articles, molajo", \r\n"robots":"follow, index",\r\n"author":"Amy Stephen", \r\n"content_rights":"CC"}', 'en-GB', 0, 8),
(6080, 6080, 1450, 'Catalog', 'Trigger', '', '', 1, 0, 0, 1, '2012-07-01 12:00:00', '0000-00-00 00:00:00', 1, 0, 0, '2012-07-01 12:00:00', 0, '2012-07-01 12:00:00', 0, '0000-00-00 00:00:00', 0, '{}', '{"asset_priority_application":"200",\r\n    "asset_priority_category":"600",\r\n    "asset_priority_extension":"400",\r\n    "asset_priority_menu_item":"700",\r\n    "asset_priority_request":"500",\r\n    "asset_priority_site":"100",\r\n    "asset_priority_source":"800",\r\n    "asset_priority_theme":"900",\r\n    "asset_priority_user":"300",\r\n\r\n    "cache":"1",\r\n    "cache_handler":"file",\r\n    "cache_time":"15",\r\n\r\n    "criteria_display_view_on_no_results":"1",\r\n    "criteria_snippet_length":"200",\r\n    "criteria_title":"",\r\n"content_catalog_type_id":"10000",\r\n\r\n    "enable_comments":"1",\r\n    "enable_draft_save":"1",\r\n    "enable_hit_counts":"1",\r\n    "enable_maximum_version_count":"5",\r\n    "enable_notifications":"1",\r\n    "enable_ping":"1",\r\n    "enable_ratings":"1",\r\n    "enable_retain_versions_after_delete":"1",\r\n    "enable_spam_protection":"1",\r\n    "enable_tweets":"1",\r\n    "enable_version_history":"1",\r\n\r\n    "form_model_name":"",\r\n    "form_model_query_object":"",\r\n    "form_model_type":"",\r\n    "form_page_view_css_class":"",\r\n    "form_page_view_css_id":"",\r\n    "form_page_view_id":"",\r\n    "form_template_view_css_class":"",\r\n    "form_template_view_css_id":"",\r\n    "form_template_view_id":"",\r\n    "form_theme_id":"98",\r\n    "form_wrap_view_css_class":"",\r\n    "form_wrap_view_css_id":"",\r\n    "form_wrap_view_id":"0",\r\n\r\n    "item_model_name":"Articles",\r\n    "item_model_query_object":"Item",\r\n    "item_model_type":"Table",\r\n    "item_page_view_css_class":"",\r\n    "item_page_view_css_id":"",\r\n    "item_page_view_id":"124",\r\n    "item_template_view_css_class":"",\r\n    "item_template_view_css_id":"",\r\n    "item_template_view_id":"236",\r\n    "item_theme_id":"98",\r\n    "item_wrap_view_css_class":"",\r\n    "item_wrap_view_css_id":"",\r\n    "item_wrap_view_id":"58",\r\n\r\n    "list_include_archived_content":"1",\r\n    "list_include_category_list":"",\r\n    "list_include_created_by_list":"",\r\n    "list_include_featured_content":"1",\r\n    "list_include_published_date_begin":"",\r\n    "list_include_published_date_end":"",\r\n    "list_include_stickied_content":"1",\r\n    "list_include_tag_list":"",\r\n    "list_length":"5",\r\n    "list_model_count":"5",\r\n    "list_model_direction":"",\r\n    "list_model_name":"",\r\n    "list_model_offset":"0",\r\n    "list_model_ordering":"",\r\n    "list_model_query_object":"",\r\n    "list_model_type":"",\r\n    "list_order_by_direction":"ASC",\r\n    "list_order_by_field":"a.start_publishing_datetime",\r\n    "list_page_view_css_class":"",\r\n    "list_page_view_css_id":"",\r\n    "list_page_view_id":"",\r\n    "list_template_view_css_class":"",\r\n    "list_template_view_css_id":"",\r\n    "list_template_view_id":"",\r\n    "list_theme_id":"98",\r\n    "list_wrap_view_css_class":"",\r\n    "list_wrap_view_css_id":"",\r\n    "list_wrap_view_id":"0",\r\n\r\n    "log_user_activity_create":"0",\r\n    "log_user_activity_delete":"1",\r\n    "log_user_activity_read":"1",\r\n    "log_user_activity_update":"1",\r\n\r\n    "menu_extension_instance_id":"",\r\n    "mustache":"0",\r\n    "parent_menuitem":""}', '{"title":"Molajo Article Resource", \r\n"description":"Welcome to the Molajo Article Resource",\r\n"keywords":"articles, molajo", \r\n"robots":"follow, index",\r\n"author":"Amy Stephen", \r\n"content_rights":"CC"}', 'en-GB', 0, 9),
(6090, 6090, 1450, 'Catalogtypeid', 'Trigger', '', '', 1, 0, 0, 1, '2012-07-01 12:00:00', '0000-00-00 00:00:00', 1, 0, 0, '2012-07-01 12:00:00', 0, '2012-07-01 12:00:00', 0, '0000-00-00 00:00:00', 0, '{}', '{"asset_priority_application":"200",\r\n    "asset_priority_category":"600",\r\n    "asset_priority_extension":"400",\r\n    "asset_priority_menu_item":"700",\r\n    "asset_priority_request":"500",\r\n    "asset_priority_site":"100",\r\n    "asset_priority_source":"800",\r\n    "asset_priority_theme":"900",\r\n    "asset_priority_user":"300",\r\n\r\n    "cache":"1",\r\n    "cache_handler":"file",\r\n    "cache_time":"15",\r\n\r\n    "criteria_display_view_on_no_results":"1",\r\n    "criteria_snippet_length":"200",\r\n    "criteria_title":"",\r\n"content_catalog_type_id":"10000",\r\n\r\n    "enable_comments":"1",\r\n    "enable_draft_save":"1",\r\n    "enable_hit_counts":"1",\r\n    "enable_maximum_version_count":"5",\r\n    "enable_notifications":"1",\r\n    "enable_ping":"1",\r\n    "enable_ratings":"1",\r\n    "enable_retain_versions_after_delete":"1",\r\n    "enable_spam_protection":"1",\r\n    "enable_tweets":"1",\r\n    "enable_version_history":"1",\r\n\r\n    "form_model_name":"",\r\n    "form_model_query_object":"",\r\n    "form_model_type":"",\r\n    "form_page_view_css_class":"",\r\n    "form_page_view_css_id":"",\r\n    "form_page_view_id":"",\r\n    "form_template_view_css_class":"",\r\n    "form_template_view_css_id":"",\r\n    "form_template_view_id":"",\r\n    "form_theme_id":"98",\r\n    "form_wrap_view_css_class":"",\r\n    "form_wrap_view_css_id":"",\r\n    "form_wrap_view_id":"0",\r\n\r\n    "item_model_name":"Articles",\r\n    "item_model_query_object":"Item",\r\n    "item_model_type":"Table",\r\n    "item_page_view_css_class":"",\r\n    "item_page_view_css_id":"",\r\n    "item_page_view_id":"124",\r\n    "item_template_view_css_class":"",\r\n    "item_template_view_css_id":"",\r\n    "item_template_view_id":"236",\r\n    "item_theme_id":"98",\r\n    "item_wrap_view_css_class":"",\r\n    "item_wrap_view_css_id":"",\r\n    "item_wrap_view_id":"58",\r\n\r\n    "list_include_archived_content":"1",\r\n    "list_include_category_list":"",\r\n    "list_include_created_by_list":"",\r\n    "list_include_featured_content":"1",\r\n    "list_include_published_date_begin":"",\r\n    "list_include_published_date_end":"",\r\n    "list_include_stickied_content":"1",\r\n    "list_include_tag_list":"",\r\n    "list_length":"5",\r\n    "list_model_count":"5",\r\n    "list_model_direction":"",\r\n    "list_model_name":"",\r\n    "list_model_offset":"0",\r\n    "list_model_ordering":"",\r\n    "list_model_query_object":"",\r\n    "list_model_type":"",\r\n    "list_order_by_direction":"ASC",\r\n    "list_order_by_field":"a.start_publishing_datetime",\r\n    "list_page_view_css_class":"",\r\n    "list_page_view_css_id":"",\r\n    "list_page_view_id":"",\r\n    "list_template_view_css_class":"",\r\n    "list_template_view_css_id":"",\r\n    "list_template_view_id":"",\r\n    "list_theme_id":"98",\r\n    "list_wrap_view_css_class":"",\r\n    "list_wrap_view_css_id":"",\r\n    "list_wrap_view_id":"0",\r\n\r\n    "log_user_activity_create":"0",\r\n    "log_user_activity_delete":"1",\r\n    "log_user_activity_read":"1",\r\n    "log_user_activity_update":"1",\r\n\r\n    "menu_extension_instance_id":"",\r\n    "mustache":"0",\r\n    "parent_menuitem":""}', '{"title":"Molajo Article Resource", \r\n"description":"Welcome to the Molajo Article Resource",\r\n"keywords":"articles, molajo", \r\n"robots":"follow, index",\r\n"author":"Amy Stephen", \r\n"content_rights":"CC"}', 'en-GB', 0, 10),
(6100, 6100, 1450, 'Checkin', 'Trigger', '', '', 1, 0, 0, 1, '2012-07-01 12:00:00', '0000-00-00 00:00:00', 1, 0, 0, '2012-07-01 12:00:00', 0, '2012-07-01 12:00:00', 0, '0000-00-00 00:00:00', 0, '{}', '{"asset_priority_application":"200",\r\n    "asset_priority_category":"600",\r\n    "asset_priority_extension":"400",\r\n    "asset_priority_menu_item":"700",\r\n    "asset_priority_request":"500",\r\n    "asset_priority_site":"100",\r\n    "asset_priority_source":"800",\r\n    "asset_priority_theme":"900",\r\n    "asset_priority_user":"300",\r\n\r\n    "cache":"1",\r\n    "cache_handler":"file",\r\n    "cache_time":"15",\r\n\r\n    "criteria_display_view_on_no_results":"1",\r\n    "criteria_snippet_length":"200",\r\n    "criteria_title":"",\r\n"content_catalog_type_id":"10000",\r\n\r\n    "enable_comments":"1",\r\n    "enable_draft_save":"1",\r\n    "enable_hit_counts":"1",\r\n    "enable_maximum_version_count":"5",\r\n    "enable_notifications":"1",\r\n    "enable_ping":"1",\r\n    "enable_ratings":"1",\r\n    "enable_retain_versions_after_delete":"1",\r\n    "enable_spam_protection":"1",\r\n    "enable_tweets":"1",\r\n    "enable_version_history":"1",\r\n\r\n    "form_model_name":"",\r\n    "form_model_query_object":"",\r\n    "form_model_type":"",\r\n    "form_page_view_css_class":"",\r\n    "form_page_view_css_id":"",\r\n    "form_page_view_id":"",\r\n    "form_template_view_css_class":"",\r\n    "form_template_view_css_id":"",\r\n    "form_template_view_id":"",\r\n    "form_theme_id":"98",\r\n    "form_wrap_view_css_class":"",\r\n    "form_wrap_view_css_id":"",\r\n    "form_wrap_view_id":"0",\r\n\r\n    "item_model_name":"Articles",\r\n    "item_model_query_object":"Item",\r\n    "item_model_type":"Table",\r\n    "item_page_view_css_class":"",\r\n    "item_page_view_css_id":"",\r\n    "item_page_view_id":"124",\r\n    "item_template_view_css_class":"",\r\n    "item_template_view_css_id":"",\r\n    "item_template_view_id":"236",\r\n    "item_theme_id":"98",\r\n    "item_wrap_view_css_class":"",\r\n    "item_wrap_view_css_id":"",\r\n    "item_wrap_view_id":"58",\r\n\r\n    "list_include_archived_content":"1",\r\n    "list_include_category_list":"",\r\n    "list_include_created_by_list":"",\r\n    "list_include_featured_content":"1",\r\n    "list_include_published_date_begin":"",\r\n    "list_include_published_date_end":"",\r\n    "list_include_stickied_content":"1",\r\n    "list_include_tag_list":"",\r\n    "list_length":"5",\r\n    "list_model_count":"5",\r\n    "list_model_direction":"",\r\n    "list_model_name":"",\r\n    "list_model_offset":"0",\r\n    "list_model_ordering":"",\r\n    "list_model_query_object":"",\r\n    "list_model_type":"",\r\n    "list_order_by_direction":"ASC",\r\n    "list_order_by_field":"a.start_publishing_datetime",\r\n    "list_page_view_css_class":"",\r\n    "list_page_view_css_id":"",\r\n    "list_page_view_id":"",\r\n    "list_template_view_css_class":"",\r\n    "list_template_view_css_id":"",\r\n    "list_template_view_id":"",\r\n    "list_theme_id":"98",\r\n    "list_wrap_view_css_class":"",\r\n    "list_wrap_view_css_id":"",\r\n    "list_wrap_view_id":"0",\r\n\r\n    "log_user_activity_create":"0",\r\n    "log_user_activity_delete":"1",\r\n    "log_user_activity_read":"1",\r\n    "log_user_activity_update":"1",\r\n\r\n    "menu_extension_instance_id":"",\r\n    "mustache":"0",\r\n    "parent_menuitem":""}', '{"title":"Molajo Article Resource", \r\n"description":"Welcome to the Molajo Article Resource",\r\n"keywords":"articles, molajo", \r\n"robots":"follow, index",\r\n"author":"Amy Stephen", \r\n"content_rights":"CC"}', 'en-GB', 0, 11);
INSERT INTO `molajo_extension_instances` (`id`, `extension_id`, `catalog_type_id`, `title`, `subtitle`, `alias`, `content_text`, `protected`, `featured`, `stickied`, `status`, `start_publishing_datetime`, `stop_publishing_datetime`, `version`, `version_of_id`, `status_prior_to_version`, `created_datetime`, `created_by`, `modified_datetime`, `modified_by`, `checked_out_datetime`, `checked_out_by`, `customfields`, `parameters`, `metadata`, `language`, `translation_of_id`, `ordering`) VALUES
(6110, 6110, 1450, 'Checkout', 'Trigger', '', '', 1, 0, 0, 1, '2012-07-01 12:00:00', '0000-00-00 00:00:00', 1, 0, 0, '2012-07-01 12:00:00', 0, '2012-07-01 12:00:00', 0, '0000-00-00 00:00:00', 0, '{}', '{"asset_priority_application":"200",\r\n    "asset_priority_category":"600",\r\n    "asset_priority_extension":"400",\r\n    "asset_priority_menu_item":"700",\r\n    "asset_priority_request":"500",\r\n    "asset_priority_site":"100",\r\n    "asset_priority_source":"800",\r\n    "asset_priority_theme":"900",\r\n    "asset_priority_user":"300",\r\n\r\n    "cache":"1",\r\n    "cache_handler":"file",\r\n    "cache_time":"15",\r\n\r\n    "criteria_display_view_on_no_results":"1",\r\n    "criteria_snippet_length":"200",\r\n    "criteria_title":"",\r\n"content_catalog_type_id":"10000",\r\n\r\n    "enable_comments":"1",\r\n    "enable_draft_save":"1",\r\n    "enable_hit_counts":"1",\r\n    "enable_maximum_version_count":"5",\r\n    "enable_notifications":"1",\r\n    "enable_ping":"1",\r\n    "enable_ratings":"1",\r\n    "enable_retain_versions_after_delete":"1",\r\n    "enable_spam_protection":"1",\r\n    "enable_tweets":"1",\r\n    "enable_version_history":"1",\r\n\r\n    "form_model_name":"",\r\n    "form_model_query_object":"",\r\n    "form_model_type":"",\r\n    "form_page_view_css_class":"",\r\n    "form_page_view_css_id":"",\r\n    "form_page_view_id":"",\r\n    "form_template_view_css_class":"",\r\n    "form_template_view_css_id":"",\r\n    "form_template_view_id":"",\r\n    "form_theme_id":"98",\r\n    "form_wrap_view_css_class":"",\r\n    "form_wrap_view_css_id":"",\r\n    "form_wrap_view_id":"0",\r\n\r\n    "item_model_name":"Articles",\r\n    "item_model_query_object":"Item",\r\n    "item_model_type":"Table",\r\n    "item_page_view_css_class":"",\r\n    "item_page_view_css_id":"",\r\n    "item_page_view_id":"124",\r\n    "item_template_view_css_class":"",\r\n    "item_template_view_css_id":"",\r\n    "item_template_view_id":"236",\r\n    "item_theme_id":"98",\r\n    "item_wrap_view_css_class":"",\r\n    "item_wrap_view_css_id":"",\r\n    "item_wrap_view_id":"58",\r\n\r\n    "list_include_archived_content":"1",\r\n    "list_include_category_list":"",\r\n    "list_include_created_by_list":"",\r\n    "list_include_featured_content":"1",\r\n    "list_include_published_date_begin":"",\r\n    "list_include_published_date_end":"",\r\n    "list_include_stickied_content":"1",\r\n    "list_include_tag_list":"",\r\n    "list_length":"5",\r\n    "list_model_count":"5",\r\n    "list_model_direction":"",\r\n    "list_model_name":"",\r\n    "list_model_offset":"0",\r\n    "list_model_ordering":"",\r\n    "list_model_query_object":"",\r\n    "list_model_type":"",\r\n    "list_order_by_direction":"ASC",\r\n    "list_order_by_field":"a.start_publishing_datetime",\r\n    "list_page_view_css_class":"",\r\n    "list_page_view_css_id":"",\r\n    "list_page_view_id":"",\r\n    "list_template_view_css_class":"",\r\n    "list_template_view_css_id":"",\r\n    "list_template_view_id":"",\r\n    "list_theme_id":"98",\r\n    "list_wrap_view_css_class":"",\r\n    "list_wrap_view_css_id":"",\r\n    "list_wrap_view_id":"0",\r\n\r\n    "log_user_activity_create":"0",\r\n    "log_user_activity_delete":"1",\r\n    "log_user_activity_read":"1",\r\n    "log_user_activity_update":"1",\r\n\r\n    "menu_extension_instance_id":"",\r\n    "mustache":"0",\r\n    "parent_menuitem":""}', '{"title":"Molajo Article Resource", \r\n"description":"Welcome to the Molajo Article Resource",\r\n"keywords":"articles, molajo", \r\n"robots":"follow, index",\r\n"author":"Amy Stephen", \r\n"content_rights":"CC"}', 'en-GB', 0, 12),
(6120, 6120, 1450, 'Content', 'Trigger', '', '', 1, 0, 0, 1, '2012-07-01 12:00:00', '0000-00-00 00:00:00', 1, 0, 0, '2012-07-01 12:00:00', 0, '2012-07-01 12:00:00', 0, '0000-00-00 00:00:00', 0, '{}', '{"asset_priority_application":"200",\r\n    "asset_priority_category":"600",\r\n    "asset_priority_extension":"400",\r\n    "asset_priority_menu_item":"700",\r\n    "asset_priority_request":"500",\r\n    "asset_priority_site":"100",\r\n    "asset_priority_source":"800",\r\n    "asset_priority_theme":"900",\r\n    "asset_priority_user":"300",\r\n\r\n    "cache":"1",\r\n    "cache_handler":"file",\r\n    "cache_time":"15",\r\n\r\n    "criteria_display_view_on_no_results":"1",\r\n    "criteria_snippet_length":"200",\r\n    "criteria_title":"",\r\n"content_catalog_type_id":"10000",\r\n\r\n    "enable_comments":"1",\r\n    "enable_draft_save":"1",\r\n    "enable_hit_counts":"1",\r\n    "enable_maximum_version_count":"5",\r\n    "enable_notifications":"1",\r\n    "enable_ping":"1",\r\n    "enable_ratings":"1",\r\n    "enable_retain_versions_after_delete":"1",\r\n    "enable_spam_protection":"1",\r\n    "enable_tweets":"1",\r\n    "enable_version_history":"1",\r\n\r\n    "form_model_name":"",\r\n    "form_model_query_object":"",\r\n    "form_model_type":"",\r\n    "form_page_view_css_class":"",\r\n    "form_page_view_css_id":"",\r\n    "form_page_view_id":"",\r\n    "form_template_view_css_class":"",\r\n    "form_template_view_css_id":"",\r\n    "form_template_view_id":"",\r\n    "form_theme_id":"98",\r\n    "form_wrap_view_css_class":"",\r\n    "form_wrap_view_css_id":"",\r\n    "form_wrap_view_id":"0",\r\n\r\n    "item_model_name":"Articles",\r\n    "item_model_query_object":"Item",\r\n    "item_model_type":"Table",\r\n    "item_page_view_css_class":"",\r\n    "item_page_view_css_id":"",\r\n    "item_page_view_id":"124",\r\n    "item_template_view_css_class":"",\r\n    "item_template_view_css_id":"",\r\n    "item_template_view_id":"236",\r\n    "item_theme_id":"98",\r\n    "item_wrap_view_css_class":"",\r\n    "item_wrap_view_css_id":"",\r\n    "item_wrap_view_id":"58",\r\n\r\n    "list_include_archived_content":"1",\r\n    "list_include_category_list":"",\r\n    "list_include_created_by_list":"",\r\n    "list_include_featured_content":"1",\r\n    "list_include_published_date_begin":"",\r\n    "list_include_published_date_end":"",\r\n    "list_include_stickied_content":"1",\r\n    "list_include_tag_list":"",\r\n    "list_length":"5",\r\n    "list_model_count":"5",\r\n    "list_model_direction":"",\r\n    "list_model_name":"",\r\n    "list_model_offset":"0",\r\n    "list_model_ordering":"",\r\n    "list_model_query_object":"",\r\n    "list_model_type":"",\r\n    "list_order_by_direction":"ASC",\r\n    "list_order_by_field":"a.start_publishing_datetime",\r\n    "list_page_view_css_class":"",\r\n    "list_page_view_css_id":"",\r\n    "list_page_view_id":"",\r\n    "list_template_view_css_class":"",\r\n    "list_template_view_css_id":"",\r\n    "list_template_view_id":"",\r\n    "list_theme_id":"98",\r\n    "list_wrap_view_css_class":"",\r\n    "list_wrap_view_css_id":"",\r\n    "list_wrap_view_id":"0",\r\n\r\n    "log_user_activity_create":"0",\r\n    "log_user_activity_delete":"1",\r\n    "log_user_activity_read":"1",\r\n    "log_user_activity_update":"1",\r\n\r\n    "menu_extension_instance_id":"",\r\n    "mustache":"0",\r\n    "parent_menuitem":""}', '{"title":"Molajo Article Resource", \r\n"description":"Welcome to the Molajo Article Resource",\r\n"keywords":"articles, molajo", \r\n"robots":"follow, index",\r\n"author":"Amy Stephen", \r\n"content_rights":"CC"}', 'en-GB', 0, 13),
(6130, 6130, 1450, 'Create', 'Trigger', '', '', 1, 0, 0, 1, '2012-07-01 12:00:00', '0000-00-00 00:00:00', 1, 0, 0, '2012-07-01 12:00:00', 0, '2012-07-01 12:00:00', 0, '0000-00-00 00:00:00', 0, '{}', '{"asset_priority_application":"200",\r\n    "asset_priority_category":"600",\r\n    "asset_priority_extension":"400",\r\n    "asset_priority_menu_item":"700",\r\n    "asset_priority_request":"500",\r\n    "asset_priority_site":"100",\r\n    "asset_priority_source":"800",\r\n    "asset_priority_theme":"900",\r\n    "asset_priority_user":"300",\r\n\r\n    "cache":"1",\r\n    "cache_handler":"file",\r\n    "cache_time":"15",\r\n\r\n    "criteria_display_view_on_no_results":"1",\r\n    "criteria_snippet_length":"200",\r\n    "criteria_title":"",\r\n"content_catalog_type_id":"10000",\r\n\r\n    "enable_comments":"1",\r\n    "enable_draft_save":"1",\r\n    "enable_hit_counts":"1",\r\n    "enable_maximum_version_count":"5",\r\n    "enable_notifications":"1",\r\n    "enable_ping":"1",\r\n    "enable_ratings":"1",\r\n    "enable_retain_versions_after_delete":"1",\r\n    "enable_spam_protection":"1",\r\n    "enable_tweets":"1",\r\n    "enable_version_history":"1",\r\n\r\n    "form_model_name":"",\r\n    "form_model_query_object":"",\r\n    "form_model_type":"",\r\n    "form_page_view_css_class":"",\r\n    "form_page_view_css_id":"",\r\n    "form_page_view_id":"",\r\n    "form_template_view_css_class":"",\r\n    "form_template_view_css_id":"",\r\n    "form_template_view_id":"",\r\n    "form_theme_id":"98",\r\n    "form_wrap_view_css_class":"",\r\n    "form_wrap_view_css_id":"",\r\n    "form_wrap_view_id":"0",\r\n\r\n    "item_model_name":"Articles",\r\n    "item_model_query_object":"Item",\r\n    "item_model_type":"Table",\r\n    "item_page_view_css_class":"",\r\n    "item_page_view_css_id":"",\r\n    "item_page_view_id":"124",\r\n    "item_template_view_css_class":"",\r\n    "item_template_view_css_id":"",\r\n    "item_template_view_id":"236",\r\n    "item_theme_id":"98",\r\n    "item_wrap_view_css_class":"",\r\n    "item_wrap_view_css_id":"",\r\n    "item_wrap_view_id":"58",\r\n\r\n    "list_include_archived_content":"1",\r\n    "list_include_category_list":"",\r\n    "list_include_created_by_list":"",\r\n    "list_include_featured_content":"1",\r\n    "list_include_published_date_begin":"",\r\n    "list_include_published_date_end":"",\r\n    "list_include_stickied_content":"1",\r\n    "list_include_tag_list":"",\r\n    "list_length":"5",\r\n    "list_model_count":"5",\r\n    "list_model_direction":"",\r\n    "list_model_name":"",\r\n    "list_model_offset":"0",\r\n    "list_model_ordering":"",\r\n    "list_model_query_object":"",\r\n    "list_model_type":"",\r\n    "list_order_by_direction":"ASC",\r\n    "list_order_by_field":"a.start_publishing_datetime",\r\n    "list_page_view_css_class":"",\r\n    "list_page_view_css_id":"",\r\n    "list_page_view_id":"",\r\n    "list_template_view_css_class":"",\r\n    "list_template_view_css_id":"",\r\n    "list_template_view_id":"",\r\n    "list_theme_id":"98",\r\n    "list_wrap_view_css_class":"",\r\n    "list_wrap_view_css_id":"",\r\n    "list_wrap_view_id":"0",\r\n\r\n    "log_user_activity_create":"0",\r\n    "log_user_activity_delete":"1",\r\n    "log_user_activity_read":"1",\r\n    "log_user_activity_update":"1",\r\n\r\n    "menu_extension_instance_id":"",\r\n    "mustache":"0",\r\n    "parent_menuitem":""}', '{"title":"Molajo Article Resource", \r\n"description":"Welcome to the Molajo Article Resource",\r\n"keywords":"articles, molajo", \r\n"robots":"follow, index",\r\n"author":"Amy Stephen", \r\n"content_rights":"CC"}', 'en-GB', 0, 14),
(6140, 6140, 1450, 'Cssclassandids', 'Trigger', '', '', 1, 0, 0, 1, '2012-07-01 12:00:00', '0000-00-00 00:00:00', 1, 0, 0, '2012-07-01 12:00:00', 0, '2012-07-01 12:00:00', 0, '0000-00-00 00:00:00', 0, '{}', '{"asset_priority_application":"200",\r\n    "asset_priority_category":"600",\r\n    "asset_priority_extension":"400",\r\n    "asset_priority_menu_item":"700",\r\n    "asset_priority_request":"500",\r\n    "asset_priority_site":"100",\r\n    "asset_priority_source":"800",\r\n    "asset_priority_theme":"900",\r\n    "asset_priority_user":"300",\r\n\r\n    "cache":"1",\r\n    "cache_handler":"file",\r\n    "cache_time":"15",\r\n\r\n    "criteria_display_view_on_no_results":"1",\r\n    "criteria_snippet_length":"200",\r\n    "criteria_title":"",\r\n"content_catalog_type_id":"10000",\r\n\r\n    "enable_comments":"1",\r\n    "enable_draft_save":"1",\r\n    "enable_hit_counts":"1",\r\n    "enable_maximum_version_count":"5",\r\n    "enable_notifications":"1",\r\n    "enable_ping":"1",\r\n    "enable_ratings":"1",\r\n    "enable_retain_versions_after_delete":"1",\r\n    "enable_spam_protection":"1",\r\n    "enable_tweets":"1",\r\n    "enable_version_history":"1",\r\n\r\n    "form_model_name":"",\r\n    "form_model_query_object":"",\r\n    "form_model_type":"",\r\n    "form_page_view_css_class":"",\r\n    "form_page_view_css_id":"",\r\n    "form_page_view_id":"",\r\n    "form_template_view_css_class":"",\r\n    "form_template_view_css_id":"",\r\n    "form_template_view_id":"",\r\n    "form_theme_id":"98",\r\n    "form_wrap_view_css_class":"",\r\n    "form_wrap_view_css_id":"",\r\n    "form_wrap_view_id":"0",\r\n\r\n    "item_model_name":"Articles",\r\n    "item_model_query_object":"Item",\r\n    "item_model_type":"Table",\r\n    "item_page_view_css_class":"",\r\n    "item_page_view_css_id":"",\r\n    "item_page_view_id":"124",\r\n    "item_template_view_css_class":"",\r\n    "item_template_view_css_id":"",\r\n    "item_template_view_id":"236",\r\n    "item_theme_id":"98",\r\n    "item_wrap_view_css_class":"",\r\n    "item_wrap_view_css_id":"",\r\n    "item_wrap_view_id":"58",\r\n\r\n    "list_include_archived_content":"1",\r\n    "list_include_category_list":"",\r\n    "list_include_created_by_list":"",\r\n    "list_include_featured_content":"1",\r\n    "list_include_published_date_begin":"",\r\n    "list_include_published_date_end":"",\r\n    "list_include_stickied_content":"1",\r\n    "list_include_tag_list":"",\r\n    "list_length":"5",\r\n    "list_model_count":"5",\r\n    "list_model_direction":"",\r\n    "list_model_name":"",\r\n    "list_model_offset":"0",\r\n    "list_model_ordering":"",\r\n    "list_model_query_object":"",\r\n    "list_model_type":"",\r\n    "list_order_by_direction":"ASC",\r\n    "list_order_by_field":"a.start_publishing_datetime",\r\n    "list_page_view_css_class":"",\r\n    "list_page_view_css_id":"",\r\n    "list_page_view_id":"",\r\n    "list_template_view_css_class":"",\r\n    "list_template_view_css_id":"",\r\n    "list_template_view_id":"",\r\n    "list_theme_id":"98",\r\n    "list_wrap_view_css_class":"",\r\n    "list_wrap_view_css_id":"",\r\n    "list_wrap_view_id":"0",\r\n\r\n    "log_user_activity_create":"0",\r\n    "log_user_activity_delete":"1",\r\n    "log_user_activity_read":"1",\r\n    "log_user_activity_update":"1",\r\n\r\n    "menu_extension_instance_id":"",\r\n    "mustache":"0",\r\n    "parent_menuitem":""}', '{"title":"Molajo Article Resource", \r\n"description":"Welcome to the Molajo Article Resource",\r\n"keywords":"articles, molajo", \r\n"robots":"follow, index",\r\n"author":"Amy Stephen", \r\n"content_rights":"CC"}', 'en-GB', 0, 15),
(6150, 6150, 1450, 'Customfields', 'Trigger', '', '', 1, 0, 0, 1, '2012-07-01 12:00:00', '0000-00-00 00:00:00', 1, 0, 0, '2012-07-01 12:00:00', 0, '2012-07-01 12:00:00', 0, '0000-00-00 00:00:00', 0, '{}', '{"asset_priority_application":"200",\r\n    "asset_priority_category":"600",\r\n    "asset_priority_extension":"400",\r\n    "asset_priority_menu_item":"700",\r\n    "asset_priority_request":"500",\r\n    "asset_priority_site":"100",\r\n    "asset_priority_source":"800",\r\n    "asset_priority_theme":"900",\r\n    "asset_priority_user":"300",\r\n\r\n    "cache":"1",\r\n    "cache_handler":"file",\r\n    "cache_time":"15",\r\n\r\n    "criteria_display_view_on_no_results":"1",\r\n    "criteria_snippet_length":"200",\r\n    "criteria_title":"",\r\n"content_catalog_type_id":"10000",\r\n\r\n    "enable_comments":"1",\r\n    "enable_draft_save":"1",\r\n    "enable_hit_counts":"1",\r\n    "enable_maximum_version_count":"5",\r\n    "enable_notifications":"1",\r\n    "enable_ping":"1",\r\n    "enable_ratings":"1",\r\n    "enable_retain_versions_after_delete":"1",\r\n    "enable_spam_protection":"1",\r\n    "enable_tweets":"1",\r\n    "enable_version_history":"1",\r\n\r\n    "form_model_name":"",\r\n    "form_model_query_object":"",\r\n    "form_model_type":"",\r\n    "form_page_view_css_class":"",\r\n    "form_page_view_css_id":"",\r\n    "form_page_view_id":"",\r\n    "form_template_view_css_class":"",\r\n    "form_template_view_css_id":"",\r\n    "form_template_view_id":"",\r\n    "form_theme_id":"98",\r\n    "form_wrap_view_css_class":"",\r\n    "form_wrap_view_css_id":"",\r\n    "form_wrap_view_id":"0",\r\n\r\n    "item_model_name":"Articles",\r\n    "item_model_query_object":"Item",\r\n    "item_model_type":"Table",\r\n    "item_page_view_css_class":"",\r\n    "item_page_view_css_id":"",\r\n    "item_page_view_id":"124",\r\n    "item_template_view_css_class":"",\r\n    "item_template_view_css_id":"",\r\n    "item_template_view_id":"236",\r\n    "item_theme_id":"98",\r\n    "item_wrap_view_css_class":"",\r\n    "item_wrap_view_css_id":"",\r\n    "item_wrap_view_id":"58",\r\n\r\n    "list_include_archived_content":"1",\r\n    "list_include_category_list":"",\r\n    "list_include_created_by_list":"",\r\n    "list_include_featured_content":"1",\r\n    "list_include_published_date_begin":"",\r\n    "list_include_published_date_end":"",\r\n    "list_include_stickied_content":"1",\r\n    "list_include_tag_list":"",\r\n    "list_length":"5",\r\n    "list_model_count":"5",\r\n    "list_model_direction":"",\r\n    "list_model_name":"",\r\n    "list_model_offset":"0",\r\n    "list_model_ordering":"",\r\n    "list_model_query_object":"",\r\n    "list_model_type":"",\r\n    "list_order_by_direction":"ASC",\r\n    "list_order_by_field":"a.start_publishing_datetime",\r\n    "list_page_view_css_class":"",\r\n    "list_page_view_css_id":"",\r\n    "list_page_view_id":"",\r\n    "list_template_view_css_class":"",\r\n    "list_template_view_css_id":"",\r\n    "list_template_view_id":"",\r\n    "list_theme_id":"98",\r\n    "list_wrap_view_css_class":"",\r\n    "list_wrap_view_css_id":"",\r\n    "list_wrap_view_id":"0",\r\n\r\n    "log_user_activity_create":"0",\r\n    "log_user_activity_delete":"1",\r\n    "log_user_activity_read":"1",\r\n    "log_user_activity_update":"1",\r\n\r\n    "menu_extension_instance_id":"",\r\n    "mustache":"0",\r\n    "parent_menuitem":""}', '{"title":"Molajo Article Resource", \r\n"description":"Welcome to the Molajo Article Resource",\r\n"keywords":"articles, molajo", \r\n"robots":"follow, index",\r\n"author":"Amy Stephen", \r\n"content_rights":"CC"}', 'en-GB', 0, 16),
(6160, 6160, 1450, 'Dateformats', 'Trigger', '', '', 1, 0, 0, 1, '2012-07-01 12:00:00', '0000-00-00 00:00:00', 1, 0, 0, '2012-07-01 12:00:00', 0, '2012-07-01 12:00:00', 0, '0000-00-00 00:00:00', 0, '{}', '{"asset_priority_application":"200",\r\n    "asset_priority_category":"600",\r\n    "asset_priority_extension":"400",\r\n    "asset_priority_menu_item":"700",\r\n    "asset_priority_request":"500",\r\n    "asset_priority_site":"100",\r\n    "asset_priority_source":"800",\r\n    "asset_priority_theme":"900",\r\n    "asset_priority_user":"300",\r\n\r\n    "cache":"1",\r\n    "cache_handler":"file",\r\n    "cache_time":"15",\r\n\r\n    "criteria_display_view_on_no_results":"1",\r\n    "criteria_snippet_length":"200",\r\n    "criteria_title":"",\r\n"content_catalog_type_id":"10000",\r\n\r\n    "enable_comments":"1",\r\n    "enable_draft_save":"1",\r\n    "enable_hit_counts":"1",\r\n    "enable_maximum_version_count":"5",\r\n    "enable_notifications":"1",\r\n    "enable_ping":"1",\r\n    "enable_ratings":"1",\r\n    "enable_retain_versions_after_delete":"1",\r\n    "enable_spam_protection":"1",\r\n    "enable_tweets":"1",\r\n    "enable_version_history":"1",\r\n\r\n    "form_model_name":"",\r\n    "form_model_query_object":"",\r\n    "form_model_type":"",\r\n    "form_page_view_css_class":"",\r\n    "form_page_view_css_id":"",\r\n    "form_page_view_id":"",\r\n    "form_template_view_css_class":"",\r\n    "form_template_view_css_id":"",\r\n    "form_template_view_id":"",\r\n    "form_theme_id":"98",\r\n    "form_wrap_view_css_class":"",\r\n    "form_wrap_view_css_id":"",\r\n    "form_wrap_view_id":"0",\r\n\r\n    "item_model_name":"Articles",\r\n    "item_model_query_object":"Item",\r\n    "item_model_type":"Table",\r\n    "item_page_view_css_class":"",\r\n    "item_page_view_css_id":"",\r\n    "item_page_view_id":"124",\r\n    "item_template_view_css_class":"",\r\n    "item_template_view_css_id":"",\r\n    "item_template_view_id":"236",\r\n    "item_theme_id":"98",\r\n    "item_wrap_view_css_class":"",\r\n    "item_wrap_view_css_id":"",\r\n    "item_wrap_view_id":"58",\r\n\r\n    "list_include_archived_content":"1",\r\n    "list_include_category_list":"",\r\n    "list_include_created_by_list":"",\r\n    "list_include_featured_content":"1",\r\n    "list_include_published_date_begin":"",\r\n    "list_include_published_date_end":"",\r\n    "list_include_stickied_content":"1",\r\n    "list_include_tag_list":"",\r\n    "list_length":"5",\r\n    "list_model_count":"5",\r\n    "list_model_direction":"",\r\n    "list_model_name":"",\r\n    "list_model_offset":"0",\r\n    "list_model_ordering":"",\r\n    "list_model_query_object":"",\r\n    "list_model_type":"",\r\n    "list_order_by_direction":"ASC",\r\n    "list_order_by_field":"a.start_publishing_datetime",\r\n    "list_page_view_css_class":"",\r\n    "list_page_view_css_id":"",\r\n    "list_page_view_id":"",\r\n    "list_template_view_css_class":"",\r\n    "list_template_view_css_id":"",\r\n    "list_template_view_id":"",\r\n    "list_theme_id":"98",\r\n    "list_wrap_view_css_class":"",\r\n    "list_wrap_view_css_id":"",\r\n    "list_wrap_view_id":"0",\r\n\r\n    "log_user_activity_create":"0",\r\n    "log_user_activity_delete":"1",\r\n    "log_user_activity_read":"1",\r\n    "log_user_activity_update":"1",\r\n\r\n    "menu_extension_instance_id":"",\r\n    "mustache":"0",\r\n    "parent_menuitem":""}', '{"title":"Molajo Article Resource", \r\n"description":"Welcome to the Molajo Article Resource",\r\n"keywords":"articles, molajo", \r\n"robots":"follow, index",\r\n"author":"Amy Stephen", \r\n"content_rights":"CC"}', 'en-GB', 0, 17),
(6170, 6170, 1450, 'Email', 'Trigger', '', '', 1, 0, 0, 1, '2012-07-01 12:00:00', '0000-00-00 00:00:00', 1, 0, 0, '2012-07-01 12:00:00', 0, '2012-07-01 12:00:00', 0, '0000-00-00 00:00:00', 0, '{}', '{"asset_priority_application":"200",\r\n    "asset_priority_category":"600",\r\n    "asset_priority_extension":"400",\r\n    "asset_priority_menu_item":"700",\r\n    "asset_priority_request":"500",\r\n    "asset_priority_site":"100",\r\n    "asset_priority_source":"800",\r\n    "asset_priority_theme":"900",\r\n    "asset_priority_user":"300",\r\n\r\n    "cache":"1",\r\n    "cache_handler":"file",\r\n    "cache_time":"15",\r\n\r\n    "criteria_display_view_on_no_results":"1",\r\n    "criteria_snippet_length":"200",\r\n    "criteria_title":"",\r\n"content_catalog_type_id":"10000",\r\n\r\n    "enable_comments":"1",\r\n    "enable_draft_save":"1",\r\n    "enable_hit_counts":"1",\r\n    "enable_maximum_version_count":"5",\r\n    "enable_notifications":"1",\r\n    "enable_ping":"1",\r\n    "enable_ratings":"1",\r\n    "enable_retain_versions_after_delete":"1",\r\n    "enable_spam_protection":"1",\r\n    "enable_tweets":"1",\r\n    "enable_version_history":"1",\r\n\r\n    "form_model_name":"",\r\n    "form_model_query_object":"",\r\n    "form_model_type":"",\r\n    "form_page_view_css_class":"",\r\n    "form_page_view_css_id":"",\r\n    "form_page_view_id":"",\r\n    "form_template_view_css_class":"",\r\n    "form_template_view_css_id":"",\r\n    "form_template_view_id":"",\r\n    "form_theme_id":"98",\r\n    "form_wrap_view_css_class":"",\r\n    "form_wrap_view_css_id":"",\r\n    "form_wrap_view_id":"0",\r\n\r\n    "item_model_name":"Articles",\r\n    "item_model_query_object":"Item",\r\n    "item_model_type":"Table",\r\n    "item_page_view_css_class":"",\r\n    "item_page_view_css_id":"",\r\n    "item_page_view_id":"124",\r\n    "item_template_view_css_class":"",\r\n    "item_template_view_css_id":"",\r\n    "item_template_view_id":"236",\r\n    "item_theme_id":"98",\r\n    "item_wrap_view_css_class":"",\r\n    "item_wrap_view_css_id":"",\r\n    "item_wrap_view_id":"58",\r\n\r\n    "list_include_archived_content":"1",\r\n    "list_include_category_list":"",\r\n    "list_include_created_by_list":"",\r\n    "list_include_featured_content":"1",\r\n    "list_include_published_date_begin":"",\r\n    "list_include_published_date_end":"",\r\n    "list_include_stickied_content":"1",\r\n    "list_include_tag_list":"",\r\n    "list_length":"5",\r\n    "list_model_count":"5",\r\n    "list_model_direction":"",\r\n    "list_model_name":"",\r\n    "list_model_offset":"0",\r\n    "list_model_ordering":"",\r\n    "list_model_query_object":"",\r\n    "list_model_type":"",\r\n    "list_order_by_direction":"ASC",\r\n    "list_order_by_field":"a.start_publishing_datetime",\r\n    "list_page_view_css_class":"",\r\n    "list_page_view_css_id":"",\r\n    "list_page_view_id":"",\r\n    "list_template_view_css_class":"",\r\n    "list_template_view_css_id":"",\r\n    "list_template_view_id":"",\r\n    "list_theme_id":"98",\r\n    "list_wrap_view_css_class":"",\r\n    "list_wrap_view_css_id":"",\r\n    "list_wrap_view_id":"0",\r\n\r\n    "log_user_activity_create":"0",\r\n    "log_user_activity_delete":"1",\r\n    "log_user_activity_read":"1",\r\n    "log_user_activity_update":"1",\r\n\r\n    "menu_extension_instance_id":"",\r\n    "mustache":"0",\r\n    "parent_menuitem":""}', '{"title":"Molajo Article Resource", \r\n"description":"Welcome to the Molajo Article Resource",\r\n"keywords":"articles, molajo", \r\n"robots":"follow, index",\r\n"author":"Amy Stephen", \r\n"content_rights":"CC"}', 'en-GB', 0, 18),
(6180, 6180, 1450, 'Extensioninstance', 'Trigger', '', '', 1, 0, 0, 1, '2012-07-01 12:00:00', '0000-00-00 00:00:00', 1, 0, 0, '2012-07-01 12:00:00', 0, '2012-07-01 12:00:00', 0, '0000-00-00 00:00:00', 0, '{}', '{"asset_priority_application":"200",\r\n    "asset_priority_category":"600",\r\n    "asset_priority_extension":"400",\r\n    "asset_priority_menu_item":"700",\r\n    "asset_priority_request":"500",\r\n    "asset_priority_site":"100",\r\n    "asset_priority_source":"800",\r\n    "asset_priority_theme":"900",\r\n    "asset_priority_user":"300",\r\n\r\n    "cache":"1",\r\n    "cache_handler":"file",\r\n    "cache_time":"15",\r\n\r\n    "criteria_display_view_on_no_results":"1",\r\n    "criteria_snippet_length":"200",\r\n    "criteria_title":"",\r\n"content_catalog_type_id":"10000",\r\n\r\n    "enable_comments":"1",\r\n    "enable_draft_save":"1",\r\n    "enable_hit_counts":"1",\r\n    "enable_maximum_version_count":"5",\r\n    "enable_notifications":"1",\r\n    "enable_ping":"1",\r\n    "enable_ratings":"1",\r\n    "enable_retain_versions_after_delete":"1",\r\n    "enable_spam_protection":"1",\r\n    "enable_tweets":"1",\r\n    "enable_version_history":"1",\r\n\r\n    "form_model_name":"",\r\n    "form_model_query_object":"",\r\n    "form_model_type":"",\r\n    "form_page_view_css_class":"",\r\n    "form_page_view_css_id":"",\r\n    "form_page_view_id":"",\r\n    "form_template_view_css_class":"",\r\n    "form_template_view_css_id":"",\r\n    "form_template_view_id":"",\r\n    "form_theme_id":"98",\r\n    "form_wrap_view_css_class":"",\r\n    "form_wrap_view_css_id":"",\r\n    "form_wrap_view_id":"0",\r\n\r\n    "item_model_name":"Articles",\r\n    "item_model_query_object":"Item",\r\n    "item_model_type":"Table",\r\n    "item_page_view_css_class":"",\r\n    "item_page_view_css_id":"",\r\n    "item_page_view_id":"124",\r\n    "item_template_view_css_class":"",\r\n    "item_template_view_css_id":"",\r\n    "item_template_view_id":"236",\r\n    "item_theme_id":"98",\r\n    "item_wrap_view_css_class":"",\r\n    "item_wrap_view_css_id":"",\r\n    "item_wrap_view_id":"58",\r\n\r\n    "list_include_archived_content":"1",\r\n    "list_include_category_list":"",\r\n    "list_include_created_by_list":"",\r\n    "list_include_featured_content":"1",\r\n    "list_include_published_date_begin":"",\r\n    "list_include_published_date_end":"",\r\n    "list_include_stickied_content":"1",\r\n    "list_include_tag_list":"",\r\n    "list_length":"5",\r\n    "list_model_count":"5",\r\n    "list_model_direction":"",\r\n    "list_model_name":"",\r\n    "list_model_offset":"0",\r\n    "list_model_ordering":"",\r\n    "list_model_query_object":"",\r\n    "list_model_type":"",\r\n    "list_order_by_direction":"ASC",\r\n    "list_order_by_field":"a.start_publishing_datetime",\r\n    "list_page_view_css_class":"",\r\n    "list_page_view_css_id":"",\r\n    "list_page_view_id":"",\r\n    "list_template_view_css_class":"",\r\n    "list_template_view_css_id":"",\r\n    "list_template_view_id":"",\r\n    "list_theme_id":"98",\r\n    "list_wrap_view_css_class":"",\r\n    "list_wrap_view_css_id":"",\r\n    "list_wrap_view_id":"0",\r\n\r\n    "log_user_activity_create":"0",\r\n    "log_user_activity_delete":"1",\r\n    "log_user_activity_read":"1",\r\n    "log_user_activity_update":"1",\r\n\r\n    "menu_extension_instance_id":"",\r\n    "mustache":"0",\r\n    "parent_menuitem":""}', '{"title":"Molajo Article Resource", \r\n"description":"Welcome to the Molajo Article Resource",\r\n"keywords":"articles, molajo", \r\n"robots":"follow, index",\r\n"author":"Amy Stephen", \r\n"content_rights":"CC"}', 'en-GB', 0, 19),
(6190, 6190, 1450, 'Fullname', 'Trigger', '', '', 1, 0, 0, 1, '2012-07-01 12:00:00', '0000-00-00 00:00:00', 1, 0, 0, '2012-07-01 12:00:00', 0, '2012-07-01 12:00:00', 0, '0000-00-00 00:00:00', 0, '{}', '{"asset_priority_application":"200",\r\n    "asset_priority_category":"600",\r\n    "asset_priority_extension":"400",\r\n    "asset_priority_menu_item":"700",\r\n    "asset_priority_request":"500",\r\n    "asset_priority_site":"100",\r\n    "asset_priority_source":"800",\r\n    "asset_priority_theme":"900",\r\n    "asset_priority_user":"300",\r\n\r\n    "cache":"1",\r\n    "cache_handler":"file",\r\n    "cache_time":"15",\r\n\r\n    "criteria_display_view_on_no_results":"1",\r\n    "criteria_snippet_length":"200",\r\n    "criteria_title":"",\r\n"content_catalog_type_id":"10000",\r\n\r\n    "enable_comments":"1",\r\n    "enable_draft_save":"1",\r\n    "enable_hit_counts":"1",\r\n    "enable_maximum_version_count":"5",\r\n    "enable_notifications":"1",\r\n    "enable_ping":"1",\r\n    "enable_ratings":"1",\r\n    "enable_retain_versions_after_delete":"1",\r\n    "enable_spam_protection":"1",\r\n    "enable_tweets":"1",\r\n    "enable_version_history":"1",\r\n\r\n    "form_model_name":"",\r\n    "form_model_query_object":"",\r\n    "form_model_type":"",\r\n    "form_page_view_css_class":"",\r\n    "form_page_view_css_id":"",\r\n    "form_page_view_id":"",\r\n    "form_template_view_css_class":"",\r\n    "form_template_view_css_id":"",\r\n    "form_template_view_id":"",\r\n    "form_theme_id":"98",\r\n    "form_wrap_view_css_class":"",\r\n    "form_wrap_view_css_id":"",\r\n    "form_wrap_view_id":"0",\r\n\r\n    "item_model_name":"Articles",\r\n    "item_model_query_object":"Item",\r\n    "item_model_type":"Table",\r\n    "item_page_view_css_class":"",\r\n    "item_page_view_css_id":"",\r\n    "item_page_view_id":"124",\r\n    "item_template_view_css_class":"",\r\n    "item_template_view_css_id":"",\r\n    "item_template_view_id":"236",\r\n    "item_theme_id":"98",\r\n    "item_wrap_view_css_class":"",\r\n    "item_wrap_view_css_id":"",\r\n    "item_wrap_view_id":"58",\r\n\r\n    "list_include_archived_content":"1",\r\n    "list_include_category_list":"",\r\n    "list_include_created_by_list":"",\r\n    "list_include_featured_content":"1",\r\n    "list_include_published_date_begin":"",\r\n    "list_include_published_date_end":"",\r\n    "list_include_stickied_content":"1",\r\n    "list_include_tag_list":"",\r\n    "list_length":"5",\r\n    "list_model_count":"5",\r\n    "list_model_direction":"",\r\n    "list_model_name":"",\r\n    "list_model_offset":"0",\r\n    "list_model_ordering":"",\r\n    "list_model_query_object":"",\r\n    "list_model_type":"",\r\n    "list_order_by_direction":"ASC",\r\n    "list_order_by_field":"a.start_publishing_datetime",\r\n    "list_page_view_css_class":"",\r\n    "list_page_view_css_id":"",\r\n    "list_page_view_id":"",\r\n    "list_template_view_css_class":"",\r\n    "list_template_view_css_id":"",\r\n    "list_template_view_id":"",\r\n    "list_theme_id":"98",\r\n    "list_wrap_view_css_class":"",\r\n    "list_wrap_view_css_id":"",\r\n    "list_wrap_view_id":"0",\r\n\r\n    "log_user_activity_create":"0",\r\n    "log_user_activity_delete":"1",\r\n    "log_user_activity_read":"1",\r\n    "log_user_activity_update":"1",\r\n\r\n    "menu_extension_instance_id":"",\r\n    "mustache":"0",\r\n    "parent_menuitem":""}', '{"title":"Molajo Article Resource", \r\n"description":"Welcome to the Molajo Article Resource",\r\n"keywords":"articles, molajo", \r\n"robots":"follow, index",\r\n"author":"Amy Stephen", \r\n"content_rights":"CC"}', 'en-GB', 0, 20),
(6200, 6200, 1450, 'Gravatar', 'Trigger', '', '', 1, 0, 0, 1, '2012-07-01 12:00:00', '0000-00-00 00:00:00', 1, 0, 0, '2012-07-01 12:00:00', 0, '2012-07-01 12:00:00', 0, '0000-00-00 00:00:00', 0, '{}', '{"asset_priority_application":"200",\r\n    "asset_priority_category":"600",\r\n    "asset_priority_extension":"400",\r\n    "asset_priority_menu_item":"700",\r\n    "asset_priority_request":"500",\r\n    "asset_priority_site":"100",\r\n    "asset_priority_source":"800",\r\n    "asset_priority_theme":"900",\r\n    "asset_priority_user":"300",\r\n\r\n    "cache":"1",\r\n    "cache_handler":"file",\r\n    "cache_time":"15",\r\n\r\n    "criteria_display_view_on_no_results":"1",\r\n    "criteria_snippet_length":"200",\r\n    "criteria_title":"",\r\n"content_catalog_type_id":"10000",\r\n\r\n    "enable_comments":"1",\r\n    "enable_draft_save":"1",\r\n    "enable_hit_counts":"1",\r\n    "enable_maximum_version_count":"5",\r\n    "enable_notifications":"1",\r\n    "enable_ping":"1",\r\n    "enable_ratings":"1",\r\n    "enable_retain_versions_after_delete":"1",\r\n    "enable_spam_protection":"1",\r\n    "enable_tweets":"1",\r\n    "enable_version_history":"1",\r\n\r\n    "form_model_name":"",\r\n    "form_model_query_object":"",\r\n    "form_model_type":"",\r\n    "form_page_view_css_class":"",\r\n    "form_page_view_css_id":"",\r\n    "form_page_view_id":"",\r\n    "form_template_view_css_class":"",\r\n    "form_template_view_css_id":"",\r\n    "form_template_view_id":"",\r\n    "form_theme_id":"98",\r\n    "form_wrap_view_css_class":"",\r\n    "form_wrap_view_css_id":"",\r\n    "form_wrap_view_id":"0",\r\n\r\n    "item_model_name":"Articles",\r\n    "item_model_query_object":"Item",\r\n    "item_model_type":"Table",\r\n    "item_page_view_css_class":"",\r\n    "item_page_view_css_id":"",\r\n    "item_page_view_id":"124",\r\n    "item_template_view_css_class":"",\r\n    "item_template_view_css_id":"",\r\n    "item_template_view_id":"236",\r\n    "item_theme_id":"98",\r\n    "item_wrap_view_css_class":"",\r\n    "item_wrap_view_css_id":"",\r\n    "item_wrap_view_id":"58",\r\n\r\n    "list_include_archived_content":"1",\r\n    "list_include_category_list":"",\r\n    "list_include_created_by_list":"",\r\n    "list_include_featured_content":"1",\r\n    "list_include_published_date_begin":"",\r\n    "list_include_published_date_end":"",\r\n    "list_include_stickied_content":"1",\r\n    "list_include_tag_list":"",\r\n    "list_length":"5",\r\n    "list_model_count":"5",\r\n    "list_model_direction":"",\r\n    "list_model_name":"",\r\n    "list_model_offset":"0",\r\n    "list_model_ordering":"",\r\n    "list_model_query_object":"",\r\n    "list_model_type":"",\r\n    "list_order_by_direction":"ASC",\r\n    "list_order_by_field":"a.start_publishing_datetime",\r\n    "list_page_view_css_class":"",\r\n    "list_page_view_css_id":"",\r\n    "list_page_view_id":"",\r\n    "list_template_view_css_class":"",\r\n    "list_template_view_css_id":"",\r\n    "list_template_view_id":"",\r\n    "list_theme_id":"98",\r\n    "list_wrap_view_css_class":"",\r\n    "list_wrap_view_css_id":"",\r\n    "list_wrap_view_id":"0",\r\n\r\n    "log_user_activity_create":"0",\r\n    "log_user_activity_delete":"1",\r\n    "log_user_activity_read":"1",\r\n    "log_user_activity_update":"1",\r\n\r\n    "menu_extension_instance_id":"",\r\n    "mustache":"0",\r\n    "parent_menuitem":""}', '{"title":"Molajo Article Resource", \r\n"description":"Welcome to the Molajo Article Resource",\r\n"keywords":"articles, molajo", \r\n"robots":"follow, index",\r\n"author":"Amy Stephen", \r\n"content_rights":"CC"}', 'en-GB', 0, 21),
(6210, 6210, 1450, 'IFrame', 'Trigger', '', '', 1, 0, 0, 1, '2012-07-01 12:00:00', '0000-00-00 00:00:00', 1, 0, 0, '2012-07-01 12:00:00', 0, '2012-07-01 12:00:00', 0, '0000-00-00 00:00:00', 0, '{}', '{"asset_priority_application":"200",\r\n    "asset_priority_category":"600",\r\n    "asset_priority_extension":"400",\r\n    "asset_priority_menu_item":"700",\r\n    "asset_priority_request":"500",\r\n    "asset_priority_site":"100",\r\n    "asset_priority_source":"800",\r\n    "asset_priority_theme":"900",\r\n    "asset_priority_user":"300",\r\n\r\n    "cache":"1",\r\n    "cache_handler":"file",\r\n    "cache_time":"15",\r\n\r\n    "criteria_display_view_on_no_results":"1",\r\n    "criteria_snippet_length":"200",\r\n    "criteria_title":"",\r\n"content_catalog_type_id":"10000",\r\n\r\n    "enable_comments":"1",\r\n    "enable_draft_save":"1",\r\n    "enable_hit_counts":"1",\r\n    "enable_maximum_version_count":"5",\r\n    "enable_notifications":"1",\r\n    "enable_ping":"1",\r\n    "enable_ratings":"1",\r\n    "enable_retain_versions_after_delete":"1",\r\n    "enable_spam_protection":"1",\r\n    "enable_tweets":"1",\r\n    "enable_version_history":"1",\r\n\r\n    "form_model_name":"",\r\n    "form_model_query_object":"",\r\n    "form_model_type":"",\r\n    "form_page_view_css_class":"",\r\n    "form_page_view_css_id":"",\r\n    "form_page_view_id":"",\r\n    "form_template_view_css_class":"",\r\n    "form_template_view_css_id":"",\r\n    "form_template_view_id":"",\r\n    "form_theme_id":"98",\r\n    "form_wrap_view_css_class":"",\r\n    "form_wrap_view_css_id":"",\r\n    "form_wrap_view_id":"0",\r\n\r\n    "item_model_name":"Articles",\r\n    "item_model_query_object":"Item",\r\n    "item_model_type":"Table",\r\n    "item_page_view_css_class":"",\r\n    "item_page_view_css_id":"",\r\n    "item_page_view_id":"124",\r\n    "item_template_view_css_class":"",\r\n    "item_template_view_css_id":"",\r\n    "item_template_view_id":"236",\r\n    "item_theme_id":"98",\r\n    "item_wrap_view_css_class":"",\r\n    "item_wrap_view_css_id":"",\r\n    "item_wrap_view_id":"58",\r\n\r\n    "list_include_archived_content":"1",\r\n    "list_include_category_list":"",\r\n    "list_include_created_by_list":"",\r\n    "list_include_featured_content":"1",\r\n    "list_include_published_date_begin":"",\r\n    "list_include_published_date_end":"",\r\n    "list_include_stickied_content":"1",\r\n    "list_include_tag_list":"",\r\n    "list_length":"5",\r\n    "list_model_count":"5",\r\n    "list_model_direction":"",\r\n    "list_model_name":"",\r\n    "list_model_offset":"0",\r\n    "list_model_ordering":"",\r\n    "list_model_query_object":"",\r\n    "list_model_type":"",\r\n    "list_order_by_direction":"ASC",\r\n    "list_order_by_field":"a.start_publishing_datetime",\r\n    "list_page_view_css_class":"",\r\n    "list_page_view_css_id":"",\r\n    "list_page_view_id":"",\r\n    "list_template_view_css_class":"",\r\n    "list_template_view_css_id":"",\r\n    "list_template_view_id":"",\r\n    "list_theme_id":"98",\r\n    "list_wrap_view_css_class":"",\r\n    "list_wrap_view_css_id":"",\r\n    "list_wrap_view_id":"0",\r\n\r\n    "log_user_activity_create":"0",\r\n    "log_user_activity_delete":"1",\r\n    "log_user_activity_read":"1",\r\n    "log_user_activity_update":"1",\r\n\r\n    "menu_extension_instance_id":"",\r\n    "mustache":"0",\r\n    "parent_menuitem":""}', '{"title":"Molajo Article Resource", \r\n"description":"Welcome to the Molajo Article Resource",\r\n"keywords":"articles, molajo", \r\n"robots":"follow, index",\r\n"author":"Amy Stephen", \r\n"content_rights":"CC"}', 'en-GB', 0, 22),
(6220, 6220, 1450, 'Ipaddress', 'Trigger', '', '', 1, 0, 0, 1, '2012-07-01 12:00:00', '0000-00-00 00:00:00', 1, 0, 0, '2012-07-01 12:00:00', 0, '2012-07-01 12:00:00', 0, '0000-00-00 00:00:00', 0, '{}', '{"asset_priority_application":"200",\r\n    "asset_priority_category":"600",\r\n    "asset_priority_extension":"400",\r\n    "asset_priority_menu_item":"700",\r\n    "asset_priority_request":"500",\r\n    "asset_priority_site":"100",\r\n    "asset_priority_source":"800",\r\n    "asset_priority_theme":"900",\r\n    "asset_priority_user":"300",\r\n\r\n    "cache":"1",\r\n    "cache_handler":"file",\r\n    "cache_time":"15",\r\n\r\n    "criteria_display_view_on_no_results":"1",\r\n    "criteria_snippet_length":"200",\r\n    "criteria_title":"",\r\n"content_catalog_type_id":"10000",\r\n\r\n    "enable_comments":"1",\r\n    "enable_draft_save":"1",\r\n    "enable_hit_counts":"1",\r\n    "enable_maximum_version_count":"5",\r\n    "enable_notifications":"1",\r\n    "enable_ping":"1",\r\n    "enable_ratings":"1",\r\n    "enable_retain_versions_after_delete":"1",\r\n    "enable_spam_protection":"1",\r\n    "enable_tweets":"1",\r\n    "enable_version_history":"1",\r\n\r\n    "form_model_name":"",\r\n    "form_model_query_object":"",\r\n    "form_model_type":"",\r\n    "form_page_view_css_class":"",\r\n    "form_page_view_css_id":"",\r\n    "form_page_view_id":"",\r\n    "form_template_view_css_class":"",\r\n    "form_template_view_css_id":"",\r\n    "form_template_view_id":"",\r\n    "form_theme_id":"98",\r\n    "form_wrap_view_css_class":"",\r\n    "form_wrap_view_css_id":"",\r\n    "form_wrap_view_id":"0",\r\n\r\n    "item_model_name":"Articles",\r\n    "item_model_query_object":"Item",\r\n    "item_model_type":"Table",\r\n    "item_page_view_css_class":"",\r\n    "item_page_view_css_id":"",\r\n    "item_page_view_id":"124",\r\n    "item_template_view_css_class":"",\r\n    "item_template_view_css_id":"",\r\n    "item_template_view_id":"236",\r\n    "item_theme_id":"98",\r\n    "item_wrap_view_css_class":"",\r\n    "item_wrap_view_css_id":"",\r\n    "item_wrap_view_id":"58",\r\n\r\n    "list_include_archived_content":"1",\r\n    "list_include_category_list":"",\r\n    "list_include_created_by_list":"",\r\n    "list_include_featured_content":"1",\r\n    "list_include_published_date_begin":"",\r\n    "list_include_published_date_end":"",\r\n    "list_include_stickied_content":"1",\r\n    "list_include_tag_list":"",\r\n    "list_length":"5",\r\n    "list_model_count":"5",\r\n    "list_model_direction":"",\r\n    "list_model_name":"",\r\n    "list_model_offset":"0",\r\n    "list_model_ordering":"",\r\n    "list_model_query_object":"",\r\n    "list_model_type":"",\r\n    "list_order_by_direction":"ASC",\r\n    "list_order_by_field":"a.start_publishing_datetime",\r\n    "list_page_view_css_class":"",\r\n    "list_page_view_css_id":"",\r\n    "list_page_view_id":"",\r\n    "list_template_view_css_class":"",\r\n    "list_template_view_css_id":"",\r\n    "list_template_view_id":"",\r\n    "list_theme_id":"98",\r\n    "list_wrap_view_css_class":"",\r\n    "list_wrap_view_css_id":"",\r\n    "list_wrap_view_id":"0",\r\n\r\n    "log_user_activity_create":"0",\r\n    "log_user_activity_delete":"1",\r\n    "log_user_activity_read":"1",\r\n    "log_user_activity_update":"1",\r\n\r\n    "menu_extension_instance_id":"",\r\n    "mustache":"0",\r\n    "parent_menuitem":""}', '{"title":"Molajo Article Resource", \r\n"description":"Welcome to the Molajo Article Resource",\r\n"keywords":"articles, molajo", \r\n"robots":"follow, index",\r\n"author":"Amy Stephen", \r\n"content_rights":"CC"}', 'en-GB', 0, 23),
(6230, 6230, 1450, 'Itemurl', 'Trigger', '', '', 1, 0, 0, 1, '2012-07-01 12:00:00', '0000-00-00 00:00:00', 1, 0, 0, '2012-07-01 12:00:00', 0, '2012-07-01 12:00:00', 0, '0000-00-00 00:00:00', 0, '{}', '{"asset_priority_application":"200",\r\n    "asset_priority_category":"600",\r\n    "asset_priority_extension":"400",\r\n    "asset_priority_menu_item":"700",\r\n    "asset_priority_request":"500",\r\n    "asset_priority_site":"100",\r\n    "asset_priority_source":"800",\r\n    "asset_priority_theme":"900",\r\n    "asset_priority_user":"300",\r\n\r\n    "cache":"1",\r\n    "cache_handler":"file",\r\n    "cache_time":"15",\r\n\r\n    "criteria_display_view_on_no_results":"1",\r\n    "criteria_snippet_length":"200",\r\n    "criteria_title":"",\r\n"content_catalog_type_id":"10000",\r\n\r\n    "enable_comments":"1",\r\n    "enable_draft_save":"1",\r\n    "enable_hit_counts":"1",\r\n    "enable_maximum_version_count":"5",\r\n    "enable_notifications":"1",\r\n    "enable_ping":"1",\r\n    "enable_ratings":"1",\r\n    "enable_retain_versions_after_delete":"1",\r\n    "enable_spam_protection":"1",\r\n    "enable_tweets":"1",\r\n    "enable_version_history":"1",\r\n\r\n    "form_model_name":"",\r\n    "form_model_query_object":"",\r\n    "form_model_type":"",\r\n    "form_page_view_css_class":"",\r\n    "form_page_view_css_id":"",\r\n    "form_page_view_id":"",\r\n    "form_template_view_css_class":"",\r\n    "form_template_view_css_id":"",\r\n    "form_template_view_id":"",\r\n    "form_theme_id":"98",\r\n    "form_wrap_view_css_class":"",\r\n    "form_wrap_view_css_id":"",\r\n    "form_wrap_view_id":"0",\r\n\r\n    "item_model_name":"Articles",\r\n    "item_model_query_object":"Item",\r\n    "item_model_type":"Table",\r\n    "item_page_view_css_class":"",\r\n    "item_page_view_css_id":"",\r\n    "item_page_view_id":"124",\r\n    "item_template_view_css_class":"",\r\n    "item_template_view_css_id":"",\r\n    "item_template_view_id":"236",\r\n    "item_theme_id":"98",\r\n    "item_wrap_view_css_class":"",\r\n    "item_wrap_view_css_id":"",\r\n    "item_wrap_view_id":"58",\r\n\r\n    "list_include_archived_content":"1",\r\n    "list_include_category_list":"",\r\n    "list_include_created_by_list":"",\r\n    "list_include_featured_content":"1",\r\n    "list_include_published_date_begin":"",\r\n    "list_include_published_date_end":"",\r\n    "list_include_stickied_content":"1",\r\n    "list_include_tag_list":"",\r\n    "list_length":"5",\r\n    "list_model_count":"5",\r\n    "list_model_direction":"",\r\n    "list_model_name":"",\r\n    "list_model_offset":"0",\r\n    "list_model_ordering":"",\r\n    "list_model_query_object":"",\r\n    "list_model_type":"",\r\n    "list_order_by_direction":"ASC",\r\n    "list_order_by_field":"a.start_publishing_datetime",\r\n    "list_page_view_css_class":"",\r\n    "list_page_view_css_id":"",\r\n    "list_page_view_id":"",\r\n    "list_template_view_css_class":"",\r\n    "list_template_view_css_id":"",\r\n    "list_template_view_id":"",\r\n    "list_theme_id":"98",\r\n    "list_wrap_view_css_class":"",\r\n    "list_wrap_view_css_id":"",\r\n    "list_wrap_view_id":"0",\r\n\r\n    "log_user_activity_create":"0",\r\n    "log_user_activity_delete":"1",\r\n    "log_user_activity_read":"1",\r\n    "log_user_activity_update":"1",\r\n\r\n    "menu_extension_instance_id":"",\r\n    "mustache":"0",\r\n    "parent_menuitem":""}', '{"title":"Molajo Article Resource", \r\n"description":"Welcome to the Molajo Article Resource",\r\n"keywords":"articles, molajo", \r\n"robots":"follow, index",\r\n"author":"Amy Stephen", \r\n"content_rights":"CC"}', 'en-GB', 0, 24);
INSERT INTO `molajo_extension_instances` (`id`, `extension_id`, `catalog_type_id`, `title`, `subtitle`, `alias`, `content_text`, `protected`, `featured`, `stickied`, `status`, `start_publishing_datetime`, `stop_publishing_datetime`, `version`, `version_of_id`, `status_prior_to_version`, `created_datetime`, `created_by`, `modified_datetime`, `modified_by`, `checked_out_datetime`, `checked_out_by`, `customfields`, `parameters`, `metadata`, `language`, `translation_of_id`, `ordering`) VALUES
(6235, 6235, 1450, 'Itemuserpermissions', 'Trigger', '', '', 1, 0, 0, 1, '2012-07-01 12:00:00', '0000-00-00 00:00:00', 1, 0, 0, '2012-07-01 12:00:00', 0, '2012-07-01 12:00:00', 0, '0000-00-00 00:00:00', 0, '{}', '{"asset_priority_application":"200",\r\n    "asset_priority_category":"600",\r\n    "asset_priority_extension":"400",\r\n    "asset_priority_menu_item":"700",\r\n    "asset_priority_request":"500",\r\n    "asset_priority_site":"100",\r\n    "asset_priority_source":"800",\r\n    "asset_priority_theme":"900",\r\n    "asset_priority_user":"300",\r\n\r\n    "cache":"1",\r\n    "cache_handler":"file",\r\n    "cache_time":"15",\r\n\r\n    "criteria_display_view_on_no_results":"1",\r\n    "criteria_snippet_length":"200",\r\n    "criteria_title":"",\r\n"content_catalog_type_id":"10000",\r\n\r\n    "enable_comments":"1",\r\n    "enable_draft_save":"1",\r\n    "enable_hit_counts":"1",\r\n    "enable_maximum_version_count":"5",\r\n    "enable_notifications":"1",\r\n    "enable_ping":"1",\r\n    "enable_ratings":"1",\r\n    "enable_retain_versions_after_delete":"1",\r\n    "enable_spam_protection":"1",\r\n    "enable_tweets":"1",\r\n    "enable_version_history":"1",\r\n\r\n    "form_model_name":"",\r\n    "form_model_query_object":"",\r\n    "form_model_type":"",\r\n    "form_page_view_css_class":"",\r\n    "form_page_view_css_id":"",\r\n    "form_page_view_id":"",\r\n    "form_template_view_css_class":"",\r\n    "form_template_view_css_id":"",\r\n    "form_template_view_id":"",\r\n    "form_theme_id":"98",\r\n    "form_wrap_view_css_class":"",\r\n    "form_wrap_view_css_id":"",\r\n    "form_wrap_view_id":"0",\r\n\r\n    "item_model_name":"Articles",\r\n    "item_model_query_object":"Item",\r\n    "item_model_type":"Table",\r\n    "item_page_view_css_class":"",\r\n    "item_page_view_css_id":"",\r\n    "item_page_view_id":"124",\r\n    "item_template_view_css_class":"",\r\n    "item_template_view_css_id":"",\r\n    "item_template_view_id":"236",\r\n    "item_theme_id":"98",\r\n    "item_wrap_view_css_class":"",\r\n    "item_wrap_view_css_id":"",\r\n    "item_wrap_view_id":"58",\r\n\r\n    "list_include_archived_content":"1",\r\n    "list_include_category_list":"",\r\n    "list_include_created_by_list":"",\r\n    "list_include_featured_content":"1",\r\n    "list_include_published_date_begin":"",\r\n    "list_include_published_date_end":"",\r\n    "list_include_stickied_content":"1",\r\n    "list_include_tag_list":"",\r\n    "list_length":"5",\r\n    "list_model_count":"5",\r\n    "list_model_direction":"",\r\n    "list_model_name":"",\r\n    "list_model_offset":"0",\r\n    "list_model_ordering":"",\r\n    "list_model_query_object":"",\r\n    "list_model_type":"",\r\n    "list_order_by_direction":"ASC",\r\n    "list_order_by_field":"a.start_publishing_datetime",\r\n    "list_page_view_css_class":"",\r\n    "list_page_view_css_id":"",\r\n    "list_page_view_id":"",\r\n    "list_template_view_css_class":"",\r\n    "list_template_view_css_id":"",\r\n    "list_template_view_id":"",\r\n    "list_theme_id":"98",\r\n    "list_wrap_view_css_class":"",\r\n    "list_wrap_view_css_id":"",\r\n    "list_wrap_view_id":"0",\r\n\r\n    "log_user_activity_create":"0",\r\n    "log_user_activity_delete":"1",\r\n    "log_user_activity_read":"1",\r\n    "log_user_activity_update":"1",\r\n\r\n    "menu_extension_instance_id":"",\r\n    "mustache":"0",\r\n    "parent_menuitem":""}', '{"title":"Molajo Article Resource", \r\n"description":"Welcome to the Molajo Article Resource",\r\n"keywords":"articles, molajo", \r\n"robots":"follow, index",\r\n"author":"Amy Stephen", \r\n"content_rights":"CC"}', 'en-GB', 0, 25),
(6240, 6240, 1450, 'Language', 'Trigger', '', '', 1, 0, 0, 1, '2012-07-01 12:00:00', '0000-00-00 00:00:00', 1, 0, 0, '2012-07-01 12:00:00', 0, '2012-07-01 12:00:00', 0, '0000-00-00 00:00:00', 0, '{}', '{"asset_priority_application":"200",\r\n    "asset_priority_category":"600",\r\n    "asset_priority_extension":"400",\r\n    "asset_priority_menu_item":"700",\r\n    "asset_priority_request":"500",\r\n    "asset_priority_site":"100",\r\n    "asset_priority_source":"800",\r\n    "asset_priority_theme":"900",\r\n    "asset_priority_user":"300",\r\n\r\n    "cache":"1",\r\n    "cache_handler":"file",\r\n    "cache_time":"15",\r\n\r\n    "criteria_display_view_on_no_results":"1",\r\n    "criteria_snippet_length":"200",\r\n    "criteria_title":"",\r\n"content_catalog_type_id":"10000",\r\n\r\n    "enable_comments":"1",\r\n    "enable_draft_save":"1",\r\n    "enable_hit_counts":"1",\r\n    "enable_maximum_version_count":"5",\r\n    "enable_notifications":"1",\r\n    "enable_ping":"1",\r\n    "enable_ratings":"1",\r\n    "enable_retain_versions_after_delete":"1",\r\n    "enable_spam_protection":"1",\r\n    "enable_tweets":"1",\r\n    "enable_version_history":"1",\r\n\r\n    "form_model_name":"",\r\n    "form_model_query_object":"",\r\n    "form_model_type":"",\r\n    "form_page_view_css_class":"",\r\n    "form_page_view_css_id":"",\r\n    "form_page_view_id":"",\r\n    "form_template_view_css_class":"",\r\n    "form_template_view_css_id":"",\r\n    "form_template_view_id":"",\r\n    "form_theme_id":"98",\r\n    "form_wrap_view_css_class":"",\r\n    "form_wrap_view_css_id":"",\r\n    "form_wrap_view_id":"0",\r\n\r\n    "item_model_name":"Articles",\r\n    "item_model_query_object":"Item",\r\n    "item_model_type":"Table",\r\n    "item_page_view_css_class":"",\r\n    "item_page_view_css_id":"",\r\n    "item_page_view_id":"124",\r\n    "item_template_view_css_class":"",\r\n    "item_template_view_css_id":"",\r\n    "item_template_view_id":"236",\r\n    "item_theme_id":"98",\r\n    "item_wrap_view_css_class":"",\r\n    "item_wrap_view_css_id":"",\r\n    "item_wrap_view_id":"58",\r\n\r\n    "list_include_archived_content":"1",\r\n    "list_include_category_list":"",\r\n    "list_include_created_by_list":"",\r\n    "list_include_featured_content":"1",\r\n    "list_include_published_date_begin":"",\r\n    "list_include_published_date_end":"",\r\n    "list_include_stickied_content":"1",\r\n    "list_include_tag_list":"",\r\n    "list_length":"5",\r\n    "list_model_count":"5",\r\n    "list_model_direction":"",\r\n    "list_model_name":"",\r\n    "list_model_offset":"0",\r\n    "list_model_ordering":"",\r\n    "list_model_query_object":"",\r\n    "list_model_type":"",\r\n    "list_order_by_direction":"ASC",\r\n    "list_order_by_field":"a.start_publishing_datetime",\r\n    "list_page_view_css_class":"",\r\n    "list_page_view_css_id":"",\r\n    "list_page_view_id":"",\r\n    "list_template_view_css_class":"",\r\n    "list_template_view_css_id":"",\r\n    "list_template_view_id":"",\r\n    "list_theme_id":"98",\r\n    "list_wrap_view_css_class":"",\r\n    "list_wrap_view_css_id":"",\r\n    "list_wrap_view_id":"0",\r\n\r\n    "log_user_activity_create":"0",\r\n    "log_user_activity_delete":"1",\r\n    "log_user_activity_read":"1",\r\n    "log_user_activity_update":"1",\r\n\r\n    "menu_extension_instance_id":"",\r\n    "mustache":"0",\r\n    "parent_menuitem":""}', '{"title":"Molajo Article Resource", \r\n"description":"Welcome to the Molajo Article Resource",\r\n"keywords":"articles, molajo", \r\n"robots":"follow, index",\r\n"author":"Amy Stephen", \r\n"content_rights":"CC"}', 'en-GB', 0, 26),
(6250, 6250, 1450, 'Linebreaks', 'Trigger', '', '', 1, 0, 0, 1, '2012-07-01 12:00:00', '0000-00-00 00:00:00', 1, 0, 0, '2012-07-01 12:00:00', 0, '2012-07-01 12:00:00', 0, '0000-00-00 00:00:00', 0, '{}', '{"asset_priority_application":"200",\r\n    "asset_priority_category":"600",\r\n    "asset_priority_extension":"400",\r\n    "asset_priority_menu_item":"700",\r\n    "asset_priority_request":"500",\r\n    "asset_priority_site":"100",\r\n    "asset_priority_source":"800",\r\n    "asset_priority_theme":"900",\r\n    "asset_priority_user":"300",\r\n\r\n    "cache":"1",\r\n    "cache_handler":"file",\r\n    "cache_time":"15",\r\n\r\n    "criteria_display_view_on_no_results":"1",\r\n    "criteria_snippet_length":"200",\r\n    "criteria_title":"",\r\n"content_catalog_type_id":"10000",\r\n\r\n    "enable_comments":"1",\r\n    "enable_draft_save":"1",\r\n    "enable_hit_counts":"1",\r\n    "enable_maximum_version_count":"5",\r\n    "enable_notifications":"1",\r\n    "enable_ping":"1",\r\n    "enable_ratings":"1",\r\n    "enable_retain_versions_after_delete":"1",\r\n    "enable_spam_protection":"1",\r\n    "enable_tweets":"1",\r\n    "enable_version_history":"1",\r\n\r\n    "form_model_name":"",\r\n    "form_model_query_object":"",\r\n    "form_model_type":"",\r\n    "form_page_view_css_class":"",\r\n    "form_page_view_css_id":"",\r\n    "form_page_view_id":"",\r\n    "form_template_view_css_class":"",\r\n    "form_template_view_css_id":"",\r\n    "form_template_view_id":"",\r\n    "form_theme_id":"98",\r\n    "form_wrap_view_css_class":"",\r\n    "form_wrap_view_css_id":"",\r\n    "form_wrap_view_id":"0",\r\n\r\n    "item_model_name":"Articles",\r\n    "item_model_query_object":"Item",\r\n    "item_model_type":"Table",\r\n    "item_page_view_css_class":"",\r\n    "item_page_view_css_id":"",\r\n    "item_page_view_id":"124",\r\n    "item_template_view_css_class":"",\r\n    "item_template_view_css_id":"",\r\n    "item_template_view_id":"236",\r\n    "item_theme_id":"98",\r\n    "item_wrap_view_css_class":"",\r\n    "item_wrap_view_css_id":"",\r\n    "item_wrap_view_id":"58",\r\n\r\n    "list_include_archived_content":"1",\r\n    "list_include_category_list":"",\r\n    "list_include_created_by_list":"",\r\n    "list_include_featured_content":"1",\r\n    "list_include_published_date_begin":"",\r\n    "list_include_published_date_end":"",\r\n    "list_include_stickied_content":"1",\r\n    "list_include_tag_list":"",\r\n    "list_length":"5",\r\n    "list_model_count":"5",\r\n    "list_model_direction":"",\r\n    "list_model_name":"",\r\n    "list_model_offset":"0",\r\n    "list_model_ordering":"",\r\n    "list_model_query_object":"",\r\n    "list_model_type":"",\r\n    "list_order_by_direction":"ASC",\r\n    "list_order_by_field":"a.start_publishing_datetime",\r\n    "list_page_view_css_class":"",\r\n    "list_page_view_css_id":"",\r\n    "list_page_view_id":"",\r\n    "list_template_view_css_class":"",\r\n    "list_template_view_css_id":"",\r\n    "list_template_view_id":"",\r\n    "list_theme_id":"98",\r\n    "list_wrap_view_css_class":"",\r\n    "list_wrap_view_css_id":"",\r\n    "list_wrap_view_id":"0",\r\n\r\n    "log_user_activity_create":"0",\r\n    "log_user_activity_delete":"1",\r\n    "log_user_activity_read":"1",\r\n    "log_user_activity_update":"1",\r\n\r\n    "menu_extension_instance_id":"",\r\n    "mustache":"0",\r\n    "parent_menuitem":""}', '{"title":"Molajo Article Resource", \r\n"description":"Welcome to the Molajo Article Resource",\r\n"keywords":"articles, molajo", \r\n"robots":"follow, index",\r\n"author":"Amy Stephen", \r\n"content_rights":"CC"}', 'en-GB', 0, 27),
(6260, 6260, 1450, 'Lists', 'Trigger', '', '', 1, 0, 0, 1, '2012-07-01 12:00:00', '0000-00-00 00:00:00', 1, 0, 0, '2012-07-01 12:00:00', 0, '2012-07-01 12:00:00', 0, '0000-00-00 00:00:00', 0, '{}', '{"asset_priority_application":"200",\r\n    "asset_priority_category":"600",\r\n    "asset_priority_extension":"400",\r\n    "asset_priority_menu_item":"700",\r\n    "asset_priority_request":"500",\r\n    "asset_priority_site":"100",\r\n    "asset_priority_source":"800",\r\n    "asset_priority_theme":"900",\r\n    "asset_priority_user":"300",\r\n\r\n    "cache":"1",\r\n    "cache_handler":"file",\r\n    "cache_time":"15",\r\n\r\n    "criteria_display_view_on_no_results":"1",\r\n    "criteria_snippet_length":"200",\r\n    "criteria_title":"",\r\n"content_catalog_type_id":"10000",\r\n\r\n    "enable_comments":"1",\r\n    "enable_draft_save":"1",\r\n    "enable_hit_counts":"1",\r\n    "enable_maximum_version_count":"5",\r\n    "enable_notifications":"1",\r\n    "enable_ping":"1",\r\n    "enable_ratings":"1",\r\n    "enable_retain_versions_after_delete":"1",\r\n    "enable_spam_protection":"1",\r\n    "enable_tweets":"1",\r\n    "enable_version_history":"1",\r\n\r\n    "form_model_name":"",\r\n    "form_model_query_object":"",\r\n    "form_model_type":"",\r\n    "form_page_view_css_class":"",\r\n    "form_page_view_css_id":"",\r\n    "form_page_view_id":"",\r\n    "form_template_view_css_class":"",\r\n    "form_template_view_css_id":"",\r\n    "form_template_view_id":"",\r\n    "form_theme_id":"98",\r\n    "form_wrap_view_css_class":"",\r\n    "form_wrap_view_css_id":"",\r\n    "form_wrap_view_id":"0",\r\n\r\n    "item_model_name":"Articles",\r\n    "item_model_query_object":"Item",\r\n    "item_model_type":"Table",\r\n    "item_page_view_css_class":"",\r\n    "item_page_view_css_id":"",\r\n    "item_page_view_id":"124",\r\n    "item_template_view_css_class":"",\r\n    "item_template_view_css_id":"",\r\n    "item_template_view_id":"236",\r\n    "item_theme_id":"98",\r\n    "item_wrap_view_css_class":"",\r\n    "item_wrap_view_css_id":"",\r\n    "item_wrap_view_id":"58",\r\n\r\n    "list_include_archived_content":"1",\r\n    "list_include_category_list":"",\r\n    "list_include_created_by_list":"",\r\n    "list_include_featured_content":"1",\r\n    "list_include_published_date_begin":"",\r\n    "list_include_published_date_end":"",\r\n    "list_include_stickied_content":"1",\r\n    "list_include_tag_list":"",\r\n    "list_length":"5",\r\n    "list_model_count":"5",\r\n    "list_model_direction":"",\r\n    "list_model_name":"",\r\n    "list_model_offset":"0",\r\n    "list_model_ordering":"",\r\n    "list_model_query_object":"",\r\n    "list_model_type":"",\r\n    "list_order_by_direction":"ASC",\r\n    "list_order_by_field":"a.start_publishing_datetime",\r\n    "list_page_view_css_class":"",\r\n    "list_page_view_css_id":"",\r\n    "list_page_view_id":"",\r\n    "list_template_view_css_class":"",\r\n    "list_template_view_css_id":"",\r\n    "list_template_view_id":"",\r\n    "list_theme_id":"98",\r\n    "list_wrap_view_css_class":"",\r\n    "list_wrap_view_css_id":"",\r\n    "list_wrap_view_id":"0",\r\n\r\n    "log_user_activity_create":"0",\r\n    "log_user_activity_delete":"1",\r\n    "log_user_activity_read":"1",\r\n    "log_user_activity_update":"1",\r\n\r\n    "menu_extension_instance_id":"",\r\n    "mustache":"0",\r\n    "parent_menuitem":""}', '{"title":"Molajo Article Resource", \r\n"description":"Welcome to the Molajo Article Resource",\r\n"keywords":"articles, molajo", \r\n"robots":"follow, index",\r\n"author":"Amy Stephen", \r\n"content_rights":"CC"}', 'en-GB', 0, 28),
(6270, 6270, 1450, 'Logon', 'Trigger', '', '', 1, 0, 0, 1, '2012-07-01 12:00:00', '0000-00-00 00:00:00', 1, 0, 0, '2012-07-01 12:00:00', 0, '2012-07-01 12:00:00', 0, '0000-00-00 00:00:00', 0, '{}', '{"asset_priority_application":"200",\r\n    "asset_priority_category":"600",\r\n    "asset_priority_extension":"400",\r\n    "asset_priority_menu_item":"700",\r\n    "asset_priority_request":"500",\r\n    "asset_priority_site":"100",\r\n    "asset_priority_source":"800",\r\n    "asset_priority_theme":"900",\r\n    "asset_priority_user":"300",\r\n\r\n    "cache":"1",\r\n    "cache_handler":"file",\r\n    "cache_time":"15",\r\n\r\n    "criteria_display_view_on_no_results":"1",\r\n    "criteria_snippet_length":"200",\r\n    "criteria_title":"",\r\n"content_catalog_type_id":"10000",\r\n\r\n    "enable_comments":"1",\r\n    "enable_draft_save":"1",\r\n    "enable_hit_counts":"1",\r\n    "enable_maximum_version_count":"5",\r\n    "enable_notifications":"1",\r\n    "enable_ping":"1",\r\n    "enable_ratings":"1",\r\n    "enable_retain_versions_after_delete":"1",\r\n    "enable_spam_protection":"1",\r\n    "enable_tweets":"1",\r\n    "enable_version_history":"1",\r\n\r\n    "form_model_name":"",\r\n    "form_model_query_object":"",\r\n    "form_model_type":"",\r\n    "form_page_view_css_class":"",\r\n    "form_page_view_css_id":"",\r\n    "form_page_view_id":"",\r\n    "form_template_view_css_class":"",\r\n    "form_template_view_css_id":"",\r\n    "form_template_view_id":"",\r\n    "form_theme_id":"98",\r\n    "form_wrap_view_css_class":"",\r\n    "form_wrap_view_css_id":"",\r\n    "form_wrap_view_id":"0",\r\n\r\n    "item_model_name":"Articles",\r\n    "item_model_query_object":"Item",\r\n    "item_model_type":"Table",\r\n    "item_page_view_css_class":"",\r\n    "item_page_view_css_id":"",\r\n    "item_page_view_id":"124",\r\n    "item_template_view_css_class":"",\r\n    "item_template_view_css_id":"",\r\n    "item_template_view_id":"236",\r\n    "item_theme_id":"98",\r\n    "item_wrap_view_css_class":"",\r\n    "item_wrap_view_css_id":"",\r\n    "item_wrap_view_id":"58",\r\n\r\n    "list_include_archived_content":"1",\r\n    "list_include_category_list":"",\r\n    "list_include_created_by_list":"",\r\n    "list_include_featured_content":"1",\r\n    "list_include_published_date_begin":"",\r\n    "list_include_published_date_end":"",\r\n    "list_include_stickied_content":"1",\r\n    "list_include_tag_list":"",\r\n    "list_length":"5",\r\n    "list_model_count":"5",\r\n    "list_model_direction":"",\r\n    "list_model_name":"",\r\n    "list_model_offset":"0",\r\n    "list_model_ordering":"",\r\n    "list_model_query_object":"",\r\n    "list_model_type":"",\r\n    "list_order_by_direction":"ASC",\r\n    "list_order_by_field":"a.start_publishing_datetime",\r\n    "list_page_view_css_class":"",\r\n    "list_page_view_css_id":"",\r\n    "list_page_view_id":"",\r\n    "list_template_view_css_class":"",\r\n    "list_template_view_css_id":"",\r\n    "list_template_view_id":"",\r\n    "list_theme_id":"98",\r\n    "list_wrap_view_css_class":"",\r\n    "list_wrap_view_css_id":"",\r\n    "list_wrap_view_id":"0",\r\n\r\n    "log_user_activity_create":"0",\r\n    "log_user_activity_delete":"1",\r\n    "log_user_activity_read":"1",\r\n    "log_user_activity_update":"1",\r\n\r\n    "menu_extension_instance_id":"",\r\n    "mustache":"0",\r\n    "parent_menuitem":""}', '{"title":"Molajo Article Resource", \r\n"description":"Welcome to the Molajo Article Resource",\r\n"keywords":"articles, molajo", \r\n"robots":"follow, index",\r\n"author":"Amy Stephen", \r\n"content_rights":"CC"}', 'en-GB', 0, 29),
(6280, 6280, 1450, 'Logout', 'Trigger', '', '', 1, 0, 0, 1, '2012-07-01 12:00:00', '0000-00-00 00:00:00', 1, 0, 0, '2012-07-01 12:00:00', 0, '2012-07-01 12:00:00', 0, '0000-00-00 00:00:00', 0, '{}', '{"asset_priority_application":"200",\r\n    "asset_priority_category":"600",\r\n    "asset_priority_extension":"400",\r\n    "asset_priority_menu_item":"700",\r\n    "asset_priority_request":"500",\r\n    "asset_priority_site":"100",\r\n    "asset_priority_source":"800",\r\n    "asset_priority_theme":"900",\r\n    "asset_priority_user":"300",\r\n\r\n    "cache":"1",\r\n    "cache_handler":"file",\r\n    "cache_time":"15",\r\n\r\n    "criteria_display_view_on_no_results":"1",\r\n    "criteria_snippet_length":"200",\r\n    "criteria_title":"",\r\n"content_catalog_type_id":"10000",\r\n\r\n    "enable_comments":"1",\r\n    "enable_draft_save":"1",\r\n    "enable_hit_counts":"1",\r\n    "enable_maximum_version_count":"5",\r\n    "enable_notifications":"1",\r\n    "enable_ping":"1",\r\n    "enable_ratings":"1",\r\n    "enable_retain_versions_after_delete":"1",\r\n    "enable_spam_protection":"1",\r\n    "enable_tweets":"1",\r\n    "enable_version_history":"1",\r\n\r\n    "form_model_name":"",\r\n    "form_model_query_object":"",\r\n    "form_model_type":"",\r\n    "form_page_view_css_class":"",\r\n    "form_page_view_css_id":"",\r\n    "form_page_view_id":"",\r\n    "form_template_view_css_class":"",\r\n    "form_template_view_css_id":"",\r\n    "form_template_view_id":"",\r\n    "form_theme_id":"98",\r\n    "form_wrap_view_css_class":"",\r\n    "form_wrap_view_css_id":"",\r\n    "form_wrap_view_id":"0",\r\n\r\n    "item_model_name":"Articles",\r\n    "item_model_query_object":"Item",\r\n    "item_model_type":"Table",\r\n    "item_page_view_css_class":"",\r\n    "item_page_view_css_id":"",\r\n    "item_page_view_id":"124",\r\n    "item_template_view_css_class":"",\r\n    "item_template_view_css_id":"",\r\n    "item_template_view_id":"236",\r\n    "item_theme_id":"98",\r\n    "item_wrap_view_css_class":"",\r\n    "item_wrap_view_css_id":"",\r\n    "item_wrap_view_id":"58",\r\n\r\n    "list_include_archived_content":"1",\r\n    "list_include_category_list":"",\r\n    "list_include_created_by_list":"",\r\n    "list_include_featured_content":"1",\r\n    "list_include_published_date_begin":"",\r\n    "list_include_published_date_end":"",\r\n    "list_include_stickied_content":"1",\r\n    "list_include_tag_list":"",\r\n    "list_length":"5",\r\n    "list_model_count":"5",\r\n    "list_model_direction":"",\r\n    "list_model_name":"",\r\n    "list_model_offset":"0",\r\n    "list_model_ordering":"",\r\n    "list_model_query_object":"",\r\n    "list_model_type":"",\r\n    "list_order_by_direction":"ASC",\r\n    "list_order_by_field":"a.start_publishing_datetime",\r\n    "list_page_view_css_class":"",\r\n    "list_page_view_css_id":"",\r\n    "list_page_view_id":"",\r\n    "list_template_view_css_class":"",\r\n    "list_template_view_css_id":"",\r\n    "list_template_view_id":"",\r\n    "list_theme_id":"98",\r\n    "list_wrap_view_css_class":"",\r\n    "list_wrap_view_css_id":"",\r\n    "list_wrap_view_id":"0",\r\n\r\n    "log_user_activity_create":"0",\r\n    "log_user_activity_delete":"1",\r\n    "log_user_activity_read":"1",\r\n    "log_user_activity_update":"1",\r\n\r\n    "menu_extension_instance_id":"",\r\n    "mustache":"0",\r\n    "parent_menuitem":""}', '{"title":"Molajo Article Resource", \r\n"description":"Welcome to the Molajo Article Resource",\r\n"keywords":"articles, molajo", \r\n"robots":"follow, index",\r\n"author":"Amy Stephen", \r\n"content_rights":"CC"}', 'en-GB', 0, 30),
(6290, 6290, 1450, 'Metadata', 'Trigger', '', '', 1, 0, 0, 1, '2012-07-01 12:00:00', '0000-00-00 00:00:00', 1, 0, 0, '2012-07-01 12:00:00', 0, '2012-07-01 12:00:00', 0, '0000-00-00 00:00:00', 0, '{}', '{"asset_priority_application":"200",\r\n    "asset_priority_category":"600",\r\n    "asset_priority_extension":"400",\r\n    "asset_priority_menu_item":"700",\r\n    "asset_priority_request":"500",\r\n    "asset_priority_site":"100",\r\n    "asset_priority_source":"800",\r\n    "asset_priority_theme":"900",\r\n    "asset_priority_user":"300",\r\n\r\n    "cache":"1",\r\n    "cache_handler":"file",\r\n    "cache_time":"15",\r\n\r\n    "criteria_display_view_on_no_results":"1",\r\n    "criteria_snippet_length":"200",\r\n    "criteria_title":"",\r\n"content_catalog_type_id":"10000",\r\n\r\n    "enable_comments":"1",\r\n    "enable_draft_save":"1",\r\n    "enable_hit_counts":"1",\r\n    "enable_maximum_version_count":"5",\r\n    "enable_notifications":"1",\r\n    "enable_ping":"1",\r\n    "enable_ratings":"1",\r\n    "enable_retain_versions_after_delete":"1",\r\n    "enable_spam_protection":"1",\r\n    "enable_tweets":"1",\r\n    "enable_version_history":"1",\r\n\r\n    "form_model_name":"",\r\n    "form_model_query_object":"",\r\n    "form_model_type":"",\r\n    "form_page_view_css_class":"",\r\n    "form_page_view_css_id":"",\r\n    "form_page_view_id":"",\r\n    "form_template_view_css_class":"",\r\n    "form_template_view_css_id":"",\r\n    "form_template_view_id":"",\r\n    "form_theme_id":"98",\r\n    "form_wrap_view_css_class":"",\r\n    "form_wrap_view_css_id":"",\r\n    "form_wrap_view_id":"0",\r\n\r\n    "item_model_name":"Articles",\r\n    "item_model_query_object":"Item",\r\n    "item_model_type":"Table",\r\n    "item_page_view_css_class":"",\r\n    "item_page_view_css_id":"",\r\n    "item_page_view_id":"124",\r\n    "item_template_view_css_class":"",\r\n    "item_template_view_css_id":"",\r\n    "item_template_view_id":"236",\r\n    "item_theme_id":"98",\r\n    "item_wrap_view_css_class":"",\r\n    "item_wrap_view_css_id":"",\r\n    "item_wrap_view_id":"58",\r\n\r\n    "list_include_archived_content":"1",\r\n    "list_include_category_list":"",\r\n    "list_include_created_by_list":"",\r\n    "list_include_featured_content":"1",\r\n    "list_include_published_date_begin":"",\r\n    "list_include_published_date_end":"",\r\n    "list_include_stickied_content":"1",\r\n    "list_include_tag_list":"",\r\n    "list_length":"5",\r\n    "list_model_count":"5",\r\n    "list_model_direction":"",\r\n    "list_model_name":"",\r\n    "list_model_offset":"0",\r\n    "list_model_ordering":"",\r\n    "list_model_query_object":"",\r\n    "list_model_type":"",\r\n    "list_order_by_direction":"ASC",\r\n    "list_order_by_field":"a.start_publishing_datetime",\r\n    "list_page_view_css_class":"",\r\n    "list_page_view_css_id":"",\r\n    "list_page_view_id":"",\r\n    "list_template_view_css_class":"",\r\n    "list_template_view_css_id":"",\r\n    "list_template_view_id":"",\r\n    "list_theme_id":"98",\r\n    "list_wrap_view_css_class":"",\r\n    "list_wrap_view_css_id":"",\r\n    "list_wrap_view_id":"0",\r\n\r\n    "log_user_activity_create":"0",\r\n    "log_user_activity_delete":"1",\r\n    "log_user_activity_read":"1",\r\n    "log_user_activity_update":"1",\r\n\r\n    "menu_extension_instance_id":"",\r\n    "mustache":"0",\r\n    "parent_menuitem":""}', '{"title":"Molajo Article Resource", \r\n"description":"Welcome to the Molajo Article Resource",\r\n"keywords":"articles, molajo", \r\n"robots":"follow, index",\r\n"author":"Amy Stephen", \r\n"content_rights":"CC"}', 'en-GB', 0, 31),
(6300, 6300, 1450, 'Mockdata', 'Trigger', '', '', 1, 0, 0, 1, '2012-07-01 12:00:00', '0000-00-00 00:00:00', 1, 0, 0, '2012-07-01 12:00:00', 0, '2012-07-01 12:00:00', 0, '0000-00-00 00:00:00', 0, '{}', '{"asset_priority_application":"200",\r\n    "asset_priority_category":"600",\r\n    "asset_priority_extension":"400",\r\n    "asset_priority_menu_item":"700",\r\n    "asset_priority_request":"500",\r\n    "asset_priority_site":"100",\r\n    "asset_priority_source":"800",\r\n    "asset_priority_theme":"900",\r\n    "asset_priority_user":"300",\r\n\r\n    "cache":"1",\r\n    "cache_handler":"file",\r\n    "cache_time":"15",\r\n\r\n    "criteria_display_view_on_no_results":"1",\r\n    "criteria_snippet_length":"200",\r\n    "criteria_title":"",\r\n"content_catalog_type_id":"10000",\r\n\r\n    "enable_comments":"1",\r\n    "enable_draft_save":"1",\r\n    "enable_hit_counts":"1",\r\n    "enable_maximum_version_count":"5",\r\n    "enable_notifications":"1",\r\n    "enable_ping":"1",\r\n    "enable_ratings":"1",\r\n    "enable_retain_versions_after_delete":"1",\r\n    "enable_spam_protection":"1",\r\n    "enable_tweets":"1",\r\n    "enable_version_history":"1",\r\n\r\n    "form_model_name":"",\r\n    "form_model_query_object":"",\r\n    "form_model_type":"",\r\n    "form_page_view_css_class":"",\r\n    "form_page_view_css_id":"",\r\n    "form_page_view_id":"",\r\n    "form_template_view_css_class":"",\r\n    "form_template_view_css_id":"",\r\n    "form_template_view_id":"",\r\n    "form_theme_id":"98",\r\n    "form_wrap_view_css_class":"",\r\n    "form_wrap_view_css_id":"",\r\n    "form_wrap_view_id":"0",\r\n\r\n    "item_model_name":"Articles",\r\n    "item_model_query_object":"Item",\r\n    "item_model_type":"Table",\r\n    "item_page_view_css_class":"",\r\n    "item_page_view_css_id":"",\r\n    "item_page_view_id":"124",\r\n    "item_template_view_css_class":"",\r\n    "item_template_view_css_id":"",\r\n    "item_template_view_id":"236",\r\n    "item_theme_id":"98",\r\n    "item_wrap_view_css_class":"",\r\n    "item_wrap_view_css_id":"",\r\n    "item_wrap_view_id":"58",\r\n\r\n    "list_include_archived_content":"1",\r\n    "list_include_category_list":"",\r\n    "list_include_created_by_list":"",\r\n    "list_include_featured_content":"1",\r\n    "list_include_published_date_begin":"",\r\n    "list_include_published_date_end":"",\r\n    "list_include_stickied_content":"1",\r\n    "list_include_tag_list":"",\r\n    "list_length":"5",\r\n    "list_model_count":"5",\r\n    "list_model_direction":"",\r\n    "list_model_name":"",\r\n    "list_model_offset":"0",\r\n    "list_model_ordering":"",\r\n    "list_model_query_object":"",\r\n    "list_model_type":"",\r\n    "list_order_by_direction":"ASC",\r\n    "list_order_by_field":"a.start_publishing_datetime",\r\n    "list_page_view_css_class":"",\r\n    "list_page_view_css_id":"",\r\n    "list_page_view_id":"",\r\n    "list_template_view_css_class":"",\r\n    "list_template_view_css_id":"",\r\n    "list_template_view_id":"",\r\n    "list_theme_id":"98",\r\n    "list_wrap_view_css_class":"",\r\n    "list_wrap_view_css_id":"",\r\n    "list_wrap_view_id":"0",\r\n\r\n    "log_user_activity_create":"0",\r\n    "log_user_activity_delete":"1",\r\n    "log_user_activity_read":"1",\r\n    "log_user_activity_update":"1",\r\n\r\n    "menu_extension_instance_id":"",\r\n    "mustache":"0",\r\n    "parent_menuitem":""}', '{"title":"Molajo Article Resource", \r\n"description":"Welcome to the Molajo Article Resource",\r\n"keywords":"articles, molajo", \r\n"robots":"follow, index",\r\n"author":"Amy Stephen", \r\n"content_rights":"CC"}', 'en-GB', 0, 32),
(6310, 6310, 1450, 'Mockimage', 'Trigger', '', '', 1, 0, 0, 1, '2012-07-01 12:00:00', '0000-00-00 00:00:00', 1, 0, 0, '2012-07-01 12:00:00', 0, '2012-07-01 12:00:00', 0, '0000-00-00 00:00:00', 0, '{}', '{"asset_priority_application":"200",\r\n    "asset_priority_category":"600",\r\n    "asset_priority_extension":"400",\r\n    "asset_priority_menu_item":"700",\r\n    "asset_priority_request":"500",\r\n    "asset_priority_site":"100",\r\n    "asset_priority_source":"800",\r\n    "asset_priority_theme":"900",\r\n    "asset_priority_user":"300",\r\n\r\n    "cache":"1",\r\n    "cache_handler":"file",\r\n    "cache_time":"15",\r\n\r\n    "criteria_display_view_on_no_results":"1",\r\n    "criteria_snippet_length":"200",\r\n    "criteria_title":"",\r\n"content_catalog_type_id":"10000",\r\n\r\n    "enable_comments":"1",\r\n    "enable_draft_save":"1",\r\n    "enable_hit_counts":"1",\r\n    "enable_maximum_version_count":"5",\r\n    "enable_notifications":"1",\r\n    "enable_ping":"1",\r\n    "enable_ratings":"1",\r\n    "enable_retain_versions_after_delete":"1",\r\n    "enable_spam_protection":"1",\r\n    "enable_tweets":"1",\r\n    "enable_version_history":"1",\r\n\r\n    "form_model_name":"",\r\n    "form_model_query_object":"",\r\n    "form_model_type":"",\r\n    "form_page_view_css_class":"",\r\n    "form_page_view_css_id":"",\r\n    "form_page_view_id":"",\r\n    "form_template_view_css_class":"",\r\n    "form_template_view_css_id":"",\r\n    "form_template_view_id":"",\r\n    "form_theme_id":"98",\r\n    "form_wrap_view_css_class":"",\r\n    "form_wrap_view_css_id":"",\r\n    "form_wrap_view_id":"0",\r\n\r\n    "item_model_name":"Articles",\r\n    "item_model_query_object":"Item",\r\n    "item_model_type":"Table",\r\n    "item_page_view_css_class":"",\r\n    "item_page_view_css_id":"",\r\n    "item_page_view_id":"124",\r\n    "item_template_view_css_class":"",\r\n    "item_template_view_css_id":"",\r\n    "item_template_view_id":"236",\r\n    "item_theme_id":"98",\r\n    "item_wrap_view_css_class":"",\r\n    "item_wrap_view_css_id":"",\r\n    "item_wrap_view_id":"58",\r\n\r\n    "list_include_archived_content":"1",\r\n    "list_include_category_list":"",\r\n    "list_include_created_by_list":"",\r\n    "list_include_featured_content":"1",\r\n    "list_include_published_date_begin":"",\r\n    "list_include_published_date_end":"",\r\n    "list_include_stickied_content":"1",\r\n    "list_include_tag_list":"",\r\n    "list_length":"5",\r\n    "list_model_count":"5",\r\n    "list_model_direction":"",\r\n    "list_model_name":"",\r\n    "list_model_offset":"0",\r\n    "list_model_ordering":"",\r\n    "list_model_query_object":"",\r\n    "list_model_type":"",\r\n    "list_order_by_direction":"ASC",\r\n    "list_order_by_field":"a.start_publishing_datetime",\r\n    "list_page_view_css_class":"",\r\n    "list_page_view_css_id":"",\r\n    "list_page_view_id":"",\r\n    "list_template_view_css_class":"",\r\n    "list_template_view_css_id":"",\r\n    "list_template_view_id":"",\r\n    "list_theme_id":"98",\r\n    "list_wrap_view_css_class":"",\r\n    "list_wrap_view_css_id":"",\r\n    "list_wrap_view_id":"0",\r\n\r\n    "log_user_activity_create":"0",\r\n    "log_user_activity_delete":"1",\r\n    "log_user_activity_read":"1",\r\n    "log_user_activity_update":"1",\r\n\r\n    "menu_extension_instance_id":"",\r\n    "mustache":"0",\r\n    "parent_menuitem":""}', '{"title":"Molajo Article Resource", \r\n"description":"Welcome to the Molajo Article Resource",\r\n"keywords":"articles, molajo", \r\n"robots":"follow, index",\r\n"author":"Amy Stephen", \r\n"content_rights":"CC"}', 'en-GB', 0, 33),
(6320, 6320, 1450, 'Mustache', 'Trigger', '', '', 1, 0, 0, 1, '2012-07-01 12:00:00', '0000-00-00 00:00:00', 1, 0, 0, '2012-07-01 12:00:00', 0, '2012-07-01 12:00:00', 0, '0000-00-00 00:00:00', 0, '{}', '{"asset_priority_application":"200",\r\n    "asset_priority_category":"600",\r\n    "asset_priority_extension":"400",\r\n    "asset_priority_menu_item":"700",\r\n    "asset_priority_request":"500",\r\n    "asset_priority_site":"100",\r\n    "asset_priority_source":"800",\r\n    "asset_priority_theme":"900",\r\n    "asset_priority_user":"300",\r\n\r\n    "cache":"1",\r\n    "cache_handler":"file",\r\n    "cache_time":"15",\r\n\r\n    "criteria_display_view_on_no_results":"1",\r\n    "criteria_snippet_length":"200",\r\n    "criteria_title":"",\r\n"content_catalog_type_id":"10000",\r\n\r\n    "enable_comments":"1",\r\n    "enable_draft_save":"1",\r\n    "enable_hit_counts":"1",\r\n    "enable_maximum_version_count":"5",\r\n    "enable_notifications":"1",\r\n    "enable_ping":"1",\r\n    "enable_ratings":"1",\r\n    "enable_retain_versions_after_delete":"1",\r\n    "enable_spam_protection":"1",\r\n    "enable_tweets":"1",\r\n    "enable_version_history":"1",\r\n\r\n    "form_model_name":"",\r\n    "form_model_query_object":"",\r\n    "form_model_type":"",\r\n    "form_page_view_css_class":"",\r\n    "form_page_view_css_id":"",\r\n    "form_page_view_id":"",\r\n    "form_template_view_css_class":"",\r\n    "form_template_view_css_id":"",\r\n    "form_template_view_id":"",\r\n    "form_theme_id":"98",\r\n    "form_wrap_view_css_class":"",\r\n    "form_wrap_view_css_id":"",\r\n    "form_wrap_view_id":"0",\r\n\r\n    "item_model_name":"Articles",\r\n    "item_model_query_object":"Item",\r\n    "item_model_type":"Table",\r\n    "item_page_view_css_class":"",\r\n    "item_page_view_css_id":"",\r\n    "item_page_view_id":"124",\r\n    "item_template_view_css_class":"",\r\n    "item_template_view_css_id":"",\r\n    "item_template_view_id":"236",\r\n    "item_theme_id":"98",\r\n    "item_wrap_view_css_class":"",\r\n    "item_wrap_view_css_id":"",\r\n    "item_wrap_view_id":"58",\r\n\r\n    "list_include_archived_content":"1",\r\n    "list_include_category_list":"",\r\n    "list_include_created_by_list":"",\r\n    "list_include_featured_content":"1",\r\n    "list_include_published_date_begin":"",\r\n    "list_include_published_date_end":"",\r\n    "list_include_stickied_content":"1",\r\n    "list_include_tag_list":"",\r\n    "list_length":"5",\r\n    "list_model_count":"5",\r\n    "list_model_direction":"",\r\n    "list_model_name":"",\r\n    "list_model_offset":"0",\r\n    "list_model_ordering":"",\r\n    "list_model_query_object":"",\r\n    "list_model_type":"",\r\n    "list_order_by_direction":"ASC",\r\n    "list_order_by_field":"a.start_publishing_datetime",\r\n    "list_page_view_css_class":"",\r\n    "list_page_view_css_id":"",\r\n    "list_page_view_id":"",\r\n    "list_template_view_css_class":"",\r\n    "list_template_view_css_id":"",\r\n    "list_template_view_id":"",\r\n    "list_theme_id":"98",\r\n    "list_wrap_view_css_class":"",\r\n    "list_wrap_view_css_id":"",\r\n    "list_wrap_view_id":"0",\r\n\r\n    "log_user_activity_create":"0",\r\n    "log_user_activity_delete":"1",\r\n    "log_user_activity_read":"1",\r\n    "log_user_activity_update":"1",\r\n\r\n    "menu_extension_instance_id":"",\r\n    "mustache":"0",\r\n    "parent_menuitem":""}', '{"title":"Molajo Article Resource", \r\n"description":"Welcome to the Molajo Article Resource",\r\n"keywords":"articles, molajo", \r\n"robots":"follow, index",\r\n"author":"Amy Stephen", \r\n"content_rights":"CC"}', 'en-GB', 0, 34),
(6330, 6330, 1450, 'Ordering', 'Trigger', '', '', 1, 0, 0, 1, '2012-07-01 12:00:00', '0000-00-00 00:00:00', 1, 0, 0, '2012-07-01 12:00:00', 0, '2012-07-01 12:00:00', 0, '0000-00-00 00:00:00', 0, '{}', '{"asset_priority_application":"200",\r\n    "asset_priority_category":"600",\r\n    "asset_priority_extension":"400",\r\n    "asset_priority_menu_item":"700",\r\n    "asset_priority_request":"500",\r\n    "asset_priority_site":"100",\r\n    "asset_priority_source":"800",\r\n    "asset_priority_theme":"900",\r\n    "asset_priority_user":"300",\r\n\r\n    "cache":"1",\r\n    "cache_handler":"file",\r\n    "cache_time":"15",\r\n\r\n    "criteria_display_view_on_no_results":"1",\r\n    "criteria_snippet_length":"200",\r\n    "criteria_title":"",\r\n"content_catalog_type_id":"10000",\r\n\r\n    "enable_comments":"1",\r\n    "enable_draft_save":"1",\r\n    "enable_hit_counts":"1",\r\n    "enable_maximum_version_count":"5",\r\n    "enable_notifications":"1",\r\n    "enable_ping":"1",\r\n    "enable_ratings":"1",\r\n    "enable_retain_versions_after_delete":"1",\r\n    "enable_spam_protection":"1",\r\n    "enable_tweets":"1",\r\n    "enable_version_history":"1",\r\n\r\n    "form_model_name":"",\r\n    "form_model_query_object":"",\r\n    "form_model_type":"",\r\n    "form_page_view_css_class":"",\r\n    "form_page_view_css_id":"",\r\n    "form_page_view_id":"",\r\n    "form_template_view_css_class":"",\r\n    "form_template_view_css_id":"",\r\n    "form_template_view_id":"",\r\n    "form_theme_id":"98",\r\n    "form_wrap_view_css_class":"",\r\n    "form_wrap_view_css_id":"",\r\n    "form_wrap_view_id":"0",\r\n\r\n    "item_model_name":"Articles",\r\n    "item_model_query_object":"Item",\r\n    "item_model_type":"Table",\r\n    "item_page_view_css_class":"",\r\n    "item_page_view_css_id":"",\r\n    "item_page_view_id":"124",\r\n    "item_template_view_css_class":"",\r\n    "item_template_view_css_id":"",\r\n    "item_template_view_id":"236",\r\n    "item_theme_id":"98",\r\n    "item_wrap_view_css_class":"",\r\n    "item_wrap_view_css_id":"",\r\n    "item_wrap_view_id":"58",\r\n\r\n    "list_include_archived_content":"1",\r\n    "list_include_category_list":"",\r\n    "list_include_created_by_list":"",\r\n    "list_include_featured_content":"1",\r\n    "list_include_published_date_begin":"",\r\n    "list_include_published_date_end":"",\r\n    "list_include_stickied_content":"1",\r\n    "list_include_tag_list":"",\r\n    "list_length":"5",\r\n    "list_model_count":"5",\r\n    "list_model_direction":"",\r\n    "list_model_name":"",\r\n    "list_model_offset":"0",\r\n    "list_model_ordering":"",\r\n    "list_model_query_object":"",\r\n    "list_model_type":"",\r\n    "list_order_by_direction":"ASC",\r\n    "list_order_by_field":"a.start_publishing_datetime",\r\n    "list_page_view_css_class":"",\r\n    "list_page_view_css_id":"",\r\n    "list_page_view_id":"",\r\n    "list_template_view_css_class":"",\r\n    "list_template_view_css_id":"",\r\n    "list_template_view_id":"",\r\n    "list_theme_id":"98",\r\n    "list_wrap_view_css_class":"",\r\n    "list_wrap_view_css_id":"",\r\n    "list_wrap_view_id":"0",\r\n\r\n    "log_user_activity_create":"0",\r\n    "log_user_activity_delete":"1",\r\n    "log_user_activity_read":"1",\r\n    "log_user_activity_update":"1",\r\n\r\n    "menu_extension_instance_id":"",\r\n    "mustache":"0",\r\n    "parent_menuitem":""}', '{"title":"Molajo Article Resource", \r\n"description":"Welcome to the Molajo Article Resource",\r\n"keywords":"articles, molajo", \r\n"robots":"follow, index",\r\n"author":"Amy Stephen", \r\n"content_rights":"CC"}', 'en-GB', 0, 35),
(6340, 6340, 1450, 'Pagination', 'Trigger', '', '', 1, 0, 0, 1, '2012-07-01 12:00:00', '0000-00-00 00:00:00', 1, 0, 0, '2012-07-01 12:00:00', 0, '2012-07-01 12:00:00', 0, '0000-00-00 00:00:00', 0, '{}', '{"asset_priority_application":"200",\r\n    "asset_priority_category":"600",\r\n    "asset_priority_extension":"400",\r\n    "asset_priority_menu_item":"700",\r\n    "asset_priority_request":"500",\r\n    "asset_priority_site":"100",\r\n    "asset_priority_source":"800",\r\n    "asset_priority_theme":"900",\r\n    "asset_priority_user":"300",\r\n\r\n    "cache":"1",\r\n    "cache_handler":"file",\r\n    "cache_time":"15",\r\n\r\n    "criteria_display_view_on_no_results":"1",\r\n    "criteria_snippet_length":"200",\r\n    "criteria_title":"",\r\n"content_catalog_type_id":"10000",\r\n\r\n    "enable_comments":"1",\r\n    "enable_draft_save":"1",\r\n    "enable_hit_counts":"1",\r\n    "enable_maximum_version_count":"5",\r\n    "enable_notifications":"1",\r\n    "enable_ping":"1",\r\n    "enable_ratings":"1",\r\n    "enable_retain_versions_after_delete":"1",\r\n    "enable_spam_protection":"1",\r\n    "enable_tweets":"1",\r\n    "enable_version_history":"1",\r\n\r\n    "form_model_name":"",\r\n    "form_model_query_object":"",\r\n    "form_model_type":"",\r\n    "form_page_view_css_class":"",\r\n    "form_page_view_css_id":"",\r\n    "form_page_view_id":"",\r\n    "form_template_view_css_class":"",\r\n    "form_template_view_css_id":"",\r\n    "form_template_view_id":"",\r\n    "form_theme_id":"98",\r\n    "form_wrap_view_css_class":"",\r\n    "form_wrap_view_css_id":"",\r\n    "form_wrap_view_id":"0",\r\n\r\n    "item_model_name":"Articles",\r\n    "item_model_query_object":"Item",\r\n    "item_model_type":"Table",\r\n    "item_page_view_css_class":"",\r\n    "item_page_view_css_id":"",\r\n    "item_page_view_id":"124",\r\n    "item_template_view_css_class":"",\r\n    "item_template_view_css_id":"",\r\n    "item_template_view_id":"236",\r\n    "item_theme_id":"98",\r\n    "item_wrap_view_css_class":"",\r\n    "item_wrap_view_css_id":"",\r\n    "item_wrap_view_id":"58",\r\n\r\n    "list_include_archived_content":"1",\r\n    "list_include_category_list":"",\r\n    "list_include_created_by_list":"",\r\n    "list_include_featured_content":"1",\r\n    "list_include_published_date_begin":"",\r\n    "list_include_published_date_end":"",\r\n    "list_include_stickied_content":"1",\r\n    "list_include_tag_list":"",\r\n    "list_length":"5",\r\n    "list_model_count":"5",\r\n    "list_model_direction":"",\r\n    "list_model_name":"",\r\n    "list_model_offset":"0",\r\n    "list_model_ordering":"",\r\n    "list_model_query_object":"",\r\n    "list_model_type":"",\r\n    "list_order_by_direction":"ASC",\r\n    "list_order_by_field":"a.start_publishing_datetime",\r\n    "list_page_view_css_class":"",\r\n    "list_page_view_css_id":"",\r\n    "list_page_view_id":"",\r\n    "list_template_view_css_class":"",\r\n    "list_template_view_css_id":"",\r\n    "list_template_view_id":"",\r\n    "list_theme_id":"98",\r\n    "list_wrap_view_css_class":"",\r\n    "list_wrap_view_css_id":"",\r\n    "list_wrap_view_id":"0",\r\n\r\n    "log_user_activity_create":"0",\r\n    "log_user_activity_delete":"1",\r\n    "log_user_activity_read":"1",\r\n    "log_user_activity_update":"1",\r\n\r\n    "menu_extension_instance_id":"",\r\n    "mustache":"0",\r\n    "parent_menuitem":""}', '{"title":"Molajo Article Resource", \r\n"description":"Welcome to the Molajo Article Resource",\r\n"keywords":"articles, molajo", \r\n"robots":"follow, index",\r\n"author":"Amy Stephen", \r\n"content_rights":"CC"}', 'en-GB', 0, 36),
(6350, 6350, 1450, 'Password', 'Trigger', '', '', 1, 0, 0, 1, '2012-07-01 12:00:00', '0000-00-00 00:00:00', 1, 0, 0, '2012-07-01 12:00:00', 0, '2012-07-01 12:00:00', 0, '0000-00-00 00:00:00', 0, '{}', '{"asset_priority_application":"200",\r\n    "asset_priority_category":"600",\r\n    "asset_priority_extension":"400",\r\n    "asset_priority_menu_item":"700",\r\n    "asset_priority_request":"500",\r\n    "asset_priority_site":"100",\r\n    "asset_priority_source":"800",\r\n    "asset_priority_theme":"900",\r\n    "asset_priority_user":"300",\r\n\r\n    "cache":"1",\r\n    "cache_handler":"file",\r\n    "cache_time":"15",\r\n\r\n    "criteria_display_view_on_no_results":"1",\r\n    "criteria_snippet_length":"200",\r\n    "criteria_title":"",\r\n"content_catalog_type_id":"10000",\r\n\r\n    "enable_comments":"1",\r\n    "enable_draft_save":"1",\r\n    "enable_hit_counts":"1",\r\n    "enable_maximum_version_count":"5",\r\n    "enable_notifications":"1",\r\n    "enable_ping":"1",\r\n    "enable_ratings":"1",\r\n    "enable_retain_versions_after_delete":"1",\r\n    "enable_spam_protection":"1",\r\n    "enable_tweets":"1",\r\n    "enable_version_history":"1",\r\n\r\n    "form_model_name":"",\r\n    "form_model_query_object":"",\r\n    "form_model_type":"",\r\n    "form_page_view_css_class":"",\r\n    "form_page_view_css_id":"",\r\n    "form_page_view_id":"",\r\n    "form_template_view_css_class":"",\r\n    "form_template_view_css_id":"",\r\n    "form_template_view_id":"",\r\n    "form_theme_id":"98",\r\n    "form_wrap_view_css_class":"",\r\n    "form_wrap_view_css_id":"",\r\n    "form_wrap_view_id":"0",\r\n\r\n    "item_model_name":"Articles",\r\n    "item_model_query_object":"Item",\r\n    "item_model_type":"Table",\r\n    "item_page_view_css_class":"",\r\n    "item_page_view_css_id":"",\r\n    "item_page_view_id":"124",\r\n    "item_template_view_css_class":"",\r\n    "item_template_view_css_id":"",\r\n    "item_template_view_id":"236",\r\n    "item_theme_id":"98",\r\n    "item_wrap_view_css_class":"",\r\n    "item_wrap_view_css_id":"",\r\n    "item_wrap_view_id":"58",\r\n\r\n    "list_include_archived_content":"1",\r\n    "list_include_category_list":"",\r\n    "list_include_created_by_list":"",\r\n    "list_include_featured_content":"1",\r\n    "list_include_published_date_begin":"",\r\n    "list_include_published_date_end":"",\r\n    "list_include_stickied_content":"1",\r\n    "list_include_tag_list":"",\r\n    "list_length":"5",\r\n    "list_model_count":"5",\r\n    "list_model_direction":"",\r\n    "list_model_name":"",\r\n    "list_model_offset":"0",\r\n    "list_model_ordering":"",\r\n    "list_model_query_object":"",\r\n    "list_model_type":"",\r\n    "list_order_by_direction":"ASC",\r\n    "list_order_by_field":"a.start_publishing_datetime",\r\n    "list_page_view_css_class":"",\r\n    "list_page_view_css_id":"",\r\n    "list_page_view_id":"",\r\n    "list_template_view_css_class":"",\r\n    "list_template_view_css_id":"",\r\n    "list_template_view_id":"",\r\n    "list_theme_id":"98",\r\n    "list_wrap_view_css_class":"",\r\n    "list_wrap_view_css_id":"",\r\n    "list_wrap_view_id":"0",\r\n\r\n    "log_user_activity_create":"0",\r\n    "log_user_activity_delete":"1",\r\n    "log_user_activity_read":"1",\r\n    "log_user_activity_update":"1",\r\n\r\n    "menu_extension_instance_id":"",\r\n    "mustache":"0",\r\n    "parent_menuitem":""}', '{"title":"Molajo Article Resource", \r\n"description":"Welcome to the Molajo Article Resource",\r\n"keywords":"articles, molajo", \r\n"robots":"follow, index",\r\n"author":"Amy Stephen", \r\n"content_rights":"CC"}', 'en-GB', 0, 37);
INSERT INTO `molajo_extension_instances` (`id`, `extension_id`, `catalog_type_id`, `title`, `subtitle`, `alias`, `content_text`, `protected`, `featured`, `stickied`, `status`, `start_publishing_datetime`, `stop_publishing_datetime`, `version`, `version_of_id`, `status_prior_to_version`, `created_datetime`, `created_by`, `modified_datetime`, `modified_by`, `checked_out_datetime`, `checked_out_by`, `customfields`, `parameters`, `metadata`, `language`, `translation_of_id`, `ordering`) VALUES
(6360, 6360, 1450, 'Publishedstatus', 'Trigger', '', '', 1, 0, 0, 1, '2012-07-01 12:00:00', '0000-00-00 00:00:00', 1, 0, 0, '2012-07-01 12:00:00', 0, '2012-07-01 12:00:00', 0, '0000-00-00 00:00:00', 0, '{}', '{"asset_priority_application":"200",\r\n    "asset_priority_category":"600",\r\n    "asset_priority_extension":"400",\r\n    "asset_priority_menu_item":"700",\r\n    "asset_priority_request":"500",\r\n    "asset_priority_site":"100",\r\n    "asset_priority_source":"800",\r\n    "asset_priority_theme":"900",\r\n    "asset_priority_user":"300",\r\n\r\n    "cache":"1",\r\n    "cache_handler":"file",\r\n    "cache_time":"15",\r\n\r\n    "criteria_display_view_on_no_results":"1",\r\n    "criteria_snippet_length":"200",\r\n    "criteria_title":"",\r\n"content_catalog_type_id":"10000",\r\n\r\n    "enable_comments":"1",\r\n    "enable_draft_save":"1",\r\n    "enable_hit_counts":"1",\r\n    "enable_maximum_version_count":"5",\r\n    "enable_notifications":"1",\r\n    "enable_ping":"1",\r\n    "enable_ratings":"1",\r\n    "enable_retain_versions_after_delete":"1",\r\n    "enable_spam_protection":"1",\r\n    "enable_tweets":"1",\r\n    "enable_version_history":"1",\r\n\r\n    "form_model_name":"",\r\n    "form_model_query_object":"",\r\n    "form_model_type":"",\r\n    "form_page_view_css_class":"",\r\n    "form_page_view_css_id":"",\r\n    "form_page_view_id":"",\r\n    "form_template_view_css_class":"",\r\n    "form_template_view_css_id":"",\r\n    "form_template_view_id":"",\r\n    "form_theme_id":"98",\r\n    "form_wrap_view_css_class":"",\r\n    "form_wrap_view_css_id":"",\r\n    "form_wrap_view_id":"0",\r\n\r\n    "item_model_name":"Articles",\r\n    "item_model_query_object":"Item",\r\n    "item_model_type":"Table",\r\n    "item_page_view_css_class":"",\r\n    "item_page_view_css_id":"",\r\n    "item_page_view_id":"124",\r\n    "item_template_view_css_class":"",\r\n    "item_template_view_css_id":"",\r\n    "item_template_view_id":"236",\r\n    "item_theme_id":"98",\r\n    "item_wrap_view_css_class":"",\r\n    "item_wrap_view_css_id":"",\r\n    "item_wrap_view_id":"58",\r\n\r\n    "list_include_archived_content":"1",\r\n    "list_include_category_list":"",\r\n    "list_include_created_by_list":"",\r\n    "list_include_featured_content":"1",\r\n    "list_include_published_date_begin":"",\r\n    "list_include_published_date_end":"",\r\n    "list_include_stickied_content":"1",\r\n    "list_include_tag_list":"",\r\n    "list_length":"5",\r\n    "list_model_count":"5",\r\n    "list_model_direction":"",\r\n    "list_model_name":"",\r\n    "list_model_offset":"0",\r\n    "list_model_ordering":"",\r\n    "list_model_query_object":"",\r\n    "list_model_type":"",\r\n    "list_order_by_direction":"ASC",\r\n    "list_order_by_field":"a.start_publishing_datetime",\r\n    "list_page_view_css_class":"",\r\n    "list_page_view_css_id":"",\r\n    "list_page_view_id":"",\r\n    "list_template_view_css_class":"",\r\n    "list_template_view_css_id":"",\r\n    "list_template_view_id":"",\r\n    "list_theme_id":"98",\r\n    "list_wrap_view_css_class":"",\r\n    "list_wrap_view_css_id":"",\r\n    "list_wrap_view_id":"0",\r\n\r\n    "log_user_activity_create":"0",\r\n    "log_user_activity_delete":"1",\r\n    "log_user_activity_read":"1",\r\n    "log_user_activity_update":"1",\r\n\r\n    "menu_extension_instance_id":"",\r\n    "mustache":"0",\r\n    "parent_menuitem":""}', '{"title":"Molajo Article Resource", \r\n"description":"Welcome to the Molajo Article Resource",\r\n"keywords":"articles, molajo", \r\n"robots":"follow, index",\r\n"author":"Amy Stephen", \r\n"content_rights":"CC"}', 'en-GB', 0, 38),
(6370, 6370, 1450, 'Readmore', 'Trigger', '', '', 1, 0, 0, 1, '2012-07-01 12:00:00', '0000-00-00 00:00:00', 1, 0, 0, '2012-07-01 12:00:00', 0, '2012-07-01 12:00:00', 0, '0000-00-00 00:00:00', 0, '{}', '{"asset_priority_application":"200",\r\n    "asset_priority_category":"600",\r\n    "asset_priority_extension":"400",\r\n    "asset_priority_menu_item":"700",\r\n    "asset_priority_request":"500",\r\n    "asset_priority_site":"100",\r\n    "asset_priority_source":"800",\r\n    "asset_priority_theme":"900",\r\n    "asset_priority_user":"300",\r\n\r\n    "cache":"1",\r\n    "cache_handler":"file",\r\n    "cache_time":"15",\r\n\r\n    "criteria_display_view_on_no_results":"1",\r\n    "criteria_snippet_length":"200",\r\n    "criteria_title":"",\r\n"content_catalog_type_id":"10000",\r\n\r\n    "enable_comments":"1",\r\n    "enable_draft_save":"1",\r\n    "enable_hit_counts":"1",\r\n    "enable_maximum_version_count":"5",\r\n    "enable_notifications":"1",\r\n    "enable_ping":"1",\r\n    "enable_ratings":"1",\r\n    "enable_retain_versions_after_delete":"1",\r\n    "enable_spam_protection":"1",\r\n    "enable_tweets":"1",\r\n    "enable_version_history":"1",\r\n\r\n    "form_model_name":"",\r\n    "form_model_query_object":"",\r\n    "form_model_type":"",\r\n    "form_page_view_css_class":"",\r\n    "form_page_view_css_id":"",\r\n    "form_page_view_id":"",\r\n    "form_template_view_css_class":"",\r\n    "form_template_view_css_id":"",\r\n    "form_template_view_id":"",\r\n    "form_theme_id":"98",\r\n    "form_wrap_view_css_class":"",\r\n    "form_wrap_view_css_id":"",\r\n    "form_wrap_view_id":"0",\r\n\r\n    "item_model_name":"Articles",\r\n    "item_model_query_object":"Item",\r\n    "item_model_type":"Table",\r\n    "item_page_view_css_class":"",\r\n    "item_page_view_css_id":"",\r\n    "item_page_view_id":"124",\r\n    "item_template_view_css_class":"",\r\n    "item_template_view_css_id":"",\r\n    "item_template_view_id":"236",\r\n    "item_theme_id":"98",\r\n    "item_wrap_view_css_class":"",\r\n    "item_wrap_view_css_id":"",\r\n    "item_wrap_view_id":"58",\r\n\r\n    "list_include_archived_content":"1",\r\n    "list_include_category_list":"",\r\n    "list_include_created_by_list":"",\r\n    "list_include_featured_content":"1",\r\n    "list_include_published_date_begin":"",\r\n    "list_include_published_date_end":"",\r\n    "list_include_stickied_content":"1",\r\n    "list_include_tag_list":"",\r\n    "list_length":"5",\r\n    "list_model_count":"5",\r\n    "list_model_direction":"",\r\n    "list_model_name":"",\r\n    "list_model_offset":"0",\r\n    "list_model_ordering":"",\r\n    "list_model_query_object":"",\r\n    "list_model_type":"",\r\n    "list_order_by_direction":"ASC",\r\n    "list_order_by_field":"a.start_publishing_datetime",\r\n    "list_page_view_css_class":"",\r\n    "list_page_view_css_id":"",\r\n    "list_page_view_id":"",\r\n    "list_template_view_css_class":"",\r\n    "list_template_view_css_id":"",\r\n    "list_template_view_id":"",\r\n    "list_theme_id":"98",\r\n    "list_wrap_view_css_class":"",\r\n    "list_wrap_view_css_id":"",\r\n    "list_wrap_view_id":"0",\r\n\r\n    "log_user_activity_create":"0",\r\n    "log_user_activity_delete":"1",\r\n    "log_user_activity_read":"1",\r\n    "log_user_activity_update":"1",\r\n\r\n    "menu_extension_instance_id":"",\r\n    "mustache":"0",\r\n    "parent_menuitem":""}', '{"title":"Molajo Article Resource", \r\n"description":"Welcome to the Molajo Article Resource",\r\n"keywords":"articles, molajo", \r\n"robots":"follow, index",\r\n"author":"Amy Stephen", \r\n"content_rights":"CC"}', 'en-GB', 0, 39),
(6380, 6380, 1450, 'Referencedata', 'Trigger', '', '', 1, 0, 0, 1, '2012-07-01 12:00:00', '0000-00-00 00:00:00', 1, 0, 0, '2012-07-01 12:00:00', 0, '2012-07-01 12:00:00', 0, '0000-00-00 00:00:00', 0, '{}', '{"asset_priority_application":"200",\r\n    "asset_priority_category":"600",\r\n    "asset_priority_extension":"400",\r\n    "asset_priority_menu_item":"700",\r\n    "asset_priority_request":"500",\r\n    "asset_priority_site":"100",\r\n    "asset_priority_source":"800",\r\n    "asset_priority_theme":"900",\r\n    "asset_priority_user":"300",\r\n\r\n    "cache":"1",\r\n    "cache_handler":"file",\r\n    "cache_time":"15",\r\n\r\n    "criteria_display_view_on_no_results":"1",\r\n    "criteria_snippet_length":"200",\r\n    "criteria_title":"",\r\n"content_catalog_type_id":"10000",\r\n\r\n    "enable_comments":"1",\r\n    "enable_draft_save":"1",\r\n    "enable_hit_counts":"1",\r\n    "enable_maximum_version_count":"5",\r\n    "enable_notifications":"1",\r\n    "enable_ping":"1",\r\n    "enable_ratings":"1",\r\n    "enable_retain_versions_after_delete":"1",\r\n    "enable_spam_protection":"1",\r\n    "enable_tweets":"1",\r\n    "enable_version_history":"1",\r\n\r\n    "form_model_name":"",\r\n    "form_model_query_object":"",\r\n    "form_model_type":"",\r\n    "form_page_view_css_class":"",\r\n    "form_page_view_css_id":"",\r\n    "form_page_view_id":"",\r\n    "form_template_view_css_class":"",\r\n    "form_template_view_css_id":"",\r\n    "form_template_view_id":"",\r\n    "form_theme_id":"98",\r\n    "form_wrap_view_css_class":"",\r\n    "form_wrap_view_css_id":"",\r\n    "form_wrap_view_id":"0",\r\n\r\n    "item_model_name":"Articles",\r\n    "item_model_query_object":"Item",\r\n    "item_model_type":"Table",\r\n    "item_page_view_css_class":"",\r\n    "item_page_view_css_id":"",\r\n    "item_page_view_id":"124",\r\n    "item_template_view_css_class":"",\r\n    "item_template_view_css_id":"",\r\n    "item_template_view_id":"236",\r\n    "item_theme_id":"98",\r\n    "item_wrap_view_css_class":"",\r\n    "item_wrap_view_css_id":"",\r\n    "item_wrap_view_id":"58",\r\n\r\n    "list_include_archived_content":"1",\r\n    "list_include_category_list":"",\r\n    "list_include_created_by_list":"",\r\n    "list_include_featured_content":"1",\r\n    "list_include_published_date_begin":"",\r\n    "list_include_published_date_end":"",\r\n    "list_include_stickied_content":"1",\r\n    "list_include_tag_list":"",\r\n    "list_length":"5",\r\n    "list_model_count":"5",\r\n    "list_model_direction":"",\r\n    "list_model_name":"",\r\n    "list_model_offset":"0",\r\n    "list_model_ordering":"",\r\n    "list_model_query_object":"",\r\n    "list_model_type":"",\r\n    "list_order_by_direction":"ASC",\r\n    "list_order_by_field":"a.start_publishing_datetime",\r\n    "list_page_view_css_class":"",\r\n    "list_page_view_css_id":"",\r\n    "list_page_view_id":"",\r\n    "list_template_view_css_class":"",\r\n    "list_template_view_css_id":"",\r\n    "list_template_view_id":"",\r\n    "list_theme_id":"98",\r\n    "list_wrap_view_css_class":"",\r\n    "list_wrap_view_css_id":"",\r\n    "list_wrap_view_id":"0",\r\n\r\n    "log_user_activity_create":"0",\r\n    "log_user_activity_delete":"1",\r\n    "log_user_activity_read":"1",\r\n    "log_user_activity_update":"1",\r\n\r\n    "menu_extension_instance_id":"",\r\n    "mustache":"0",\r\n    "parent_menuitem":""}', '{"title":"Molajo Article Resource", \r\n"description":"Welcome to the Molajo Article Resource",\r\n"keywords":"articles, molajo", \r\n"robots":"follow, index",\r\n"author":"Amy Stephen", \r\n"content_rights":"CC"}', 'en-GB', 0, 40),
(6390, 6390, 1450, 'Rownumber', 'Trigger', '', '', 1, 0, 0, 1, '2012-07-01 12:00:00', '0000-00-00 00:00:00', 1, 0, 0, '2012-07-01 12:00:00', 0, '2012-07-01 12:00:00', 0, '0000-00-00 00:00:00', 0, '{}', '{"asset_priority_application":"200",\r\n    "asset_priority_category":"600",\r\n    "asset_priority_extension":"400",\r\n    "asset_priority_menu_item":"700",\r\n    "asset_priority_request":"500",\r\n    "asset_priority_site":"100",\r\n    "asset_priority_source":"800",\r\n    "asset_priority_theme":"900",\r\n    "asset_priority_user":"300",\r\n\r\n    "cache":"1",\r\n    "cache_handler":"file",\r\n    "cache_time":"15",\r\n\r\n    "criteria_display_view_on_no_results":"1",\r\n    "criteria_snippet_length":"200",\r\n    "criteria_title":"",\r\n"content_catalog_type_id":"10000",\r\n\r\n    "enable_comments":"1",\r\n    "enable_draft_save":"1",\r\n    "enable_hit_counts":"1",\r\n    "enable_maximum_version_count":"5",\r\n    "enable_notifications":"1",\r\n    "enable_ping":"1",\r\n    "enable_ratings":"1",\r\n    "enable_retain_versions_after_delete":"1",\r\n    "enable_spam_protection":"1",\r\n    "enable_tweets":"1",\r\n    "enable_version_history":"1",\r\n\r\n    "form_model_name":"",\r\n    "form_model_query_object":"",\r\n    "form_model_type":"",\r\n    "form_page_view_css_class":"",\r\n    "form_page_view_css_id":"",\r\n    "form_page_view_id":"",\r\n    "form_template_view_css_class":"",\r\n    "form_template_view_css_id":"",\r\n    "form_template_view_id":"",\r\n    "form_theme_id":"98",\r\n    "form_wrap_view_css_class":"",\r\n    "form_wrap_view_css_id":"",\r\n    "form_wrap_view_id":"0",\r\n\r\n    "item_model_name":"Articles",\r\n    "item_model_query_object":"Item",\r\n    "item_model_type":"Table",\r\n    "item_page_view_css_class":"",\r\n    "item_page_view_css_id":"",\r\n    "item_page_view_id":"124",\r\n    "item_template_view_css_class":"",\r\n    "item_template_view_css_id":"",\r\n    "item_template_view_id":"236",\r\n    "item_theme_id":"98",\r\n    "item_wrap_view_css_class":"",\r\n    "item_wrap_view_css_id":"",\r\n    "item_wrap_view_id":"58",\r\n\r\n    "list_include_archived_content":"1",\r\n    "list_include_category_list":"",\r\n    "list_include_created_by_list":"",\r\n    "list_include_featured_content":"1",\r\n    "list_include_published_date_begin":"",\r\n    "list_include_published_date_end":"",\r\n    "list_include_stickied_content":"1",\r\n    "list_include_tag_list":"",\r\n    "list_length":"5",\r\n    "list_model_count":"5",\r\n    "list_model_direction":"",\r\n    "list_model_name":"",\r\n    "list_model_offset":"0",\r\n    "list_model_ordering":"",\r\n    "list_model_query_object":"",\r\n    "list_model_type":"",\r\n    "list_order_by_direction":"ASC",\r\n    "list_order_by_field":"a.start_publishing_datetime",\r\n    "list_page_view_css_class":"",\r\n    "list_page_view_css_id":"",\r\n    "list_page_view_id":"",\r\n    "list_template_view_css_class":"",\r\n    "list_template_view_css_id":"",\r\n    "list_template_view_id":"",\r\n    "list_theme_id":"98",\r\n    "list_wrap_view_css_class":"",\r\n    "list_wrap_view_css_id":"",\r\n    "list_wrap_view_id":"0",\r\n\r\n    "log_user_activity_create":"0",\r\n    "log_user_activity_delete":"1",\r\n    "log_user_activity_read":"1",\r\n    "log_user_activity_update":"1",\r\n\r\n    "menu_extension_instance_id":"",\r\n    "mustache":"0",\r\n    "parent_menuitem":""}', '{"title":"Molajo Article Resource", \r\n"description":"Welcome to the Molajo Article Resource",\r\n"keywords":"articles, molajo", \r\n"robots":"follow, index",\r\n"author":"Amy Stephen", \r\n"content_rights":"CC"}', 'en-GB', 0, 41),
(6410, 6410, 1450, 'Smilies', 'Trigger', '', '', 1, 0, 0, 1, '2012-07-01 12:00:00', '0000-00-00 00:00:00', 1, 0, 0, '2012-07-01 12:00:00', 0, '2012-07-01 12:00:00', 0, '0000-00-00 00:00:00', 0, '{}', '{"asset_priority_application":"200",\r\n    "asset_priority_category":"600",\r\n    "asset_priority_extension":"400",\r\n    "asset_priority_menu_item":"700",\r\n    "asset_priority_request":"500",\r\n    "asset_priority_site":"100",\r\n    "asset_priority_source":"800",\r\n    "asset_priority_theme":"900",\r\n    "asset_priority_user":"300",\r\n\r\n    "cache":"1",\r\n    "cache_handler":"file",\r\n    "cache_time":"15",\r\n\r\n    "criteria_display_view_on_no_results":"1",\r\n    "criteria_snippet_length":"200",\r\n    "criteria_title":"",\r\n"content_catalog_type_id":"10000",\r\n\r\n    "enable_comments":"1",\r\n    "enable_draft_save":"1",\r\n    "enable_hit_counts":"1",\r\n    "enable_maximum_version_count":"5",\r\n    "enable_notifications":"1",\r\n    "enable_ping":"1",\r\n    "enable_ratings":"1",\r\n    "enable_retain_versions_after_delete":"1",\r\n    "enable_spam_protection":"1",\r\n    "enable_tweets":"1",\r\n    "enable_version_history":"1",\r\n\r\n    "form_model_name":"",\r\n    "form_model_query_object":"",\r\n    "form_model_type":"",\r\n    "form_page_view_css_class":"",\r\n    "form_page_view_css_id":"",\r\n    "form_page_view_id":"",\r\n    "form_template_view_css_class":"",\r\n    "form_template_view_css_id":"",\r\n    "form_template_view_id":"",\r\n    "form_theme_id":"98",\r\n    "form_wrap_view_css_class":"",\r\n    "form_wrap_view_css_id":"",\r\n    "form_wrap_view_id":"0",\r\n\r\n    "item_model_name":"Articles",\r\n    "item_model_query_object":"Item",\r\n    "item_model_type":"Table",\r\n    "item_page_view_css_class":"",\r\n    "item_page_view_css_id":"",\r\n    "item_page_view_id":"124",\r\n    "item_template_view_css_class":"",\r\n    "item_template_view_css_id":"",\r\n    "item_template_view_id":"236",\r\n    "item_theme_id":"98",\r\n    "item_wrap_view_css_class":"",\r\n    "item_wrap_view_css_id":"",\r\n    "item_wrap_view_id":"58",\r\n\r\n    "list_include_archived_content":"1",\r\n    "list_include_category_list":"",\r\n    "list_include_created_by_list":"",\r\n    "list_include_featured_content":"1",\r\n    "list_include_published_date_begin":"",\r\n    "list_include_published_date_end":"",\r\n    "list_include_stickied_content":"1",\r\n    "list_include_tag_list":"",\r\n    "list_length":"5",\r\n    "list_model_count":"5",\r\n    "list_model_direction":"",\r\n    "list_model_name":"",\r\n    "list_model_offset":"0",\r\n    "list_model_ordering":"",\r\n    "list_model_query_object":"",\r\n    "list_model_type":"",\r\n    "list_order_by_direction":"ASC",\r\n    "list_order_by_field":"a.start_publishing_datetime",\r\n    "list_page_view_css_class":"",\r\n    "list_page_view_css_id":"",\r\n    "list_page_view_id":"",\r\n    "list_template_view_css_class":"",\r\n    "list_template_view_css_id":"",\r\n    "list_template_view_id":"",\r\n    "list_theme_id":"98",\r\n    "list_wrap_view_css_class":"",\r\n    "list_wrap_view_css_id":"",\r\n    "list_wrap_view_id":"0",\r\n\r\n    "log_user_activity_create":"0",\r\n    "log_user_activity_delete":"1",\r\n    "log_user_activity_read":"1",\r\n    "log_user_activity_update":"1",\r\n\r\n    "menu_extension_instance_id":"",\r\n    "mustache":"0",\r\n    "parent_menuitem":""}', '{"title":"Molajo Article Resource", \r\n"description":"Welcome to the Molajo Article Resource",\r\n"keywords":"articles, molajo", \r\n"robots":"follow, index",\r\n"author":"Amy Stephen", \r\n"content_rights":"CC"}', 'en-GB', 0, 42),
(6420, 6420, 1450, 'Snippet', 'Trigger', '', '', 1, 0, 0, 1, '2012-07-01 12:00:00', '0000-00-00 00:00:00', 1, 0, 0, '2012-07-01 12:00:00', 0, '2012-07-01 12:00:00', 0, '0000-00-00 00:00:00', 0, '{}', '{"asset_priority_application":"200",\r\n    "asset_priority_category":"600",\r\n    "asset_priority_extension":"400",\r\n    "asset_priority_menu_item":"700",\r\n    "asset_priority_request":"500",\r\n    "asset_priority_site":"100",\r\n    "asset_priority_source":"800",\r\n    "asset_priority_theme":"900",\r\n    "asset_priority_user":"300",\r\n\r\n    "cache":"1",\r\n    "cache_handler":"file",\r\n    "cache_time":"15",\r\n\r\n    "criteria_display_view_on_no_results":"1",\r\n    "criteria_snippet_length":"200",\r\n    "criteria_title":"",\r\n"content_catalog_type_id":"10000",\r\n\r\n    "enable_comments":"1",\r\n    "enable_draft_save":"1",\r\n    "enable_hit_counts":"1",\r\n    "enable_maximum_version_count":"5",\r\n    "enable_notifications":"1",\r\n    "enable_ping":"1",\r\n    "enable_ratings":"1",\r\n    "enable_retain_versions_after_delete":"1",\r\n    "enable_spam_protection":"1",\r\n    "enable_tweets":"1",\r\n    "enable_version_history":"1",\r\n\r\n    "form_model_name":"",\r\n    "form_model_query_object":"",\r\n    "form_model_type":"",\r\n    "form_page_view_css_class":"",\r\n    "form_page_view_css_id":"",\r\n    "form_page_view_id":"",\r\n    "form_template_view_css_class":"",\r\n    "form_template_view_css_id":"",\r\n    "form_template_view_id":"",\r\n    "form_theme_id":"98",\r\n    "form_wrap_view_css_class":"",\r\n    "form_wrap_view_css_id":"",\r\n    "form_wrap_view_id":"0",\r\n\r\n    "item_model_name":"Articles",\r\n    "item_model_query_object":"Item",\r\n    "item_model_type":"Table",\r\n    "item_page_view_css_class":"",\r\n    "item_page_view_css_id":"",\r\n    "item_page_view_id":"124",\r\n    "item_template_view_css_class":"",\r\n    "item_template_view_css_id":"",\r\n    "item_template_view_id":"236",\r\n    "item_theme_id":"98",\r\n    "item_wrap_view_css_class":"",\r\n    "item_wrap_view_css_id":"",\r\n    "item_wrap_view_id":"58",\r\n\r\n    "list_include_archived_content":"1",\r\n    "list_include_category_list":"",\r\n    "list_include_created_by_list":"",\r\n    "list_include_featured_content":"1",\r\n    "list_include_published_date_begin":"",\r\n    "list_include_published_date_end":"",\r\n    "list_include_stickied_content":"1",\r\n    "list_include_tag_list":"",\r\n    "list_length":"5",\r\n    "list_model_count":"5",\r\n    "list_model_direction":"",\r\n    "list_model_name":"",\r\n    "list_model_offset":"0",\r\n    "list_model_ordering":"",\r\n    "list_model_query_object":"",\r\n    "list_model_type":"",\r\n    "list_order_by_direction":"ASC",\r\n    "list_order_by_field":"a.start_publishing_datetime",\r\n    "list_page_view_css_class":"",\r\n    "list_page_view_css_id":"",\r\n    "list_page_view_id":"",\r\n    "list_template_view_css_class":"",\r\n    "list_template_view_css_id":"",\r\n    "list_template_view_id":"",\r\n    "list_theme_id":"98",\r\n    "list_wrap_view_css_class":"",\r\n    "list_wrap_view_css_id":"",\r\n    "list_wrap_view_id":"0",\r\n\r\n    "log_user_activity_create":"0",\r\n    "log_user_activity_delete":"1",\r\n    "log_user_activity_read":"1",\r\n    "log_user_activity_update":"1",\r\n\r\n    "menu_extension_instance_id":"",\r\n    "mustache":"0",\r\n    "parent_menuitem":""}', '{"title":"Molajo Article Resource", \r\n"description":"Welcome to the Molajo Article Resource",\r\n"keywords":"articles, molajo", \r\n"robots":"follow, index",\r\n"author":"Amy Stephen", \r\n"content_rights":"CC"}', 'en-GB', 0, 43),
(6430, 6430, 1450, 'Statusfields', 'Trigger', '', '', 1, 0, 0, 1, '2012-07-01 12:00:00', '0000-00-00 00:00:00', 1, 0, 0, '2012-07-01 12:00:00', 0, '2012-07-01 12:00:00', 0, '0000-00-00 00:00:00', 0, '{}', '{"asset_priority_application":"200",\r\n    "asset_priority_category":"600",\r\n    "asset_priority_extension":"400",\r\n    "asset_priority_menu_item":"700",\r\n    "asset_priority_request":"500",\r\n    "asset_priority_site":"100",\r\n    "asset_priority_source":"800",\r\n    "asset_priority_theme":"900",\r\n    "asset_priority_user":"300",\r\n\r\n    "cache":"1",\r\n    "cache_handler":"file",\r\n    "cache_time":"15",\r\n\r\n    "criteria_display_view_on_no_results":"1",\r\n    "criteria_snippet_length":"200",\r\n    "criteria_title":"",\r\n"content_catalog_type_id":"10000",\r\n\r\n    "enable_comments":"1",\r\n    "enable_draft_save":"1",\r\n    "enable_hit_counts":"1",\r\n    "enable_maximum_version_count":"5",\r\n    "enable_notifications":"1",\r\n    "enable_ping":"1",\r\n    "enable_ratings":"1",\r\n    "enable_retain_versions_after_delete":"1",\r\n    "enable_spam_protection":"1",\r\n    "enable_tweets":"1",\r\n    "enable_version_history":"1",\r\n\r\n    "form_model_name":"",\r\n    "form_model_query_object":"",\r\n    "form_model_type":"",\r\n    "form_page_view_css_class":"",\r\n    "form_page_view_css_id":"",\r\n    "form_page_view_id":"",\r\n    "form_template_view_css_class":"",\r\n    "form_template_view_css_id":"",\r\n    "form_template_view_id":"",\r\n    "form_theme_id":"98",\r\n    "form_wrap_view_css_class":"",\r\n    "form_wrap_view_css_id":"",\r\n    "form_wrap_view_id":"0",\r\n\r\n    "item_model_name":"Articles",\r\n    "item_model_query_object":"Item",\r\n    "item_model_type":"Table",\r\n    "item_page_view_css_class":"",\r\n    "item_page_view_css_id":"",\r\n    "item_page_view_id":"124",\r\n    "item_template_view_css_class":"",\r\n    "item_template_view_css_id":"",\r\n    "item_template_view_id":"236",\r\n    "item_theme_id":"98",\r\n    "item_wrap_view_css_class":"",\r\n    "item_wrap_view_css_id":"",\r\n    "item_wrap_view_id":"58",\r\n\r\n    "list_include_archived_content":"1",\r\n    "list_include_category_list":"",\r\n    "list_include_created_by_list":"",\r\n    "list_include_featured_content":"1",\r\n    "list_include_published_date_begin":"",\r\n    "list_include_published_date_end":"",\r\n    "list_include_stickied_content":"1",\r\n    "list_include_tag_list":"",\r\n    "list_length":"5",\r\n    "list_model_count":"5",\r\n    "list_model_direction":"",\r\n    "list_model_name":"",\r\n    "list_model_offset":"0",\r\n    "list_model_ordering":"",\r\n    "list_model_query_object":"",\r\n    "list_model_type":"",\r\n    "list_order_by_direction":"ASC",\r\n    "list_order_by_field":"a.start_publishing_datetime",\r\n    "list_page_view_css_class":"",\r\n    "list_page_view_css_id":"",\r\n    "list_page_view_id":"",\r\n    "list_template_view_css_class":"",\r\n    "list_template_view_css_id":"",\r\n    "list_template_view_id":"",\r\n    "list_theme_id":"98",\r\n    "list_wrap_view_css_class":"",\r\n    "list_wrap_view_css_id":"",\r\n    "list_wrap_view_id":"0",\r\n\r\n    "log_user_activity_create":"0",\r\n    "log_user_activity_delete":"1",\r\n    "log_user_activity_read":"1",\r\n    "log_user_activity_update":"1",\r\n\r\n    "menu_extension_instance_id":"",\r\n    "mustache":"0",\r\n    "parent_menuitem":""}', '{"title":"Molajo Article Resource", \r\n"description":"Welcome to the Molajo Article Resource",\r\n"keywords":"articles, molajo", \r\n"robots":"follow, index",\r\n"author":"Amy Stephen", \r\n"content_rights":"CC"}', 'en-GB', 0, 44),
(6440, 6440, 1450, 'Trigger', 'Trigger', '', '', 1, 0, 0, 1, '2012-07-01 12:00:00', '0000-00-00 00:00:00', 1, 0, 0, '2012-07-01 12:00:00', 0, '2012-07-01 12:00:00', 0, '0000-00-00 00:00:00', 0, '{}', '{"asset_priority_application":"200",\r\n    "asset_priority_category":"600",\r\n    "asset_priority_extension":"400",\r\n    "asset_priority_menu_item":"700",\r\n    "asset_priority_request":"500",\r\n    "asset_priority_site":"100",\r\n    "asset_priority_source":"800",\r\n    "asset_priority_theme":"900",\r\n    "asset_priority_user":"300",\r\n\r\n    "cache":"1",\r\n    "cache_handler":"file",\r\n    "cache_time":"15",\r\n\r\n    "criteria_display_view_on_no_results":"1",\r\n    "criteria_snippet_length":"200",\r\n    "criteria_title":"",\r\n"content_catalog_type_id":"10000",\r\n\r\n    "enable_comments":"1",\r\n    "enable_draft_save":"1",\r\n    "enable_hit_counts":"1",\r\n    "enable_maximum_version_count":"5",\r\n    "enable_notifications":"1",\r\n    "enable_ping":"1",\r\n    "enable_ratings":"1",\r\n    "enable_retain_versions_after_delete":"1",\r\n    "enable_spam_protection":"1",\r\n    "enable_tweets":"1",\r\n    "enable_version_history":"1",\r\n\r\n    "form_model_name":"",\r\n    "form_model_query_object":"",\r\n    "form_model_type":"",\r\n    "form_page_view_css_class":"",\r\n    "form_page_view_css_id":"",\r\n    "form_page_view_id":"",\r\n    "form_template_view_css_class":"",\r\n    "form_template_view_css_id":"",\r\n    "form_template_view_id":"",\r\n    "form_theme_id":"98",\r\n    "form_wrap_view_css_class":"",\r\n    "form_wrap_view_css_id":"",\r\n    "form_wrap_view_id":"0",\r\n\r\n    "item_model_name":"Articles",\r\n    "item_model_query_object":"Item",\r\n    "item_model_type":"Table",\r\n    "item_page_view_css_class":"",\r\n    "item_page_view_css_id":"",\r\n    "item_page_view_id":"124",\r\n    "item_template_view_css_class":"",\r\n    "item_template_view_css_id":"",\r\n    "item_template_view_id":"236",\r\n    "item_theme_id":"98",\r\n    "item_wrap_view_css_class":"",\r\n    "item_wrap_view_css_id":"",\r\n    "item_wrap_view_id":"58",\r\n\r\n    "list_include_archived_content":"1",\r\n    "list_include_category_list":"",\r\n    "list_include_created_by_list":"",\r\n    "list_include_featured_content":"1",\r\n    "list_include_published_date_begin":"",\r\n    "list_include_published_date_end":"",\r\n    "list_include_stickied_content":"1",\r\n    "list_include_tag_list":"",\r\n    "list_length":"5",\r\n    "list_model_count":"5",\r\n    "list_model_direction":"",\r\n    "list_model_name":"",\r\n    "list_model_offset":"0",\r\n    "list_model_ordering":"",\r\n    "list_model_query_object":"",\r\n    "list_model_type":"",\r\n    "list_order_by_direction":"ASC",\r\n    "list_order_by_field":"a.start_publishing_datetime",\r\n    "list_page_view_css_class":"",\r\n    "list_page_view_css_id":"",\r\n    "list_page_view_id":"",\r\n    "list_template_view_css_class":"",\r\n    "list_template_view_css_id":"",\r\n    "list_template_view_id":"",\r\n    "list_theme_id":"98",\r\n    "list_wrap_view_css_class":"",\r\n    "list_wrap_view_css_id":"",\r\n    "list_wrap_view_id":"0",\r\n\r\n    "log_user_activity_create":"0",\r\n    "log_user_activity_delete":"1",\r\n    "log_user_activity_read":"1",\r\n    "log_user_activity_update":"1",\r\n\r\n    "menu_extension_instance_id":"",\r\n    "mustache":"0",\r\n    "parent_menuitem":""}', '{"title":"Molajo Article Resource", \r\n"description":"Welcome to the Molajo Article Resource",\r\n"keywords":"articles, molajo", \r\n"robots":"follow, index",\r\n"author":"Amy Stephen", \r\n"content_rights":"CC"}', 'en-GB', 0, 45),
(6450, 6450, 1450, 'Useractivity', 'Trigger', '', '', 1, 0, 0, 1, '2012-07-01 12:00:00', '0000-00-00 00:00:00', 1, 0, 0, '2012-07-01 12:00:00', 0, '2012-07-01 12:00:00', 0, '0000-00-00 00:00:00', 0, '{}', '{"asset_priority_application":"200",\r\n    "asset_priority_category":"600",\r\n    "asset_priority_extension":"400",\r\n    "asset_priority_menu_item":"700",\r\n    "asset_priority_request":"500",\r\n    "asset_priority_site":"100",\r\n    "asset_priority_source":"800",\r\n    "asset_priority_theme":"900",\r\n    "asset_priority_user":"300",\r\n\r\n    "cache":"1",\r\n    "cache_handler":"file",\r\n    "cache_time":"15",\r\n\r\n    "criteria_display_view_on_no_results":"1",\r\n    "criteria_snippet_length":"200",\r\n    "criteria_title":"",\r\n"content_catalog_type_id":"10000",\r\n\r\n    "enable_comments":"1",\r\n    "enable_draft_save":"1",\r\n    "enable_hit_counts":"1",\r\n    "enable_maximum_version_count":"5",\r\n    "enable_notifications":"1",\r\n    "enable_ping":"1",\r\n    "enable_ratings":"1",\r\n    "enable_retain_versions_after_delete":"1",\r\n    "enable_spam_protection":"1",\r\n    "enable_tweets":"1",\r\n    "enable_version_history":"1",\r\n\r\n    "form_model_name":"",\r\n    "form_model_query_object":"",\r\n    "form_model_type":"",\r\n    "form_page_view_css_class":"",\r\n    "form_page_view_css_id":"",\r\n    "form_page_view_id":"",\r\n    "form_template_view_css_class":"",\r\n    "form_template_view_css_id":"",\r\n    "form_template_view_id":"",\r\n    "form_theme_id":"98",\r\n    "form_wrap_view_css_class":"",\r\n    "form_wrap_view_css_id":"",\r\n    "form_wrap_view_id":"0",\r\n\r\n    "item_model_name":"Articles",\r\n    "item_model_query_object":"Item",\r\n    "item_model_type":"Table",\r\n    "item_page_view_css_class":"",\r\n    "item_page_view_css_id":"",\r\n    "item_page_view_id":"124",\r\n    "item_template_view_css_class":"",\r\n    "item_template_view_css_id":"",\r\n    "item_template_view_id":"236",\r\n    "item_theme_id":"98",\r\n    "item_wrap_view_css_class":"",\r\n    "item_wrap_view_css_id":"",\r\n    "item_wrap_view_id":"58",\r\n\r\n    "list_include_archived_content":"1",\r\n    "list_include_category_list":"",\r\n    "list_include_created_by_list":"",\r\n    "list_include_featured_content":"1",\r\n    "list_include_published_date_begin":"",\r\n    "list_include_published_date_end":"",\r\n    "list_include_stickied_content":"1",\r\n    "list_include_tag_list":"",\r\n    "list_length":"5",\r\n    "list_model_count":"5",\r\n    "list_model_direction":"",\r\n    "list_model_name":"",\r\n    "list_model_offset":"0",\r\n    "list_model_ordering":"",\r\n    "list_model_query_object":"",\r\n    "list_model_type":"",\r\n    "list_order_by_direction":"ASC",\r\n    "list_order_by_field":"a.start_publishing_datetime",\r\n    "list_page_view_css_class":"",\r\n    "list_page_view_css_id":"",\r\n    "list_page_view_id":"",\r\n    "list_template_view_css_class":"",\r\n    "list_template_view_css_id":"",\r\n    "list_template_view_id":"",\r\n    "list_theme_id":"98",\r\n    "list_wrap_view_css_class":"",\r\n    "list_wrap_view_css_id":"",\r\n    "list_wrap_view_id":"0",\r\n\r\n    "log_user_activity_create":"0",\r\n    "log_user_activity_delete":"1",\r\n    "log_user_activity_read":"1",\r\n    "log_user_activity_update":"1",\r\n\r\n    "menu_extension_instance_id":"",\r\n    "mustache":"0",\r\n    "parent_menuitem":""}', '{"title":"Molajo Article Resource", \r\n"description":"Welcome to the Molajo Article Resource",\r\n"keywords":"articles, molajo", \r\n"robots":"follow, index",\r\n"author":"Amy Stephen", \r\n"content_rights":"CC"}', 'en-GB', 0, 46),
(6460, 6460, 1450, 'Username', 'Trigger', '', '', 1, 0, 0, 1, '2012-07-01 12:00:00', '0000-00-00 00:00:00', 1, 0, 0, '2012-07-01 12:00:00', 0, '2012-07-01 12:00:00', 0, '0000-00-00 00:00:00', 0, '{}', '{"asset_priority_application":"200",\r\n    "asset_priority_category":"600",\r\n    "asset_priority_extension":"400",\r\n    "asset_priority_menu_item":"700",\r\n    "asset_priority_request":"500",\r\n    "asset_priority_site":"100",\r\n    "asset_priority_source":"800",\r\n    "asset_priority_theme":"900",\r\n    "asset_priority_user":"300",\r\n\r\n    "cache":"1",\r\n    "cache_handler":"file",\r\n    "cache_time":"15",\r\n\r\n    "criteria_display_view_on_no_results":"1",\r\n    "criteria_snippet_length":"200",\r\n    "criteria_title":"",\r\n"content_catalog_type_id":"10000",\r\n\r\n    "enable_comments":"1",\r\n    "enable_draft_save":"1",\r\n    "enable_hit_counts":"1",\r\n    "enable_maximum_version_count":"5",\r\n    "enable_notifications":"1",\r\n    "enable_ping":"1",\r\n    "enable_ratings":"1",\r\n    "enable_retain_versions_after_delete":"1",\r\n    "enable_spam_protection":"1",\r\n    "enable_tweets":"1",\r\n    "enable_version_history":"1",\r\n\r\n    "form_model_name":"",\r\n    "form_model_query_object":"",\r\n    "form_model_type":"",\r\n    "form_page_view_css_class":"",\r\n    "form_page_view_css_id":"",\r\n    "form_page_view_id":"",\r\n    "form_template_view_css_class":"",\r\n    "form_template_view_css_id":"",\r\n    "form_template_view_id":"",\r\n    "form_theme_id":"98",\r\n    "form_wrap_view_css_class":"",\r\n    "form_wrap_view_css_id":"",\r\n    "form_wrap_view_id":"0",\r\n\r\n    "item_model_name":"Articles",\r\n    "item_model_query_object":"Item",\r\n    "item_model_type":"Table",\r\n    "item_page_view_css_class":"",\r\n    "item_page_view_css_id":"",\r\n    "item_page_view_id":"124",\r\n    "item_template_view_css_class":"",\r\n    "item_template_view_css_id":"",\r\n    "item_template_view_id":"236",\r\n    "item_theme_id":"98",\r\n    "item_wrap_view_css_class":"",\r\n    "item_wrap_view_css_id":"",\r\n    "item_wrap_view_id":"58",\r\n\r\n    "list_include_archived_content":"1",\r\n    "list_include_category_list":"",\r\n    "list_include_created_by_list":"",\r\n    "list_include_featured_content":"1",\r\n    "list_include_published_date_begin":"",\r\n    "list_include_published_date_end":"",\r\n    "list_include_stickied_content":"1",\r\n    "list_include_tag_list":"",\r\n    "list_length":"5",\r\n    "list_model_count":"5",\r\n    "list_model_direction":"",\r\n    "list_model_name":"",\r\n    "list_model_offset":"0",\r\n    "list_model_ordering":"",\r\n    "list_model_query_object":"",\r\n    "list_model_type":"",\r\n    "list_order_by_direction":"ASC",\r\n    "list_order_by_field":"a.start_publishing_datetime",\r\n    "list_page_view_css_class":"",\r\n    "list_page_view_css_id":"",\r\n    "list_page_view_id":"",\r\n    "list_template_view_css_class":"",\r\n    "list_template_view_css_id":"",\r\n    "list_template_view_id":"",\r\n    "list_theme_id":"98",\r\n    "list_wrap_view_css_class":"",\r\n    "list_wrap_view_css_id":"",\r\n    "list_wrap_view_id":"0",\r\n\r\n    "log_user_activity_create":"0",\r\n    "log_user_activity_delete":"1",\r\n    "log_user_activity_read":"1",\r\n    "log_user_activity_update":"1",\r\n\r\n    "menu_extension_instance_id":"",\r\n    "mustache":"0",\r\n    "parent_menuitem":""}', '{"title":"Molajo Article Resource", \r\n"description":"Welcome to the Molajo Article Resource",\r\n"keywords":"articles, molajo", \r\n"robots":"follow, index",\r\n"author":"Amy Stephen", \r\n"content_rights":"CC"}', 'en-GB', 0, 47),
(6470, 6470, 1450, 'Version', 'Trigger', '', '', 1, 0, 0, 1, '2012-07-01 12:00:00', '0000-00-00 00:00:00', 1, 0, 0, '2012-07-01 12:00:00', 0, '2012-07-01 12:00:00', 0, '0000-00-00 00:00:00', 0, '{}', '{"asset_priority_application":"200",\r\n    "asset_priority_category":"600",\r\n    "asset_priority_extension":"400",\r\n    "asset_priority_menu_item":"700",\r\n    "asset_priority_request":"500",\r\n    "asset_priority_site":"100",\r\n    "asset_priority_source":"800",\r\n    "asset_priority_theme":"900",\r\n    "asset_priority_user":"300",\r\n\r\n    "cache":"1",\r\n    "cache_handler":"file",\r\n    "cache_time":"15",\r\n\r\n    "criteria_display_view_on_no_results":"1",\r\n    "criteria_snippet_length":"200",\r\n    "criteria_title":"",\r\n"content_catalog_type_id":"10000",\r\n\r\n    "enable_comments":"1",\r\n    "enable_draft_save":"1",\r\n    "enable_hit_counts":"1",\r\n    "enable_maximum_version_count":"5",\r\n    "enable_notifications":"1",\r\n    "enable_ping":"1",\r\n    "enable_ratings":"1",\r\n    "enable_retain_versions_after_delete":"1",\r\n    "enable_spam_protection":"1",\r\n    "enable_tweets":"1",\r\n    "enable_version_history":"1",\r\n\r\n    "form_model_name":"",\r\n    "form_model_query_object":"",\r\n    "form_model_type":"",\r\n    "form_page_view_css_class":"",\r\n    "form_page_view_css_id":"",\r\n    "form_page_view_id":"",\r\n    "form_template_view_css_class":"",\r\n    "form_template_view_css_id":"",\r\n    "form_template_view_id":"",\r\n    "form_theme_id":"98",\r\n    "form_wrap_view_css_class":"",\r\n    "form_wrap_view_css_id":"",\r\n    "form_wrap_view_id":"0",\r\n\r\n    "item_model_name":"Articles",\r\n    "item_model_query_object":"Item",\r\n    "item_model_type":"Table",\r\n    "item_page_view_css_class":"",\r\n    "item_page_view_css_id":"",\r\n    "item_page_view_id":"124",\r\n    "item_template_view_css_class":"",\r\n    "item_template_view_css_id":"",\r\n    "item_template_view_id":"236",\r\n    "item_theme_id":"98",\r\n    "item_wrap_view_css_class":"",\r\n    "item_wrap_view_css_id":"",\r\n    "item_wrap_view_id":"58",\r\n\r\n    "list_include_archived_content":"1",\r\n    "list_include_category_list":"",\r\n    "list_include_created_by_list":"",\r\n    "list_include_featured_content":"1",\r\n    "list_include_published_date_begin":"",\r\n    "list_include_published_date_end":"",\r\n    "list_include_stickied_content":"1",\r\n    "list_include_tag_list":"",\r\n    "list_length":"5",\r\n    "list_model_count":"5",\r\n    "list_model_direction":"",\r\n    "list_model_name":"",\r\n    "list_model_offset":"0",\r\n    "list_model_ordering":"",\r\n    "list_model_query_object":"",\r\n    "list_model_type":"",\r\n    "list_order_by_direction":"ASC",\r\n    "list_order_by_field":"a.start_publishing_datetime",\r\n    "list_page_view_css_class":"",\r\n    "list_page_view_css_id":"",\r\n    "list_page_view_id":"",\r\n    "list_template_view_css_class":"",\r\n    "list_template_view_css_id":"",\r\n    "list_template_view_id":"",\r\n    "list_theme_id":"98",\r\n    "list_wrap_view_css_class":"",\r\n    "list_wrap_view_css_id":"",\r\n    "list_wrap_view_id":"0",\r\n\r\n    "log_user_activity_create":"0",\r\n    "log_user_activity_delete":"1",\r\n    "log_user_activity_read":"1",\r\n    "log_user_activity_update":"1",\r\n\r\n    "menu_extension_instance_id":"",\r\n    "mustache":"0",\r\n    "parent_menuitem":""}', '{"title":"Molajo Article Resource", \r\n"description":"Welcome to the Molajo Article Resource",\r\n"keywords":"articles, molajo", \r\n"robots":"follow, index",\r\n"author":"Amy Stephen", \r\n"content_rights":"CC"}', 'en-GB', 0, 48),
(9000, 9000, 1500, 'System', 'Theme', '', '', 1, 0, 0, 1, '2012-07-01 12:00:00', '0000-00-00 00:00:00', 1, 0, 0, '2012-07-01 12:00:00', 0, '2012-07-01 12:00:00', 0, '0000-00-00 00:00:00', 0, '{}', '{\r\n    "1":{\r\n        "criteria_display_view_on_no_results":"",\r\n        "criteria_snippet_length":"",\r\n        "criteria_extension_instance_id":"",\r\n        "criteria_catalog_type_id":"",\r\n\r\n        "cache":"",\r\n        "cache_time":"",\r\n        "cache_handler":""\r\n    },\r\n    "2":{\r\n        "criteria_display_view_on_no_results":"",\r\n        "criteria_snippet_length":"",\r\n        "criteria_extension_instance_id":"",\r\n        "criteria_catalog_type_id":"",\r\n\r\n        "cache":"",\r\n        "cache_time":"",\r\n        "cache_handler":""\r\n    }\r\n}', NULL, 'en-GB', 0, 1),
(9010, 9010, 1500, 'Molajito', 'Theme', '', '', 1, 0, 0, 1, '2012-07-01 12:00:00', '0000-00-00 00:00:00', 1, 0, 0, '2012-07-01 12:00:00', 0, '2012-07-01 12:00:00', 0, '0000-00-00 00:00:00', 0, '{}', '{\r\n    "2":{\r\n    "page_view_css_id":"",\r\n    "page_view_css_class":""\r\n    }\r\n}\r\n', NULL, 'en-GB', 0, 2);

-- --------------------------------------------------------

--
-- Table structure for table `molajo_extension_sites`
--

CREATE TABLE `molajo_extension_sites` (
  `id` int(11) unsigned NOT NULL AUTO_INCREMENT,
  `name` varchar(255) DEFAULT ' ',
  `enabled` tinyint(1) NOT NULL DEFAULT '0',
  `location` varchar(2048) NOT NULL,
  `customfields` mediumtext,
  `parameters` mediumtext,
  `metadata` mediumtext,
  PRIMARY KEY (`id`)
) ENGINE=InnoDB  DEFAULT CHARSET=utf8 AUTO_INCREMENT=3 ;

--
-- Dumping data for table `molajo_extension_sites`
--

INSERT INTO `molajo_extension_sites` (`id`, `name`, `enabled`, `location`, `customfields`, `parameters`, `metadata`) VALUES
(1, 'Molajo', 1, 'http://update.molajo.org/core.xml', '', '', NULL),
(2, 'Molajito Extension Directory', 1, 'http://update.molajito.org/directory.xml', '', '', NULL);

-- --------------------------------------------------------

--
-- Table structure for table `molajo_group_permissions`
--

CREATE TABLE `molajo_group_permissions` (
  `id` int(11) unsigned NOT NULL AUTO_INCREMENT,
  `group_id` int(11) unsigned NOT NULL COMMENT 'Foreign Key to #_groups.id',
  `catalog_id` int(11) unsigned NOT NULL COMMENT 'Foreign Key to molajo_catalog.id',
  `action_id` int(11) unsigned NOT NULL COMMENT 'Foreign Key to molajo_actions.id',
  PRIMARY KEY (`id`),
  KEY `fk_group_permissions_actions_index` (`action_id`),
  KEY `fk_group_permissions_content_index` (`group_id`),
  KEY `fk_group_permissions_catalog_index` (`catalog_id`)
) ENGINE=InnoDB  DEFAULT CHARSET=utf8 AUTO_INCREMENT=34 ;

--
-- Dumping data for table `molajo_group_permissions`
--

INSERT INTO `molajo_group_permissions` (`id`, `group_id`, `catalog_id`, `action_id`) VALUES
(1, 9, 1, 7),
(2, 3, 2, 1),
(3, 9, 2, 2),
(4, 9, 2, 4),
(5, 9, 2, 5),
(6, 9, 2, 6),
(7, 9, 2, 7),
(8, 8, 3, 2),
(9, 8, 3, 4),
(10, 8, 3, 5),
(11, 8, 3, 6),
(12, 8, 3, 7),
(13, 7, 4, 2),
(14, 7, 4, 4),
(15, 7, 4, 5),
(16, 7, 4, 6),
(17, 7, 4, 7),
(18, 6, 5, 2),
(19, 6, 5, 4),
(20, 6, 5, 5),
(21, 6, 5, 6),
(22, 6, 5, 7),
(23, 4, 6, 2),
(24, 4, 6, 4),
(25, 4, 6, 5),
(26, 4, 6, 6),
(27, 4, 6, 7),
(28, 3, 7, 2),
(29, 3, 7, 4),
(30, 3, 7, 5),
(31, 3, 7, 6),
(32, 3, 7, 7),
(33, 1, 8, 2);

-- --------------------------------------------------------

--
-- Table structure for table `molajo_group_view_groups`
--

CREATE TABLE `molajo_group_view_groups` (
  `group_id` int(11) unsigned NOT NULL COMMENT 'FK to the molajo_group table.',
  `view_group_id` int(11) unsigned NOT NULL COMMENT 'FK to the molajo_groupings table.',
  PRIMARY KEY (`view_group_id`,`group_id`),
  KEY `fk_group_view_groups_view_groups_index` (`view_group_id`),
  KEY `fk_group_view_groups_groups_index` (`group_id`)
) ENGINE=InnoDB DEFAULT CHARSET=utf8;

--
-- Dumping data for table `molajo_group_view_groups`
--

INSERT INTO `molajo_group_view_groups` (`group_id`, `view_group_id`) VALUES
(1, 1),
(2, 2),
(3, 3),
(4, 4),
(7, 4),
(8, 5);

-- --------------------------------------------------------

--
-- Table structure for table `molajo_log`
--

CREATE TABLE `molajo_log` (
  `id` int(11) unsigned NOT NULL AUTO_INCREMENT COMMENT 'Log Primary Key',
  `priority` int(11) DEFAULT NULL,
  `message` mediumtext,
  `date` datetime DEFAULT NULL,
  `category` varchar(255) DEFAULT NULL,
  PRIMARY KEY (`id`),
  KEY `idx_category_date_priority` (`category`,`date`,`priority`)
) ENGINE=InnoDB DEFAULT CHARSET=utf8 AUTO_INCREMENT=1 ;

-- --------------------------------------------------------

--
-- Table structure for table `molajo_sessions`
--

CREATE TABLE `molajo_sessions` (
  `session_id` varchar(32) NOT NULL,
  `application_id` int(11) unsigned NOT NULL,
  `session_time` varchar(14) DEFAULT ' ',
  `data` longtext,
  `user_id` int(11) unsigned NOT NULL DEFAULT '0',
  PRIMARY KEY (`session_id`),
  KEY `fk_sessions_applications_index` (`application_id`)
) ENGINE=InnoDB DEFAULT CHARSET=utf8;

-- --------------------------------------------------------

--
-- Table structure for table `molajo_sites`
--

CREATE TABLE `molajo_sites` (
  `id` int(11) unsigned NOT NULL AUTO_INCREMENT COMMENT 'Application Primary Key',
  `catalog_type_id` int(11) unsigned NOT NULL,
  `name` varchar(255) NOT NULL DEFAULT ' ' COMMENT 'Title',
  `path` varchar(2048) NOT NULL DEFAULT ' ' COMMENT 'URL Alias',
  `base_url` varchar(2048) NOT NULL DEFAULT ' ',
  `description` mediumtext,
  `customfields` mediumtext,
  `parameters` mediumtext COMMENT 'Configurable Parameter Values',
  `metadata` mediumtext,
  PRIMARY KEY (`id`)
) ENGINE=InnoDB  DEFAULT CHARSET=utf8 AUTO_INCREMENT=3 ;

--
-- Dumping data for table `molajo_sites`
--

INSERT INTO `molajo_sites` (`id`, `catalog_type_id`, `name`, `path`, `base_url`, `description`, `customfields`, `parameters`, `metadata`) VALUES
(1, 10, 'Site 1', '', '', 'Primary Site', '', '', ''),
(2, 10, 'Site 2', '', '', '', '', '', '');

-- --------------------------------------------------------

--
-- Table structure for table `molajo_site_applications`
--

CREATE TABLE `molajo_site_applications` (
  `site_id` int(11) unsigned NOT NULL,
  `application_id` int(11) unsigned NOT NULL,
  PRIMARY KEY (`site_id`,`application_id`),
  KEY `fk_site_applications_sites_index` (`site_id`),
  KEY `fk_site_applications_applications_index` (`application_id`)
) ENGINE=InnoDB DEFAULT CHARSET=latin1;

--
-- Dumping data for table `molajo_site_applications`
--

INSERT INTO `molajo_site_applications` (`site_id`, `application_id`) VALUES
(1, 1),
(1, 2),
(2, 1),
(2, 2);

-- --------------------------------------------------------

--
-- Table structure for table `molajo_site_extension_instances`
--

CREATE TABLE `molajo_site_extension_instances` (
  `site_id` int(11) unsigned NOT NULL,
  `extension_instance_id` int(11) unsigned NOT NULL,
  PRIMARY KEY (`site_id`,`extension_instance_id`),
  KEY `fk_site_extension_instances_sites_index` (`site_id`),
  KEY `fk_site_extension_instances_extension_instances_index` (`extension_instance_id`)
) ENGINE=InnoDB DEFAULT CHARSET=latin1;

--
-- Dumping data for table `molajo_site_extension_instances`
--

INSERT INTO `molajo_site_extension_instances` (`site_id`, `extension_instance_id`) VALUES
(1, 1),
(1, 2),
(1, 3),
(1, 4),
(1, 5),
(1, 6),
(1, 100),
(1, 200),
(1, 210),
(1, 220),
(1, 230),
(1, 240),
(1, 250),
(1, 260),
(1, 1000),
(1, 1010),
(1, 1030),
(1, 1040),
(1, 1050),
(1, 1060),
(1, 1070),
(1, 1080),
(1, 1090),
(1, 1100),
(1, 1105),
(1, 1110),
(1, 1120),
(1, 1130),
(1, 1140),
(1, 1150),
(1, 1160),
(1, 1170),
(1, 1180),
(1, 1190),
(1, 1200),
(1, 1205),
(1, 1210),
(1, 1220),
(1, 1225),
(1, 1230),
(1, 1240),
(1, 1250),
(1, 1260),
(1, 1270),
(1, 1280),
(1, 1290),
(1, 1300),
(1, 1310),
(1, 1320),
(1, 1330),
(1, 1335),
(1, 1340),
(1, 1345),
(1, 1350),
(1, 1360),
(1, 1370),
(1, 1380),
(1, 1390),
(1, 1400),
(1, 1410),
(1, 1420),
(1, 2000),
(1, 2010),
(1, 2020),
(1, 2030),
(1, 2040),
(1, 2050),
(1, 2060),
(1, 2070),
(1, 2080),
(1, 2090),
(1, 2100),
(1, 3010),
(1, 3020),
(1, 5010),
(1, 5020),
(1, 5030),
(1, 5040),
(1, 5050),
(1, 5060),
(1, 5070),
(1, 5080),
(1, 5090),
(1, 5100),
(1, 5110),
(1, 5120),
(1, 5130),
(1, 5140),
(1, 5150),
(1, 5160),
(1, 5170),
(1, 5180),
(1, 5190),
(1, 5200),
(1, 5210),
(1, 5220),
(1, 5230),
(1, 5240),
(1, 5250),
(1, 5260),
(1, 5270),
(1, 5280),
(1, 5290),
(1, 5300),
(1, 5310),
(1, 5320),
(1, 6000),
(1, 6010),
(1, 6020),
(1, 6030),
(1, 6040),
(1, 6050),
(1, 6060),
(1, 6070),
(1, 6080),
(1, 6090),
(1, 6100),
(1, 6110),
(1, 6120),
(1, 6130),
(1, 6140),
(1, 6150),
(1, 6160),
(1, 6170),
(1, 6180),
(1, 6190),
(1, 6200),
(1, 6210),
(1, 6220),
(1, 6230),
(1, 6235),
(1, 6240),
(1, 6250),
(1, 6260),
(1, 6270),
(1, 6280),
(1, 6290),
(1, 6300),
(1, 6310),
(1, 6320),
(1, 6330),
(1, 6340),
(1, 6350),
(1, 6360),
(1, 6370),
(1, 6380),
(1, 6390),
(1, 6410),
(1, 6420),
(1, 6430),
(1, 6440),
(1, 6450),
(1, 6460),
(1, 6470),
(1, 9000),
(1, 9010),
(2, 1),
(2, 2),
(2, 3),
(2, 4),
(2, 5),
(2, 6),
(2, 100),
(2, 200),
(2, 210),
(2, 220),
(2, 230),
(2, 240),
(2, 250),
(2, 260),
(2, 1000),
(2, 1010),
(2, 1030),
(2, 1040),
(2, 1050),
(2, 1060),
(2, 1070),
(2, 1080),
(2, 1090),
(2, 1100),
(2, 1105),
(2, 1110),
(2, 1120),
(2, 1130),
(2, 1140),
(2, 1150),
(2, 1160),
(2, 1170),
(2, 1180),
(2, 1190),
(2, 1200),
(2, 1205),
(2, 1210),
(2, 1220),
(2, 1225),
(2, 1230),
(2, 1240),
(2, 1250),
(2, 1260),
(2, 1270),
(2, 1280),
(2, 1290),
(2, 1300),
(2, 1310),
(2, 1320),
(2, 1330),
(2, 1335),
(2, 1340),
(2, 1345),
(2, 1350),
(2, 1360),
(2, 1370),
(2, 1380),
(2, 1390),
(2, 1400),
(2, 1410),
(2, 1420),
(2, 2000),
(2, 2010),
(2, 2020),
(2, 2030),
(2, 2040),
(2, 2050),
(2, 2060),
(2, 2070),
(2, 2080),
(2, 2090),
(2, 2100),
(2, 3010),
(2, 3020),
(2, 5010),
(2, 5020),
(2, 5030),
(2, 5040),
(2, 5050),
(2, 5060),
(2, 5070),
(2, 5080),
(2, 5090),
(2, 5100),
(2, 5110),
(2, 5120),
(2, 5130),
(2, 5140),
(2, 5150),
(2, 5160),
(2, 5170),
(2, 5180),
(2, 5190),
(2, 5200),
(2, 5210),
(2, 5220),
(2, 5230),
(2, 5240),
(2, 5250),
(2, 5260),
(2, 5270),
(2, 5280),
(2, 5290),
(2, 5300),
(2, 5310),
(2, 5320),
(2, 6000),
(2, 6010),
(2, 6020),
(2, 6030),
(2, 6040),
(2, 6050),
(2, 6060),
(2, 6070),
(2, 6080),
(2, 6090),
(2, 6100),
(2, 6110),
(2, 6120),
(2, 6130),
(2, 6140),
(2, 6150),
(2, 6160),
(2, 6170),
(2, 6180),
(2, 6190),
(2, 6200),
(2, 6210),
(2, 6220),
(2, 6230),
(2, 6235),
(2, 6240),
(2, 6250),
(2, 6260),
(2, 6270),
(2, 6280),
(2, 6290),
(2, 6300),
(2, 6310),
(2, 6320),
(2, 6330),
(2, 6340),
(2, 6350),
(2, 6360),
(2, 6370),
(2, 6380),
(2, 6390),
(2, 6410),
(2, 6420),
(2, 6430),
(2, 6440),
(2, 6450),
(2, 6460),
(2, 6470),
(2, 9000),
(2, 9010);

-- --------------------------------------------------------

--
-- Table structure for table `molajo_users`
--

CREATE TABLE `molajo_users` (
  `id` int(11) unsigned NOT NULL AUTO_INCREMENT,
  `catalog_type_id` int(11) unsigned NOT NULL DEFAULT '0',
  `username` varchar(255) NOT NULL,
  `first_name` varchar(100) DEFAULT '',
  `last_name` varchar(150) DEFAULT '',
  `full_name` varchar(255) NOT NULL,
  `content_text` mediumtext,
  `email` varchar(255) DEFAULT '  ',
  `password` varchar(100) NOT NULL DEFAULT '  ',
  `block` tinyint(4) NOT NULL DEFAULT '0',
  `register_datetime` datetime NOT NULL DEFAULT '0000-00-00 00:00:00',
  `activation_datetime` datetime NOT NULL DEFAULT '0000-00-00 00:00:00',
  `last_visit_datetime` datetime NOT NULL DEFAULT '0000-00-00 00:00:00',
  `customfields` mediumtext,
  `parameters` mediumtext COMMENT 'Configurable Parameter Values',
  `metadata` mediumtext,
  PRIMARY KEY (`id`),
  UNIQUE KEY `username` (`username`),
  UNIQUE KEY `email` (`email`),
  KEY `last_name_first_name` (`last_name`,`first_name`)
) ENGINE=InnoDB  DEFAULT CHARSET=utf8 AUTO_INCREMENT=2 ;

--
-- Dumping data for table `molajo_users`
--

INSERT INTO `molajo_users` (`id`, `catalog_type_id`, `username`, `first_name`, `last_name`, `full_name`, `content_text`, `email`, `password`, `block`, `register_datetime`, `activation_datetime`, `last_visit_datetime`, `customfields`, `parameters`, `metadata`) VALUES
(1, 500, 'admin', 'System', 'Administrator', 'System Administrator', '', 'admin@example.com', 'admin', 0, '2012-07-01 12:00:00', '0000-00-00 00:00:00', '2012-07-01 12:00:00', '{"gender":"",\r\n"about_me":"",\r\n"twitter":"",\r\n"date_of_birth":"",\r\n"personal_email":""}', '{"display_gravatar":"1",\r\n"display_birthdate":"1",\r\n"display_email":"1",\r\n"form_theme_id":"",\r\n"form_page_view_id":"",\r\n"form_page_view_css_class":"",\r\n"form_page_view_css_id":"",\r\n"item_theme_id":"",\r\n"item_page_view_id":"",\r\n"item_page_view_css_class":"",\r\n"item_page_view_css_id":"",\r\n"list_theme_id":"",\r\n"list_page_view_id":"",\r\n"list_page_view_css_class":"",\r\n"list_page_view_css_id":""}', '{"title":"Administrator", \r\n"description":"Administrator Profile", \r\n"keywords":"", \r\n"robots":"", \r\n"author":"", \r\n"content_rights":""}    ');

-- --------------------------------------------------------

--
-- Table structure for table `molajo_user_activity`
--

CREATE TABLE `molajo_user_activity` (
  `id` int(11) unsigned NOT NULL AUTO_INCREMENT,
  `user_id` int(11) unsigned NOT NULL DEFAULT '0' COMMENT 'Foreign Key to molajo_users.id',
  `action_id` int(11) unsigned NOT NULL DEFAULT '0',
  `catalog_id` int(11) unsigned NOT NULL DEFAULT '0',
  `activity_datetime` datetime DEFAULT NULL,
  `ip_address` varchar(15) NOT NULL DEFAULT '',
  PRIMARY KEY (`id`),
  KEY `user_activity_user_index` (`user_id`),
  KEY `user_activity_catalog_index` (`catalog_id`),
  KEY `user_activity_action_index` (`action_id`)
) ENGINE=InnoDB DEFAULT CHARSET=latin1 AUTO_INCREMENT=1 ;

-- --------------------------------------------------------

--
-- Table structure for table `molajo_user_applications`
--

CREATE TABLE `molajo_user_applications` (
  `user_id` int(11) unsigned NOT NULL COMMENT 'Foreign Key to molajo_users.id',
  `application_id` int(11) unsigned NOT NULL COMMENT 'Foreign Key to molajo_applications.id',
  PRIMARY KEY (`application_id`,`user_id`),
  KEY `fk_user_applications_users_index` (`user_id`),
  KEY `fk_user_applications_applications_index` (`application_id`)
) ENGINE=InnoDB DEFAULT CHARSET=utf8;

--
-- Dumping data for table `molajo_user_applications`
--

INSERT INTO `molajo_user_applications` (`user_id`, `application_id`) VALUES
(1, 1),
(1, 2);

-- --------------------------------------------------------

--
-- Table structure for table `molajo_user_groups`
--

CREATE TABLE `molajo_user_groups` (
  `user_id` int(11) unsigned NOT NULL COMMENT 'Foreign Key to molajo_users.id',
  `group_id` int(11) unsigned NOT NULL COMMENT 'Foreign Key to molajo_groups.id',
  PRIMARY KEY (`group_id`,`user_id`),
  KEY `fk_molajo_user_groups_molajo_users_index` (`user_id`),
  KEY `fk_molajo_user_groups_molajo_groups_index` (`group_id`)
) ENGINE=InnoDB DEFAULT CHARSET=utf8;

--
-- Dumping data for table `molajo_user_groups`
--

INSERT INTO `molajo_user_groups` (`user_id`, `group_id`) VALUES
(1, 1),
(1, 3),
(1, 4),
(1, 5),
(1, 6),
(1, 7),
(1, 8),
(1, 9),
(1, 18);

-- --------------------------------------------------------

--
-- Table structure for table `molajo_user_view_groups`
--

CREATE TABLE `molajo_user_view_groups` (
  `user_id` int(11) unsigned NOT NULL COMMENT 'Foreign Key to molajo_users.id',
  `view_group_id` int(11) unsigned NOT NULL COMMENT 'Foreign Key to molajo_groups.id',
  PRIMARY KEY (`view_group_id`,`user_id`),
  KEY `fk_user_groups_users_index` (`user_id`),
  KEY `fk_user_view_groups_view_groups_index` (`view_group_id`)
) ENGINE=InnoDB DEFAULT CHARSET=utf8;

--
-- Dumping data for table `molajo_user_view_groups`
--

INSERT INTO `molajo_user_view_groups` (`user_id`, `view_group_id`) VALUES
(1, 1),
(1, 3),
(1, 4),
(1, 5);

-- --------------------------------------------------------

--
-- Table structure for table `molajo_view_groups`
--

CREATE TABLE `molajo_view_groups` (
  `id` int(11) unsigned NOT NULL AUTO_INCREMENT,
  `view_group_name_list` text NOT NULL,
  `view_group_id_list` text NOT NULL,
  PRIMARY KEY (`id`)
) ENGINE=InnoDB  DEFAULT CHARSET=utf8 AUTO_INCREMENT=12 ;

--
-- Dumping data for table `molajo_view_groups`
--

INSERT INTO `molajo_view_groups` (`id`, `view_group_name_list`, `view_group_id_list`) VALUES
(1, 'Public', '1'),
(2, 'Guest', '2'),
(3, 'Registered', '3'),
(4, 'Special', '4,7'),
(5, 'System', '8');

-- --------------------------------------------------------

--
-- Table structure for table `molajo_view_group_permissions`
--

CREATE TABLE `molajo_view_group_permissions` (
  `id` int(11) unsigned NOT NULL AUTO_INCREMENT,
  `view_group_id` int(11) unsigned NOT NULL COMMENT 'Foreign Key to molajo_groups.id',
  `catalog_id` int(11) unsigned NOT NULL COMMENT 'Foreign Key to molajo_catalog.id',
  `action_id` int(11) unsigned NOT NULL COMMENT 'Foreign Key to molajo_actions.id',
  PRIMARY KEY (`id`),
  KEY `fk_view_group_permissions_view_groups_index` (`view_group_id`),
  KEY `fk_view_group_permissions_actions_index` (`action_id`),
  KEY `fk_view_group_permissions_catalog_index` (`catalog_id`)
) ENGINE=InnoDB  DEFAULT CHARSET=utf8 AUTO_INCREMENT=256 ;

--
-- Dumping data for table `molajo_view_group_permissions`
--

INSERT INTO `molajo_view_group_permissions` (`id`, `view_group_id`, `catalog_id`, `action_id`) VALUES
(1, 5, 1, 3),
(2, 5, 2, 3),
(3, 5, 3, 3),
(4, 5, 4, 3),
(5, 5, 5, 3),
(6, 5, 6, 3),
(7, 5, 7, 3),
(8, 5, 8, 3),
(9, 1, 9, 3),
(10, 1, 10, 3),
(11, 1, 12, 3),
(12, 1, 13, 3),
(13, 1, 15, 3),
(14, 1, 16, 3),
(15, 1, 17, 3),
(16, 1, 18, 3),
(17, 1, 19, 3),
(18, 1, 20, 3),
(19, 1, 21, 3),
(20, 1, 22, 3),
(21, 1, 23, 3),
(22, 1, 24, 3),
(23, 1, 25, 3),
(24, 1, 26, 3),
(25, 1, 27, 3),
(26, 1, 28, 3),
(27, 1, 29, 3),
(28, 1, 30, 3),
(29, 1, 31, 3),
(30, 1, 32, 3),
(31, 1, 33, 3),
(32, 1, 34, 3),
(33, 1, 35, 3),
(34, 1, 36, 3),
(35, 1, 37, 3),
(36, 1, 38, 3),
(37, 1, 39, 3),
(38, 1, 40, 3),
(39, 1, 41, 3),
(40, 1, 42, 3),
(41, 1, 43, 3),
(42, 1, 44, 3),
(43, 1, 45, 3),
(44, 1, 46, 3),
(45, 1, 47, 3),
(46, 1, 48, 3),
(47, 1, 49, 3),
(48, 1, 50, 3),
(49, 1, 51, 3),
(50, 1, 52, 3),
(51, 1, 53, 3),
(52, 1, 54, 3),
(53, 1, 55, 3),
(54, 1, 56, 3),
(55, 1, 57, 3),
(56, 1, 58, 3),
(57, 1, 59, 3),
(58, 1, 60, 3),
(59, 1, 61, 3),
(60, 1, 62, 3),
(61, 1, 63, 3),
(62, 1, 64, 3),
(63, 1, 65, 3),
(64, 1, 66, 3),
(65, 1, 67, 3),
(66, 1, 68, 3),
(67, 1, 69, 3),
(68, 1, 70, 3),
(69, 1, 71, 3),
(70, 1, 72, 3),
(71, 1, 73, 3),
(72, 1, 74, 3),
(73, 1, 75, 3),
(74, 1, 76, 3),
(75, 1, 77, 3),
(76, 1, 78, 3),
(77, 1, 79, 3),
(78, 1, 80, 3),
(79, 1, 81, 3),
(80, 1, 82, 3),
(81, 1, 83, 3),
(82, 1, 84, 3),
(83, 1, 85, 3),
(84, 1, 86, 3),
(85, 1, 87, 3),
(86, 1, 88, 3),
(87, 1, 89, 3),
(88, 1, 90, 3),
(89, 1, 91, 3),
(90, 1, 92, 3),
(91, 1, 93, 3),
(92, 1, 94, 3),
(93, 1, 95, 3),
(94, 1, 96, 3),
(95, 1, 97, 3),
(96, 1, 98, 3),
(97, 1, 99, 3),
(98, 1, 100, 3),
(99, 1, 101, 3),
(100, 1, 102, 3),
(101, 1, 103, 3),
(102, 1, 104, 3),
(103, 1, 105, 3),
(104, 1, 106, 3),
(105, 1, 107, 3),
(106, 1, 108, 3),
(107, 1, 109, 3),
(108, 1, 110, 3),
(109, 1, 111, 3),
(110, 1, 112, 3),
(111, 1, 113, 3),
(112, 1, 114, 3),
(113, 1, 115, 3),
(114, 1, 116, 3),
(115, 1, 117, 3),
(116, 1, 118, 3),
(117, 1, 119, 3),
(118, 1, 120, 3),
(119, 1, 121, 3),
(120, 1, 122, 3),
(121, 1, 123, 3),
(122, 1, 124, 3),
(123, 1, 125, 3),
(124, 1, 126, 3),
(125, 1, 127, 3),
(126, 1, 128, 3),
(127, 1, 129, 3),
(128, 1, 130, 3),
(129, 1, 131, 3),
(130, 1, 132, 3),
(131, 1, 133, 3),
(132, 1, 134, 3),
(133, 1, 135, 3),
(134, 1, 136, 3),
(135, 1, 137, 3),
(136, 1, 138, 3),
(137, 1, 139, 3),
(138, 1, 140, 3),
(139, 1, 141, 3),
(140, 1, 142, 3),
(141, 1, 143, 3),
(142, 1, 144, 3),
(143, 1, 145, 3),
(144, 1, 146, 3),
(145, 1, 147, 3),
(146, 1, 148, 3),
(147, 1, 149, 3),
(148, 1, 150, 3),
(149, 1, 151, 3),
(150, 1, 152, 3),
(151, 1, 153, 3),
(152, 1, 154, 3),
(153, 1, 155, 3),
(154, 1, 156, 3),
(155, 1, 157, 3),
(156, 1, 158, 3),
(157, 1, 159, 3),
(158, 1, 160, 3),
(159, 1, 161, 3),
(160, 1, 162, 3),
(161, 1, 163, 3),
(162, 1, 164, 3),
(163, 1, 165, 3),
(164, 1, 166, 3),
(165, 1, 167, 3),
(166, 1, 168, 3),
(167, 1, 169, 3),
(168, 1, 170, 3),
(169, 1, 270, 3),
(170, 1, 271, 3),
(171, 1, 272, 3),
(172, 1, 273, 3),
(173, 1, 274, 3),
(174, 1, 275, 3),
(175, 1, 276, 3),
(176, 1, 277, 3),
(177, 1, 278, 3),
(178, 1, 279, 3),
(179, 1, 286, 3),
(180, 1, 287, 3);

--
-- Constraints for dumped tables
--

--
-- Constraints for table `molajo_application_extension_instances`
--
ALTER TABLE `molajo_application_extension_instances`
  ADD CONSTRAINT `fk_application_extensions_applications` FOREIGN KEY (`application_id`) REFERENCES `molajo_applications` (`id`) ON DELETE NO ACTION ON UPDATE NO ACTION,
  ADD CONSTRAINT `fk_application_extension_instances_extension_instances` FOREIGN KEY (`extension_instance_id`) REFERENCES `molajo_extension_instances` (`id`) ON DELETE NO ACTION ON UPDATE NO ACTION;

--
-- Constraints for table `molajo_catalog`
--
ALTER TABLE `molajo_catalog`
  ADD CONSTRAINT `fk_catalog_catalog_types` FOREIGN KEY (`catalog_type_id`) REFERENCES `molajo_catalog_types` (`id`) ON DELETE NO ACTION ON UPDATE NO ACTION;

--
-- Constraints for table `molajo_catalog_activity`
--
ALTER TABLE `molajo_catalog_activity`
  ADD CONSTRAINT `fk_catalog_activity_catalog` FOREIGN KEY (`catalog_id`) REFERENCES `molajo_catalog` (`id`) ON DELETE NO ACTION ON UPDATE NO ACTION;

--
-- Constraints for table `molajo_catalog_categories`
--
ALTER TABLE `molajo_catalog_categories`
  ADD CONSTRAINT `fk_catalog_categories_catalog` FOREIGN KEY (`catalog_id`) REFERENCES `molajo_catalog` (`id`) ON DELETE NO ACTION ON UPDATE NO ACTION,
  ADD CONSTRAINT `fk_catalog_categories_categories` FOREIGN KEY (`category_id`) REFERENCES `molajo_content` (`id`) ON DELETE NO ACTION ON UPDATE NO ACTION;

--
-- Constraints for table `molajo_content`
--
ALTER TABLE `molajo_content`
  ADD CONSTRAINT `fk_content_extension_instances` FOREIGN KEY (`extension_instance_id`) REFERENCES `molajo_extension_instances` (`id`) ON DELETE NO ACTION ON UPDATE NO ACTION;

--
-- Constraints for table `molajo_extensions`
--
ALTER TABLE `molajo_extensions`
  ADD CONSTRAINT `fk_extensions_extension_sites` FOREIGN KEY (`extension_site_id`) REFERENCES `molajo_extension_sites` (`id`) ON DELETE NO ACTION ON UPDATE NO ACTION;

--
-- Constraints for table `molajo_extension_instances`
--
ALTER TABLE `molajo_extension_instances`
  ADD CONSTRAINT `fk_extension_instances_extensions` FOREIGN KEY (`extension_id`) REFERENCES `molajo_extensions` (`id`) ON DELETE NO ACTION ON UPDATE NO ACTION;

--
-- Constraints for table `molajo_group_view_groups`
--
ALTER TABLE `molajo_group_view_groups`
  ADD CONSTRAINT `fk_group_view_groups_groups` FOREIGN KEY (`group_id`) REFERENCES `molajo_content` (`id`) ON DELETE NO ACTION ON UPDATE NO ACTION,
  ADD CONSTRAINT `fk_group_view_groups_view_groups` FOREIGN KEY (`view_group_id`) REFERENCES `molajo_view_groups` (`id`) ON DELETE NO ACTION ON UPDATE NO ACTION;

--
-- Constraints for table `molajo_sessions`
--
ALTER TABLE `molajo_sessions`
  ADD CONSTRAINT `fk_sessions_applications` FOREIGN KEY (`application_id`) REFERENCES `molajo_applications` (`id`) ON DELETE NO ACTION ON UPDATE NO ACTION;

--
-- Constraints for table `molajo_site_applications`
--
ALTER TABLE `molajo_site_applications`
  ADD CONSTRAINT `fk_site_applications_applications` FOREIGN KEY (`application_id`) REFERENCES `molajo_applications` (`id`) ON DELETE NO ACTION ON UPDATE NO ACTION,
  ADD CONSTRAINT `fk_site_applications_sites` FOREIGN KEY (`site_id`) REFERENCES `molajo_sites` (`id`) ON DELETE NO ACTION ON UPDATE NO ACTION;

--
-- Constraints for table `molajo_site_extension_instances`
--
ALTER TABLE `molajo_site_extension_instances`
  ADD CONSTRAINT `fk_site_extension_instances_extension_instances` FOREIGN KEY (`extension_instance_id`) REFERENCES `molajo_extension_instances` (`id`) ON DELETE NO ACTION ON UPDATE NO ACTION,
  ADD CONSTRAINT `fk_site_extension_instances_sites` FOREIGN KEY (`site_id`) REFERENCES `molajo_sites` (`id`) ON DELETE NO ACTION ON UPDATE NO ACTION;

--
-- Constraints for table `molajo_user_applications`
--
ALTER TABLE `molajo_user_applications`
  ADD CONSTRAINT `fk_user_applications_applications` FOREIGN KEY (`application_id`) REFERENCES `molajo_applications` (`id`) ON DELETE NO ACTION ON UPDATE NO ACTION,
  ADD CONSTRAINT `fk_user_applications_users` FOREIGN KEY (`user_id`) REFERENCES `molajo_users` (`id`) ON DELETE NO ACTION ON UPDATE NO ACTION;

--
-- Constraints for table `molajo_user_groups`
--
ALTER TABLE `molajo_user_groups`
  ADD CONSTRAINT `fk_user_groups_groups` FOREIGN KEY (`group_id`) REFERENCES `molajo_content` (`id`) ON DELETE NO ACTION ON UPDATE NO ACTION,
  ADD CONSTRAINT `fk_user_groups_users` FOREIGN KEY (`user_id`) REFERENCES `molajo_users` (`id`) ON DELETE NO ACTION ON UPDATE NO ACTION;

--
-- Constraints for table `molajo_user_view_groups`
--
ALTER TABLE `molajo_user_view_groups`
  ADD CONSTRAINT `fk_user_view_groups_users` FOREIGN KEY (`user_id`) REFERENCES `molajo_users` (`id`) ON DELETE NO ACTION ON UPDATE NO ACTION,
  ADD CONSTRAINT `fk_user_view_groups_view_groups` FOREIGN KEY (`view_group_id`) REFERENCES `molajo_view_groups` (`id`) ON DELETE NO ACTION ON UPDATE NO ACTION;
