-- Host: localhost
-- Generation Time: Jan 28, 2015 at 01:17 PM
-- Server version: 5.5.29
-- PHP Version: 5.4.10

SET SQL_MODE="NO_AUTO_VALUE_ON_ZERO";
SET time_zone = "+00:00";

--
-- Table `molajo_catalog_types`
--

INSERT INTO `molajo_catalog_types` (`id`, `primary_category_id`, `title`, `alias`, `model_type`, `model_name`, `protected`) VALUES
  (1, 10, 'System', 'system', 'System', 'System', 1),
  (500, 12, 'Fields', 'fields', 'System', 'Fields', 1),
  (1000, 10, 'Sites', 'sites', 'System', 'Sites', 1),
  (2000, 11, 'Applications', 'applications', 'System', 'Applications', 1),
  (3000, 14, 'Users', 'users', 'System', 'Users', 1),
  (4000, 14, 'Permissions', 'permissions', 'System', 'Permissions', 1),
  (5000, 12, 'Plugins', 'plugins', 'System', 'Plugins', 1),
  (6000, 12, 'Languages', 'languages', 'System', 'Languages', 1),
  (6500, 12, 'Languagestrings', 'languagestrings', 'System', 'Languagestrings', 1),
  (7000, 12, 'Themes', 'themes', 'System', 'Themes', 1),
  (8000, 12, 'Pageviews', 'pageviews', 'System', 'Views//Pages', 1),
  (9000, 12, 'Templateviews', 'templateviews', 'System', 'Views//Templates', 1),
  (10000, 12, 'Wrapviews', 'wrapviews', 'System', 'Views//Wraps', 1),
  (11000, 12, 'Menuitems', 'menuitems', 'System', 'Menuitems', 1),
  (12000, 12, 'Resources', 'resources', 'System', 'Resources', 1),
  (13000, 14, 'Groups', 'groups', 'Resource', 'Groups', 1);

--
-- Data for `molajo_sites`
--

INSERT INTO `molajo_sites` (`id`, `catalog_type_id`, `name`, `path`, `base_url`, `description`, `customfields`, `parameters`, `metadata`) VALUES
  (1, 1000, 'Site 1', 'site1', '', '', '', '', '');

--
-- Data for `molajo_applications`
--

INSERT INTO `molajo_applications` (`id`, `catalog_type_id`, `name`, `path`, `description`, `customfields`, `parameters`, `metadata`) VALUES
  (1, 2000, 'Site', '', 'Primary application for site visitors', '{}', '{\r\n    "application_name":"Site Application",\r\n    "application_home_catalog_id":"867",\r\n    "application_login_requirement":"0",\r\n    "application_google_analytics_code":"xxxx",\r\n    "application_html5":"1",\r\n    "application_help":"1",\r\n"application_default_theme_id":"7010",\r\n\r\n    "language":"en-GB",\r\n    "language_direction":"ltr",\r\n    "language_multilingual":"0",\r\n    "language_utc_offset":"UTC",\r\n\r\n    "system_cache_folder":"cache",\r\n    "system_logs_folder":"logs",\r\n    "system_temp_folder":"temp",\r\n    "system_temp_url":"temp",\r\n    "system_media_folder":"media",\r\n    "system_media_url":"media",\r\n\r\n    "mailer_transport":"mail",\r\n    "mailer_html_or_text":"text",\r\n    "mailer_disable_sending":"1",\r\n    "mailer_only_deliver_to":"spam@example.com,Example Name",\r\n    "mailer_mail_from":"spam@example.com,From Example Name",\r\n    "mailer_mail_reply_to":"spam@example.com,Reply to Example Name",\r\n    "mailer_send_mail":"/usr/sbin/mailer_send_mail",\r\n    "mailer_smtpauth":"0",\r\n    "mailer_smtpuser":"",\r\n    "mailer_smtppass":"",\r\n    "mailer_smtphost":"localhost",\r\n    "mailer_smtpsecure":"0",\r\n    "mailer_smtpport":"25",\r\n\r\n    "url_sef":"1",\r\n    "url_unicode_slugs":"0",\r\n    "url_force_ssl":"0",\r\n\r\n    "session_lifetime":"15",\r\n    "session_handler":" ",\r\n\r\n    "cache_service":"1",\r\n    "cache_time":"60",\r\n    "cache_handler":"file",\r\n    "cache_model":"1",\r\n    "cache_query":"1",\r\n    "cache_template":"1",\r\n    "cache_page":"1",\r\n\r\n    "cookie_domain":"0",\r\n    "cookie_path":"",\r\n\r\n    "user_disable_filter_for_groups":"1",\r\n    "user_default_view_access_level":"1",\r\n    "user_new_user_require_administrator_approval":"1",\r\n    "user_new_user_require_email_validation":"0",\r\n    "user_new_user_require_unique_email_address":"1",\r\n    "user_allow_email_address_for_username":"1",\r\n\r\n    "log_user_update_activity":"1",\r\n    "log_user_view_activity":"0",\r\n    "log_catalog_update_activity":"1",\r\n    "log_catalog_view_activity":"0",\r\n\r\n    "gravatar":"1",\r\n    "gravatar_size":"50",\r\n    "gravatar_type":"mm",\r\n    "gravatar_rating":"pg",\r\n    "gravatar_image":"1",\r\n\r\n    "criteria_title":"Site Application",\r\n    "criteria_display_view_on_no_results":"0",\r\n    "criteria_snippet_length":"150",\r\n    "criteria_status":"1,2",\r\n    "criteria_catalog_type_id":"",\r\n    "criteria_extension_instance_id":"",\r\n\r\n    "image_thumbnail_width":"50",\r\n    "image_thumbnail_height":"50",\r\n    "image_small_width":"100",\r\n    "image_small_height":"100",\r\n    "image_medium_width":"300",\r\n    "image_medium_height":"300",\r\n    "image_large_width":"500",\r\n    "image_large_height":"500",\r\n    "image_resized_image_subfolder":"Thumbs",\r\n\r\n    "head_template_view_id":"9680",\r\n    "head_wrap_view_id":"10120",\r\n    "head_enable_use":"1",\r\n\r\n    "defer_template_view_id":"9300",\r\n    "defer_wrap_view_id":"10120",\r\n    "defer_enable_use":"1",\r\n\r\n    "asset_css_combine_and_minify":"1",\r\n    "asset_js_combine_and_minify":"1",\r\n    "asset_use_extension_css":"1",\r\n    "asset_use_extension_js":"1",\r\n\r\n    "asset_priority_site":"100",\r\n    "asset_priority_application":"200",\r\n    "asset_priority_user":"300",\r\n    "asset_priority_extension":"400",\r\n    "asset_priority_request":"500",\r\n    "asset_priority_primary_category":"600",\r\n    "asset_priority_menuitem":"700",\r\n    "asset_priority_list":"700",\r\n    "asset_priority_item":"800",\r\n    "asset_priority_theme":"900",\r\n\r\n    "message_template_view_id":"9415",\r\n    "message_wrap_view_id":"10040",\r\n\r\n    "offline_theme_id":"7010",\r\n    "offline_page_view_id":"8250",\r\n    "offline":"1",\r\n    "offline_message":"This site is not available.",\r\n\r\n    "error_theme_id":"7010",\r\n    "error_page_view_id":"8250",\r\n    "error_404_message":"Page not found",\r\n    "error_403_message":"Not authorised",\r\n\r\n    "uibuttondropdown":"9465",\r\n    "uibutton":"9470",\r\n    "uibuttongroup":"9475",\r\n\r\n    "uielementsaccordion":"9480",\r\n    "uielementsalerts":"9485",\r\n    "uielementscarousel":"9490",\r\n    "uielementslabels":"9495",\r\n    "uielementsmodal":"9500",\r\n    "uielementspane":"",\r\n    "uielementspanel":"9505",\r\n    "uielementstooltips":"9520",\r\n    "uielementsprogress":"",\r\n\r\n    "uinavigationbreadcrumbs":"9530",\r\n    "uinavigationlinklist":"9535",\r\n    "uinavigationnavbar":"9540",\r\n    "uinavigationpager":"9550",\r\n    "uinavigationpagination":"9555",\r\n    "uinavigationsidenav":"9565",\r\n    "uinavigationsubnav":"9570",\r\n    "uinavigationtab":"9575",\r\n    "uinavigationtabgroup":"",\r\n    "uinavigationverticalnav":"9585",\r\n\r\n    "uimodal":"10150",\r\n\r\n    "uitabgroupclass":"",\r\n\r\n    "enable_content_draft_save":"1",\r\n    "enable_content_version_history":"1",\r\n    "enable_content_retain_versions_after_delete":"1",\r\n    "enable_content_maximum_version_count":"5",\r\n    "enable_response_hit_counts":"1",\r\n    "enable_response_comments":"1",\r\n    "enable_response_comment_form_open_days":"30",\r\n    "enable_protection_spam_guard":"1",\r\n    "enable_response_ratings":"1",\r\n    "enable_response_notifications":"1",\r\n    "enable_broadcast_tweets":"1",\r\n    "enable_broadcast_ping":"1",\r\n    "enable_captcha_option":"0",\r\n\r\n    "form_theme_id":"",\r\n    "form_page_view_id":"8265",\r\n    "form_page_view_css_id":"",\r\n    "form_page_view_css_class":"",\r\n    "form_template_view_id":"9310",\r\n    "form_template_view_css_id":"",\r\n    "form_template_view_css_class":"",\r\n    "form_wrap_view_id":"10050",\r\n    "form_wrap_view_css_id":"",\r\n    "form_wrap_view_css_class":"",\r\n    "form_wrap_view_role":"",\r\n    "form_wrap_view_property":"",\r\n\r\n    "item_theme_id":"",\r\n    "item_page_view_id":"8265",\r\n    "item_page_view_css_id":"",\r\n    "item_page_view_css_class":"",\r\n    "item_template_view_id":"9710",\r\n    "item_template_view_css_id":"",\r\n    "item_template_view_css_class":"",\r\n    "item_wrap_view_id":"10010",\r\n    "item_wrap_view_css_id":"",\r\n    "item_wrap_view_css_class":"",\r\n    "item_wrap_view_role":"main",\r\n    "item_wrap_view_property":"",\r\n\r\n    "list_theme_id":"",\r\n    "list_page_view_id":"8230",\r\n    "list_page_view_css_id":"",\r\n    "list_page_view_css_class":"",\r\n    "list_template_view_id":"9230",\r\n    "list_template_view_css_id":"",\r\n    "list_template_view_css_class":"",\r\n    "list_wrap_view_id":"10140",\r\n    "list_wrap_view_css_id":"",\r\n    "list_wrap_view_css_class":"",\r\n    "list_wrap_view_role":"main",\r\n    "list_wrap_view_property":"",\r\n\r\n    "profiler_service":"0",\r\n    "profiler_error_reporting":"0",\r\n    "profiler_verbose":"1",\r\n    "profiler_start_with":"Initialise",\r\n    "profiler_end_with":"Response",\r\n    "profiler_output":"Actions,Application,Authorisation,Queries,Rendering,Routing,Services,Plugins",\r\n    "profiler_output_queries_table_registry":"0",\r\n    "profiler_output_queries_sql":"1",\r\n    "profiler_output_queries_query_results":"1",\r\n    "profiler_console_template_view_id":"1385",\r\n    "profiler_console_wrap_view_id":"10120",\r\n    "profiler_log":"echo",\r\n    "profiler_text_file":"",\r\n    "profiler_text_file_path":"",\r\n    "profiler_text_file_no_php":"",\r\n    "profiler_database_table":"",\r\n    "profiler_messages_namespace":"",\r\n    "profiler_email_subject":"",\r\n    "profiler_email_to":"",\r\n\r\n    "page_type":"",\r\n    "menuitem_theme_id":"",\r\n    "menuitem_page_view_id":"8230",\r\n    "menuitem_page_view_css_id":"",\r\n    "menuitem_page_view_css_class":"",\r\n    "menuitem_template_view_id":"9366",\r\n    "menuitem_template_view_css_id":"",\r\n    "menuitem_template_view_css_class":"",\r\n    "menuitem_wrap_view_id":"10140",\r\n    "menuitem_wrap_view_css_id":"",\r\n    "menuitem_wrap_view_css_class":"",\r\n    "menuitem_wrap_view_role":"",\r\n    "menuitem_wrap_view_property":""\r\n}', '{"title":"", \r\n"description":"", \r\n"keywords":"", \r\n"robots":"follow,index", \r\n"author":""}     '),
  (2, 2000, 'Admin', 'admin', 'Administrative Application Entry Point', '{}', '{\r\n    "application_name":"Molajo Administrator",\r\n    "application_home_catalog_id":"1072",\r\n    "application_default_theme_id":"7010",\r\n    "application_login_requirement":"1",\r\n    "application_help":"1",\r\n    "application_google_analytics_code":"xxxx",\r\n    "application_html5":"1",\r\n\r\n    "url_sef":"1",\r\n    "url_unicode_slugs":"0",\r\n    "url_force_ssl":"0",\r\n\r\n    "language":"en-GB",\r\n    "language_direction":"ltr",\r\n    "language_multilingual":"0",\r\n    "language_utc_offset":"UTC",\r\n\r\n    "system_cache_folder":"Cache",\r\n    "system_logs_folder":"Logs",\r\n    "system_temp_folder":"Temp",\r\n    "system_temp_url":"Temp",\r\n    "system_media_folder":"Media",\r\n    "system_media_url":"Media",\r\n\r\n    "mailer_transport":"mail",\r\n    "mailer_disable_sending":"0",\r\n    "mailer_only_deliver_to":"AmyStephen@gmail.com,Example Name",\r\n    "mailer_mail_from":"AmyStephen@gmail.com,From Example Name",\r\n    "mailer_mail_reply_to":"AmyStephen@gmail.com,Reply to Example Name",\r\n\r\n    "mailer_send_mail":"/usr/sbin/mailer_send_mail",\r\n\r\n    "mailer_smtpauth":"1",\r\n    "mailer_smtpuser":"AmyStephen@gmail.com",\r\n    "mailer_smtphost":"smtp.gmail.com",\r\n    "mailer_smtppass":"",\r\n    "mailer_smtpsecure":"ssl",\r\n    "mailer_smtpport":"465",\r\n\r\n    "cache_service":"1",\r\n    "cache_time":"60",\r\n    "cache_handler":"file",\r\n    "cache_model":"1",\r\n    "cache_query":"1",\r\n    "cache_template":"1",\r\n    "cache_page":"1",\r\n\r\n    "session_lifetime":"15",\r\n    "session_handler":" ",\r\n\r\n    "cookie_domain":"0",\r\n    "cookie_path":"",\r\n\r\n    "log_user_update_activity":"1",\r\n    "log_user_view_activity":"0",\r\n    "log_catalog_update_activity":"1",\r\n    "log_catalog_view_activity":"0",\r\n\r\n    "user_disable_filter_for_groups":"1",\r\n    "user_default_view_access_level":"1",\r\n    "user_new_user_require_administrator_approval":"1",\r\n    "user_new_user_require_email_validation":"0",\r\n    "user_new_user_require_unique_email_address":"1",\r\n    "user_allow_email_address_for_username":"1",\r\n\r\n    "gravatar":"1",\r\n    "gravatar_size":"50",\r\n    "gravatar_type":"mm",\r\n    "gravatar_rating":"pg",\r\n    "gravatar_image":"1",\r\n\r\n    "image_thumbnail_width":"50",\r\n    "image_thumbnail_height":"50",\r\n    "image_small_width":"100",\r\n    "image_small_height":"100",\r\n    "image_medium_width":"300",\r\n    "image_medium_height":"300",\r\n    "image_large_width":"500",\r\n    "image_large_height":"500",\r\n    "image_resized_image_subfolder":"Thumbs",\r\n\r\n    "head_template_view_id":"9680",\r\n    "head_wrap_view_id":"10120",\r\n    "head_enable_use":"1",\r\n\r\n    "defer_template_view_id":"9300",\r\n    "defer_wrap_view_id":"10120",\r\n    "defer_enable_use":"1",\r\n\r\n    "message_template_view_id":"6510",\r\n    "message_wrap_view_id":"10150",\r\n\r\n    "offline_theme_id":"7010",\r\n    "offline_page_view_id":"8290",\r\n    "offline":"1",\r\n    "offline_message":"This site is not available.",\r\n\r\n    "error_theme_id":"7010",\r\n    "error_page_view_id":"8290",\r\n    "error_404_message":"Page not found",\r\n    "error_403_message":"Not authorised",\r\n\r\n    "asset_css_combine_and_minify":"1",\r\n    "asset_js_combine_and_minify":"1",\r\n    "asset_use_extension_css":"1",\r\n    "asset_use_extension_js":"1",\r\n\r\n    "asset_priority_site":"100",\r\n    "asset_priority_application":"200",\r\n    "asset_priority_user":"300",\r\n    "asset_priority_extension":"400",\r\n    "asset_priority_request":"500",\r\n    "asset_priority_primary_category":"600",\r\n    "asset_priority_menuitem":"700",\r\n    "asset_priority_list":"700",\r\n    "asset_priority_item":"800",\r\n    "asset_priority_theme":"900",\r\n\r\n    "criteria_title":"Administrator",\r\n    "criteria_display_view_on_no_results":"0",\r\n    "criteria_snippet_length":"150",\r\n    "criteria_status":"0,1,2",\r\n    "criteria_catalog_type_id":"",\r\n    "criteria_extension_instance_id":"",\r\n    "criteria_source_id":"",\r\n\r\n    "enable_content_draft_save":"1",\r\n    "enable_content_log_catalog_activity":"0",\r\n    "enable_content_maximum_version_count":"5",\r\n    "enable_content_retain_versions_after_delete":"1",\r\n    "enable_content_version_history":"1",\r\n\r\n    "enable_broadcast_notifications":"0",\r\n    "enable_broadcast_ping":"0",\r\n    "enable_broadcast_tweets":"0",\r\n    "enable_broadcast_feed":"0",\r\n\r\n    "enable_categorize_categories":"",\r\n    "enable_categorize_tags":"",\r\n\r\n    "enable_protection_bad_word_filter":"joomla",\r\n    "enable_protection_block_email_address":"joe@example.com",\r\n    "enable_protection_block_name":"Joe Smith,Betty Boop",\r\n    "enable_protection_flood_control_seconds":"120",\r\n    "enable_protection_ip_address":"",\r\n    "enable_protection_content_length":"1000",\r\n    "enable_protection_log_user_activity":"",\r\n    "enable_protection_spam_guard":"1",\r\n\r\n    "enable_response_comment_form_open_days":"90",\r\n    "enable_response_comments":"1",\r\n    "enable_response_hit_counts":"1",\r\n    "enable_response_ratings":"1",\r\n    "enable_response_subscriptions":"1",\r\n    "enable_response_vote_form_open_days":"90",\r\n    "enable_response_vote":"1",\r\n\r\n    "enable_system_ajax_access":"1",\r\n    "enable_system_search":"1",\r\n\r\n    "form_parent_menu_id":"11102",\r\n    "form_theme_id":"",\r\n    "form_page_view_id":"8050",\r\n    "form_page_view_css_id":"",\r\n    "form_page_view_css_class":"",\r\n    "form_template_view_id":"9310",\r\n    "form_template_view_css_id":"",\r\n    "form_template_view_css_class":"",\r\n    "form_wrap_view_id":"10050",\r\n    "form_wrap_view_css_id":"",\r\n    "form_wrap_view_css_class":"",\r\n    "form_wrap_view_role":"",\r\n    "form_wrap_view_property":"",\r\n    "form_model_name":"",\r\n    "form_model_type":"",\r\n    "form_model_query_object":"item",\r\n\r\n    "item_parent_menu_id":"",\r\n    "item_theme_id":"",\r\n    "item_page_view_id":"8230",\r\n    "item_page_view_css_id":"",\r\n    "item_page_view_css_class":"",\r\n    "item_template_view_id":"9710",\r\n    "item_template_view_css_id":"",\r\n    "item_template_view_css_class":"",\r\n    "item_wrap_view_id":"10010",\r\n    "item_wrap_view_css_id":"",\r\n    "item_wrap_view_css_class":"",\r\n    "item_wrap_view_role":"",\r\n    "item_wrap_view_property":"",\r\n    "item_model_name":"",\r\n    "item_model_type":"",\r\n    "item_model_query_object":"item",\r\n    \r\n    "list_parent_menu_id":"",\r\n    "list_theme_id":"",\r\n    "list_page_view_id":"8230",\r\n    "list_page_view_css_id":"",\r\n    "list_page_view_css_class":"",\r\n    "list_template_view_id":"9230",\r\n    "list_template_view_css_id":"",\r\n    "list_template_view_css_class":"",\r\n    "list_wrap_view_id":"10140",\r\n    "list_wrap_view_css_id":"",\r\n    "list_wrap_view_css_class":"",\r\n    "list_wrap_view_role":"",\r\n    "list_wrap_view_property":"",\r\n    "list_model_name":"",\r\n    "list_model_type":"",\r\n    "list_model_query_object":"list",\r\n    \r\n    "list_model_ordering":"title",\r\n    "list_model_ordering_direction":"ASC",\r\n    "list_model_offset":"0",\r\n    "list_model_count":"15",\r\n    "list_model_use_pagination":"1",\r\n\r\n    "profiler_service":"0",\r\n    "profiler_collect_missing_language_strings":"0",\r\n    "profiler_error_reporting":"0",\r\n    "profiler_verbose":"0",\r\n    "profiler_start_with":"Initialise",\r\n    "profiler_end_with":"Response",\r\n    "profiler_output":"Actions,Application,Authorisation,Queries,Rendering,Routing,Services,Plugins",\r\n    "profiler_output_queries_table_registry":"0",\r\n    "profiler_output_queries_sql":"0",\r\n    "profiler_output_queries_query_results":"0",\r\n    "profiler_console_template_view_id":"9430",\r\n    "profiler_console_wrap_view_id":"10120",\r\n    "profiler_log":"echo",\r\n    "profiler_text_file":"",\r\n    "profiler_text_file_path":"",\r\n    "profiler_text_file_no_php":"",\r\n    "profiler_database_table":"",\r\n    "profiler_messages_namespace":"",\r\n    "profiler_email_subject":"",\r\n    "profiler_email_to":"",\r\n\r\n    "uibuttondropdown":"9465",\r\n    "uibutton":"9470",\r\n    "uibuttongroup":"9475"\r\n}\r\n', '{"title":"Molajo Administrator", \r\n"description":"", \r\n"keywords":"", \r\n"robots":"follow,index", \r\n"author":""}        ');

--
-- Data for `molajo_site_applications`
--

INSERT INTO `molajo_site_applications` (`application_id`, `site_id`) VALUES
  (1, 1),
  (2, 1);

--
-- `molajo_extension_sites`
--

INSERT INTO `molajo_extension_sites` (`id`, `name`, `enabled`, `location`, `customfields`, `parameters`, `metadata`) VALUES
  (1, 'Molajo', 1, 'http://update.molajo.org/core.xml', '', '', NULL),
  (2, 'Molajito Extension Directory', 1, 'http://update.molajito.org/directory.xml', '', '', NULL);

--
-- Site Extension
--

INSERT INTO `molajo_extensions` (`id`, `extension_site_id`, `catalog_type_id`, `name`, `subtitle`, `language`, `translation_of_id`, `ordering`) VALUES
  (1000, 1, 1000, 'Sites', '', 'en-GB', 0, 1);

INSERT INTO `molajo_extension_instances` (`id`, `extension_id`, `catalog_type_id`, `title`, `subtitle`, `path`, `alias`, `menu`, `page_type`, `content_text`, `protected`, `featured`, `stickied`, `status`, `start_publishing_datetime`, `stop_publishing_datetime`, `version`, `version_of_id`, `status_prior_to_version`, `created_datetime`, `created_by`, `modified_datetime`, `modified_by`, `checked_out_datetime`, `checked_out_by`, `root`, `parent_id`, `lft`, `rgt`, `lvl`, `home`, `customfields`, `parameters`, `metadata`, `language`, `translation_of_id`, `ordering`) VALUES
  (1000, 1000, 1000, 'Sites', '', '', 'sites', '', 'List', '', 1, 0, 0, 1, '2015-01-15 08:00:00', '0000-00-00 00:00:00', 1, 0, 0, '2012-09-13 12:00:00', 0, '2012-09-13 12:00:00', 0, '0000-00-00 00:00:00', 0, 0, 0, 0, 0, 0, 0, '{}', '{\r\n   "criteria_title":"Sites",\r\n   "criteria_catalog_type_id":"1000",\r\n   "criteria_extension_instance_id":"1000",\r\n   "criteria_source_id":"",\r\n   "criteria_status":"0,1,2",\r\n   "criteria_snippet_length":"200",\r\n   "criteria_display_view_on_no_results":"1",\r\n   "enable_content_draft_save":"1",\r\n   "enable_content_log_catalog_activity":"0",\r\n   "enable_content_maximum_version_count":"5",\r\n   "enable_content_retain_versions_after_delete":"1",\r\n   "enable_content_version_history":"1",\r\n   "enable_broadcast_notifications":"0",\r\n   "enable_broadcast_ping":"0",\r\n   "enable_broadcast_tweets":"0",\r\n   "enable_broadcast_feed":"0",\r\n   "enable_categorize_categories":"",\r\n   "enable_categorize_tags":"",\r\n   "enable_protection_bad_word_filter":"shoot",\r\n   "enable_protection_block_email_address":"joe@example.com",\r\n   "enable_protection_block_name":"Joe Smith,Betty Boop",\r\n   "enable_protection_flood_control_seconds":"120",\r\n   "enable_protection_ip_address":"",\r\n   "enable_protection_content_length":"1000",\r\n   "enable_protection_log_user_activity":"",\r\n   "enable_protection_spam_guard":"1",\r\n   "enable_response_comment_form_open_days":"90",\r\n   "enable_response_comments":"1",\r\n   "enable_response_hit_counts":"1",\r\n   "enable_response_ratings":"1",\r\n   "enable_response_subscriptions":"1",\r\n   "enable_response_vote_form_open_days":"90",\r\n   "enable_response_vote":"1",\r\n   "enable_system_ajax_access":"1",\r\n   "enable_system_search":"1",\r\n   "edit_toolbar_buttons_new":"save,cancel",\r\n   "edit_toolbar_buttons_edit":"save,saveas,cancel,delete",\r\n   "edit_title_column1":"title",\r\n   "edit_title_column2":"alias",\r\n   "edit_title_column3":"subtitle",\r\n   "edit_title_column4":"status",\r\n   "edit_title_column5":"",\r\n   "edit_title_column6":"",\r\n   "edit_editor_column1":"content_text",\r\n   "edit_editor_column2":"",\r\n   "edit_editor_column3":"",\r\n   "edit_editor_column4":"",\r\n   "edit_editor_column5":"",\r\n   "edit_editor_column6":"",\r\n   "edit_editor_column7":"",\r\n   "edit_editor_column8":"",\r\n   "edit_editor_column9":"",\r\n   "edit_editor_column10":"",\r\n   "edit_editor_column11":"",\r\n   "edit_editor_column12":"",\r\n   "edit_editor_column13":"",\r\n   "edit_editor_column14":"",\r\n   "edit_editor_column15":"",\r\n   "edit_subeditor_column1":"modified_by",\r\n   "edit_subeditor_column2":"modified_datetime",\r\n   "edit_subeditor_column3":"version",\r\n   "edit_subeditor_column4":"version_of_id",\r\n   "edit_subeditor_column5":"",\r\n   "edit_sidebar1_column1":"created_by",\r\n   "edit_sidebar1_column2":"created_datetime",\r\n   "edit_sidebar1_column3":"start_publishing_datetime",\r\n   "edit_sidebar1_column4":"stop_publishing_datetime",\r\n   "edit_sidebar1_column5":"ordering",\r\n   "edit_sidebar1_column6":"",\r\n   "edit_sidebar1_column7":"",\r\n   "edit_sidebar1_column8":"",\r\n   "edit_sidebar1_column9":"",\r\n   "edit_sidebar1_column10":"",\r\n   "edit_sidebar1_column11":"",\r\n   "edit_sidebar1_column12":"",\r\n   "edit_sidebar1_column13":"",\r\n   "edit_sidebar1_column14":"",\r\n   "edit_sidebar1_column15":"",\r\n   "edit_sidebar2_column1":"featured",\r\n   "edit_sidebar2_column2":"stickied",\r\n   "edit_sidebar2_column3":"tags",\r\n   "edit_sidebar2_column4":"categories",\r\n   "edit_sidebar2_column5":"language",\r\n   "edit_sidebar2_column6":"translation_of_id",\r\n   "edit_sidebar2_column7":"enable_system_search",\r\n   "edit_sidebar2_column8":"",\r\n   "edit_sidebar2_column9":"",\r\n   "edit_sidebar2_column10":"",\r\n   "edit_sidebar2_column11":"",\r\n   "edit_sidebar2_column12":"",\r\n   "edit_sidebar2_column13":"",\r\n   "edit_sidebar2_column14":"",\r\n   "edit_sidebar2_column15":"",\r\n   "edit_sidebar3_column1":"metadata_title",\r\n   "edit_sidebar3_column2":"metadata_description",\r\n   "edit_sidebar3_column3":"metadata_keywords",\r\n   "edit_sidebar3_column4":"metadata_robots",\r\n   "edit_sidebar3_column5":"metadata_author",\r\n   "edit_sidebar3_column6":"metadata_content_rights",\r\n   "edit_sidebar3_column7":"",\r\n   "edit_sidebar3_column8":"",\r\n   "edit_sidebar3_column9":"",\r\n   "edit_sidebar3_column10":"",\r\n   "edit_sidebar3_column11":"",\r\n   "edit_sidebar3_column12":"",\r\n   "edit_sidebar3_column13":"",\r\n   "edit_sidebar3_column14":"",\r\n   "edit_sidebar3_column15":"",\r\n   "edit_sidebar4_column1":"enable_response_comments",\r\n   "edit_sidebar4_column2":"enable_response_comment_form_open_days",\r\n   "edit_sidebar4_column3":"enable_response_hit_counts",\r\n   "edit_sidebar4_column4":"enable_response_ratings",\r\n   "edit_sidebar4_column5":"enable_response_subscriptions",\r\n   "edit_sidebar4_column6":"enable_response_vote",\r\n   "edit_sidebar4_column7":"enable_response_vote_form_open_days",\r\n   "edit_sidebar4_column8":"",\r\n   "edit_sidebar4_column9":"",\r\n   "edit_sidebar4_column10":"",\r\n   "edit_sidebar4_column11":"",\r\n   "edit_sidebar4_column12":"",\r\n   "edit_sidebar4_column13":"",\r\n   "edit_sidebar4_column14":"",\r\n   "edit_sidebar4_column15":"",\r\n   "edit_footer_column1":"",\r\n   "edit_footer_column2":"",\r\n   "edit_footer_column3":"",\r\n   "edit_footer_column4":"",\r\n   "edit_footer_column5":"",\r\n   "form_parent_menu_id":"11136",\r\n   "form_theme_id":"",\r\n   "form_page_view_id":"8050",\r\n   "form_page_view_css_id":"",\r\n   "form_page_view_css_class":"",\r\n   "form_template_view_id":"9310",\r\n   "form_template_view_css_id":"",\r\n   "form_template_view_css_class":"",\r\n   "form_wrap_view_id":"10140",\r\n   "form_wrap_view_css_id":"",\r\n   "form_wrap_view_css_class":"",\r\n   "form_wrap_view_role":"",\r\n   "form_wrap_view_property":"",\r\n   "form_model_name":"Sites",\r\n   "form_model_type":"Resource",\r\n   "form_model_query_object":"item",\r\n   "item_parent_menu_id":"11136",\r\n   "item_theme_id":"",\r\n   "item_page_view_id":"8270",\r\n   "item_page_view_css_id":"",\r\n   "item_page_view_css_class":"",\r\n   "item_template_view_id":"9710",\r\n   "item_template_view_css_id":"",\r\n   "item_template_view_css_class":"",\r\n   "item_wrap_view_id":"",\r\n   "item_wrap_view_css_id":"",\r\n   "item_wrap_view_css_class":"",\r\n   "item_wrap_view_role":"",\r\n   "item_wrap_view_property":"",\r\n   "item_model_name":"Sites",\r\n   "item_model_type":"Primary",\r\n   "item_model_query_object":"Item",\r\n   "list_parent_menu_id":"",\r\n   "list_theme_id":"",\r\n   "list_page_view_id":"",\r\n   "list_page_view_css_id":"",\r\n   "list_page_view_css_class":"",\r\n   "list_template_view_id":"",\r\n   "list_template_view_css_id":"",\r\n   "list_template_view_css_class":"",\r\n   "list_wrap_view_id":"",\r\n   "list_wrap_view_css_id":"",\r\n   "list_wrap_view_css_class":"",\r\n   "list_wrap_view_role":"",\r\n   "list_wrap_view_property":"",\r\n   "list_model_name":"Sites",\r\n   "list_model_type":"Resource",\r\n   "list_model_query_object":"List",\r\n   "list_model_ordering":"",\r\n   "list_model_ordering_direction":"",\r\n   "list_model_offset":"0",\r\n   "list_model_count":"10",\r\n   "list_model_use_pagination":"1"\r\n}', '{\r\n   "metadata_title":"Sites",\r\n   "metadata_description":"",\r\n   "metadata_keywords":"",\r\n   "metadata_robots":"follow,index",\r\n   "metadata_author":""\r\n}', 'en-GB', 0, 1);

--
-- Application Extension
--

INSERT INTO `molajo_extensions` (`id`, `extension_site_id`, `catalog_type_id`, `name`, `subtitle`, `language`, `translation_of_id`, `ordering`) VALUES
  (2000, 1, 2000, 'Applications', '', 'en-GB', 0, 1);

INSERT INTO `molajo_extension_instances` (`id`, `extension_id`, `catalog_type_id`, `title`, `subtitle`, `path`, `alias`, `menu`, `page_type`, `content_text`, `protected`, `featured`, `stickied`, `status`, `start_publishing_datetime`, `stop_publishing_datetime`, `version`, `version_of_id`, `status_prior_to_version`, `created_datetime`, `created_by`, `modified_datetime`, `modified_by`, `checked_out_datetime`, `checked_out_by`, `root`, `parent_id`, `lft`, `rgt`, `lvl`, `home`, `customfields`, `parameters`, `metadata`, `language`, `translation_of_id`, `ordering`) VALUES
  (2000, 2000, 2000, 'Applications', '', '', 'applications', '', 'List', '', 1, 0, 0, 1, '2015-01-15 08:00:00', '0000-00-00 00:00:00', 1, 0, 0, '2012-09-13 12:00:00', 0, '2012-09-13 12:00:00', 0, '0000-00-00 00:00:00', 0, 0, 0, 0, 0, 0, 0, '{}', '{\r\n   "criteria_title":"Applications",\r\n   "criteria_catalog_type_id":"24000",\r\n   "criteria_extension_instance_id":"24000",\r\n   "criteria_source_id":"",\r\n   "criteria_status":"0,1,2",\r\n   "criteria_snippet_length":"200",\r\n   "criteria_display_view_on_no_results":"1",\r\n   "enable_content_draft_save":"1",\r\n   "enable_content_log_catalog_activity":"0",\r\n   "enable_content_maximum_version_count":"5",\r\n   "enable_content_retain_versions_after_delete":"1",\r\n   "enable_content_version_history":"1",\r\n   "enable_broadcast_notifications":"0",\r\n   "enable_broadcast_ping":"0",\r\n   "enable_broadcast_tweets":"0",\r\n   "enable_broadcast_feed":"0",\r\n   "enable_categorize_categories":"",\r\n   "enable_categorize_tags":"",\r\n   "enable_protection_bad_word_filter":"shoot",\r\n   "enable_protection_block_email_address":"joe@example.com",\r\n   "enable_protection_block_name":"Joe Smith,Betty Boop",\r\n   "enable_protection_flood_control_seconds":"120",\r\n   "enable_protection_ip_address":"",\r\n   "enable_protection_content_length":"1000",\r\n   "enable_protection_log_user_activity":"",\r\n   "enable_protection_spam_guard":"1",\r\n   "enable_response_comment_form_open_days":"90",\r\n   "enable_response_comments":"1",\r\n   "enable_response_hit_counts":"1",\r\n   "enable_response_ratings":"1",\r\n   "enable_response_subscriptions":"1",\r\n   "enable_response_vote_form_open_days":"90",\r\n   "enable_response_vote":"1",\r\n   "enable_system_ajax_access":"1",\r\n   "enable_system_search":"1",\r\n   "edit_toolbar_buttons_new":"save,cancel",\r\n   "edit_toolbar_buttons_edit":"save,saveas,cancel,delete",\r\n   "edit_title_column1":"title",\r\n   "edit_title_column2":"alias",\r\n   "edit_title_column3":"subtitle",\r\n   "edit_title_column4":"status",\r\n   "edit_title_column5":"",\r\n   "edit_title_column6":"",\r\n   "edit_editor_column1":"content_text",\r\n   "edit_editor_column2":"",\r\n   "edit_editor_column3":"",\r\n   "edit_editor_column4":"",\r\n   "edit_editor_column5":"",\r\n   "edit_editor_column6":"",\r\n   "edit_editor_column7":"",\r\n   "edit_editor_column8":"",\r\n   "edit_editor_column9":"",\r\n   "edit_editor_column10":"",\r\n   "edit_editor_column11":"",\r\n   "edit_editor_column12":"",\r\n   "edit_editor_column13":"",\r\n   "edit_editor_column14":"",\r\n   "edit_editor_column15":"",\r\n   "edit_subeditor_column1":"modified_by",\r\n   "edit_subeditor_column2":"modified_datetime",\r\n   "edit_subeditor_column3":"version",\r\n   "edit_subeditor_column4":"version_of_id",\r\n   "edit_subeditor_column5":"",\r\n   "edit_sidebar1_column1":"created_by",\r\n   "edit_sidebar1_column2":"created_datetime",\r\n   "edit_sidebar1_column3":"start_publishing_datetime",\r\n   "edit_sidebar1_column4":"stop_publishing_datetime",\r\n   "edit_sidebar1_column5":"ordering",\r\n   "edit_sidebar1_column6":"",\r\n   "edit_sidebar1_column7":"",\r\n   "edit_sidebar1_column8":"",\r\n   "edit_sidebar1_column9":"",\r\n   "edit_sidebar1_column10":"",\r\n   "edit_sidebar1_column11":"",\r\n   "edit_sidebar1_column12":"",\r\n   "edit_sidebar1_column13":"",\r\n   "edit_sidebar1_column14":"",\r\n   "edit_sidebar1_column15":"",\r\n   "edit_sidebar2_column1":"featured",\r\n   "edit_sidebar2_column2":"stickied",\r\n   "edit_sidebar2_column3":"tags",\r\n   "edit_sidebar2_column4":"categories",\r\n   "edit_sidebar2_column5":"language",\r\n   "edit_sidebar2_column6":"translation_of_id",\r\n   "edit_sidebar2_column7":"enable_system_search",\r\n   "edit_sidebar2_column8":"",\r\n   "edit_sidebar2_column9":"",\r\n   "edit_sidebar2_column10":"",\r\n   "edit_sidebar2_column11":"",\r\n   "edit_sidebar2_column12":"",\r\n   "edit_sidebar2_column13":"",\r\n   "edit_sidebar2_column14":"",\r\n   "edit_sidebar2_column15":"",\r\n   "edit_sidebar3_column1":"metadata_title",\r\n   "edit_sidebar3_column2":"metadata_description",\r\n   "edit_sidebar3_column3":"metadata_keywords",\r\n   "edit_sidebar3_column4":"metadata_robots",\r\n   "edit_sidebar3_column5":"metadata_author",\r\n   "edit_sidebar3_column6":"metadata_content_rights",\r\n   "edit_sidebar3_column7":"",\r\n   "edit_sidebar3_column8":"",\r\n   "edit_sidebar3_column9":"",\r\n   "edit_sidebar3_column10":"",\r\n   "edit_sidebar3_column11":"",\r\n   "edit_sidebar3_column12":"",\r\n   "edit_sidebar3_column13":"",\r\n   "edit_sidebar3_column14":"",\r\n   "edit_sidebar3_column15":"",\r\n   "edit_sidebar4_column1":"enable_response_comments",\r\n   "edit_sidebar4_column2":"enable_response_comment_form_open_days",\r\n   "edit_sidebar4_column3":"enable_response_hit_counts",\r\n   "edit_sidebar4_column4":"enable_response_ratings",\r\n   "edit_sidebar4_column5":"enable_response_subscriptions",\r\n   "edit_sidebar4_column6":"enable_response_vote",\r\n   "edit_sidebar4_column7":"enable_response_vote_form_open_days",\r\n   "edit_sidebar4_column8":"",\r\n   "edit_sidebar4_column9":"",\r\n   "edit_sidebar4_column10":"",\r\n   "edit_sidebar4_column11":"",\r\n   "edit_sidebar4_column12":"",\r\n   "edit_sidebar4_column13":"",\r\n   "edit_sidebar4_column14":"",\r\n   "edit_sidebar4_column15":"",\r\n   "edit_footer_column1":"",\r\n   "edit_footer_column2":"",\r\n   "edit_footer_column3":"",\r\n   "edit_footer_column4":"",\r\n   "edit_footer_column5":"",\r\n   "form_parent_menu_id":"11138",\r\n   "form_theme_id":"",\r\n   "form_page_view_id":"8050",\r\n   "form_page_view_css_id":"",\r\n   "form_page_view_css_class":"",\r\n   "form_template_view_id":"9310",\r\n   "form_template_view_css_id":"",\r\n   "form_template_view_css_class":"",\r\n   "form_wrap_view_id":"10140",\r\n   "form_wrap_view_css_id":"",\r\n   "form_wrap_view_css_class":"",\r\n   "form_wrap_view_role":"",\r\n   "form_wrap_view_property":"",\r\n   "form_model_name":"Applications",\r\n   "form_model_type":"Resource",\r\n   "form_model_query_object":"item",\r\n   "item_parent_menu_id":"11138",\r\n   "item_theme_id":"",\r\n   "item_page_view_id":"8270",\r\n   "item_page_view_css_id":"",\r\n   "item_page_view_css_class":"",\r\n   "item_template_view_id":"9710",\r\n   "item_template_view_css_id":"",\r\n   "item_template_view_css_class":"",\r\n   "item_wrap_view_id":"",\r\n   "item_wrap_view_css_id":"",\r\n   "item_wrap_view_css_class":"",\r\n   "item_wrap_view_role":"",\r\n   "item_wrap_view_property":"",\r\n   "item_model_name":"Applications",\r\n   "item_model_type":"Primary",\r\n   "item_model_query_object":"Item",\r\n   "list_parent_menu_id":"",\r\n   "list_theme_id":"",\r\n   "list_page_view_id":"",\r\n   "list_page_view_css_id":"",\r\n   "list_page_view_css_class":"",\r\n   "list_template_view_id":"",\r\n   "list_template_view_css_id":"",\r\n   "list_template_view_css_class":"",\r\n   "list_wrap_view_id":"",\r\n   "list_wrap_view_css_id":"",\r\n   "list_wrap_view_css_class":"",\r\n   "list_wrap_view_role":"",\r\n   "list_wrap_view_property":"",\r\n   "list_model_name":"Applications",\r\n   "list_model_type":"Resource",\r\n   "list_model_query_object":"List",\r\n   "list_model_ordering":"",\r\n   "list_model_ordering_direction":"",\r\n   "list_model_offset":"0",\r\n   "list_model_count":"10",\r\n   "list_model_use_pagination":"1"\r\n}', '{\r\n   "metadata_title":"Applications",\r\n   "metadata_description":"",\r\n   "metadata_keywords":"",\r\n   "metadata_robots":"follow,index",\r\n   "metadata_author":""\r\n}', 'en-GB', 0, 2);

--
-- Menuitem Extensions
--

INSERT INTO `molajo_extensions` (`id`, `extension_site_id`, `catalog_type_id`, `name`, `subtitle`, `language`, `translation_of_id`, `ordering`) VALUES
  (11000, 1, 11000, 'Menuitems', '', 'en-GB', 0, 1);

INSERT INTO `molajo_extension_instances` (`id`, `extension_id`, `catalog_type_id`, `title`, `subtitle`, `path`, `alias`, `menu`, `page_type`, `content_text`, `protected`, `featured`, `stickied`, `status`, `start_publishing_datetime`, `stop_publishing_datetime`, `version`, `version_of_id`, `status_prior_to_version`, `created_datetime`, `created_by`, `modified_datetime`, `modified_by`, `checked_out_datetime`, `checked_out_by`, `root`, `parent_id`, `lft`, `rgt`, `lvl`, `home`, `customfields`, `parameters`, `metadata`, `language`, `translation_of_id`, `ordering`) VALUES
  (11000, 11000, 11000, 'Menuitems', '', '', 'menuitems', '', 'List', '', 1, 0, 0, 1, '2015-01-15 08:00:00', '0000-00-00 00:00:00', 1, 0, 0, '2012-09-13 12:00:00', 0, '2012-09-13 12:00:00', 0, '0000-00-00 00:00:00', 0, 0, 0, 0, 0, 0, 0, '{}', '{\r\n   "criteria_title":"Menuitems",\r\n   "criteria_catalog_type_id":"11000",\r\n   "criteria_extension_instance_id":"11000",\r\n   "criteria_source_id":"",\r\n   "criteria_status":"0,1,2",\r\n   "criteria_snippet_length":"200",\r\n   "criteria_display_view_on_no_results":"1",\r\n   "enable_content_draft_save":"1",\r\n   "enable_content_log_catalog_activity":"0",\r\n   "enable_content_maximum_version_count":"5",\r\n   "enable_content_retain_versions_after_delete":"1",\r\n   "enable_content_version_history":"1",\r\n   "enable_broadcast_notifications":"0",\r\n   "enable_broadcast_ping":"0",\r\n   "enable_broadcast_tweets":"0",\r\n   "enable_broadcast_feed":"0",\r\n   "enable_categorize_categories":"",\r\n   "enable_categorize_tags":"",\r\n   "enable_protection_bad_word_filter":"shoot",\r\n   "enable_protection_block_email_address":"joe@example.com",\r\n   "enable_protection_block_name":"Joe Smith,Betty Boop",\r\n   "enable_protection_flood_control_seconds":"120",\r\n   "enable_protection_ip_address":"",\r\n   "enable_protection_content_length":"1000",\r\n   "enable_protection_log_user_activity":"",\r\n   "enable_protection_spam_guard":"1",\r\n   "enable_response_comment_form_open_days":"90",\r\n   "enable_response_comments":"1",\r\n   "enable_response_hit_counts":"1",\r\n   "enable_response_ratings":"1",\r\n   "enable_response_subscriptions":"1",\r\n   "enable_response_vote_form_open_days":"90",\r\n   "enable_response_vote":"1",\r\n   "enable_system_ajax_access":"1",\r\n   "enable_system_search":"1",\r\n   "edit_toolbar_buttons_new":"save,cancel",\r\n   "edit_toolbar_buttons_edit":"save,saveas,cancel,delete",\r\n   "edit_title_column1":"title",\r\n   "edit_title_column2":"alias",\r\n   "edit_title_column3":"subtitle",\r\n   "edit_title_column4":"status",\r\n   "edit_title_column5":"",\r\n   "edit_title_column6":"",\r\n   "edit_editor_column1":"content_text",\r\n   "edit_editor_column2":"",\r\n   "edit_editor_column3":"",\r\n   "edit_editor_column4":"",\r\n   "edit_editor_column5":"",\r\n   "edit_editor_column6":"",\r\n   "edit_editor_column7":"",\r\n   "edit_editor_column8":"",\r\n   "edit_editor_column9":"",\r\n   "edit_editor_column10":"",\r\n   "edit_editor_column11":"",\r\n   "edit_editor_column12":"",\r\n   "edit_editor_column13":"",\r\n   "edit_editor_column14":"",\r\n   "edit_editor_column15":"",\r\n   "edit_subeditor_column1":"modified_by",\r\n   "edit_subeditor_column2":"modified_datetime",\r\n   "edit_subeditor_column3":"version",\r\n   "edit_subeditor_column4":"version_of_id",\r\n   "edit_subeditor_column5":"",\r\n   "edit_sidebar1_column1":"created_by",\r\n   "edit_sidebar1_column2":"created_datetime",\r\n   "edit_sidebar1_column3":"start_publishing_datetime",\r\n   "edit_sidebar1_column4":"stop_publishing_datetime",\r\n   "edit_sidebar1_column5":"ordering",\r\n   "edit_sidebar1_column6":"",\r\n   "edit_sidebar1_column7":"",\r\n   "edit_sidebar1_column8":"",\r\n   "edit_sidebar1_column9":"",\r\n   "edit_sidebar1_column10":"",\r\n   "edit_sidebar1_column11":"",\r\n   "edit_sidebar1_column12":"",\r\n   "edit_sidebar1_column13":"",\r\n   "edit_sidebar1_column14":"",\r\n   "edit_sidebar1_column15":"",\r\n   "edit_sidebar2_column1":"featured",\r\n   "edit_sidebar2_column2":"stickied",\r\n   "edit_sidebar2_column3":"tags",\r\n   "edit_sidebar2_column4":"categories",\r\n   "edit_sidebar2_column5":"language",\r\n   "edit_sidebar2_column6":"translation_of_id",\r\n   "edit_sidebar2_column7":"enable_system_search",\r\n   "edit_sidebar2_column8":"",\r\n   "edit_sidebar2_column9":"",\r\n   "edit_sidebar2_column10":"",\r\n   "edit_sidebar2_column11":"",\r\n   "edit_sidebar2_column12":"",\r\n   "edit_sidebar2_column13":"",\r\n   "edit_sidebar2_column14":"",\r\n   "edit_sidebar2_column15":"",\r\n   "edit_sidebar3_column1":"metadata_title",\r\n   "edit_sidebar3_column2":"metadata_description",\r\n   "edit_sidebar3_column3":"metadata_keywords",\r\n   "edit_sidebar3_column4":"metadata_robots",\r\n   "edit_sidebar3_column5":"metadata_author",\r\n   "edit_sidebar3_column6":"metadata_content_rights",\r\n   "edit_sidebar3_column7":"",\r\n   "edit_sidebar3_column8":"",\r\n   "edit_sidebar3_column9":"",\r\n   "edit_sidebar3_column10":"",\r\n   "edit_sidebar3_column11":"",\r\n   "edit_sidebar3_column12":"",\r\n   "edit_sidebar3_column13":"",\r\n   "edit_sidebar3_column14":"",\r\n   "edit_sidebar3_column15":"",\r\n   "edit_sidebar4_column1":"enable_response_comments",\r\n   "edit_sidebar4_column2":"enable_response_comment_form_open_days",\r\n   "edit_sidebar4_column3":"enable_response_hit_counts",\r\n   "edit_sidebar4_column4":"enable_response_ratings",\r\n   "edit_sidebar4_column5":"enable_response_subscriptions",\r\n   "edit_sidebar4_column6":"enable_response_vote",\r\n   "edit_sidebar4_column7":"enable_response_vote_form_open_days",\r\n   "edit_sidebar4_column8":"",\r\n   "edit_sidebar4_column9":"",\r\n   "edit_sidebar4_column10":"",\r\n   "edit_sidebar4_column11":"",\r\n   "edit_sidebar4_column12":"",\r\n   "edit_sidebar4_column13":"",\r\n   "edit_sidebar4_column14":"",\r\n   "edit_sidebar4_column15":"",\r\n   "edit_footer_column1":"",\r\n   "edit_footer_column2":"",\r\n   "edit_footer_column3":"",\r\n   "edit_footer_column4":"",\r\n   "edit_footer_column5":"",\r\n   "form_parent_menu_id":"11130",\r\n   "form_theme_id":"",\r\n   "form_page_view_id":"8050",\r\n   "form_page_view_css_id":"",\r\n   "form_page_view_css_class":"",\r\n   "form_template_view_id":"9310",\r\n   "form_template_view_css_id":"",\r\n   "form_template_view_css_class":"",\r\n   "form_wrap_view_id":"10140",\r\n   "form_wrap_view_css_id":"",\r\n   "form_wrap_view_css_class":"",\r\n   "form_wrap_view_role":"",\r\n   "form_wrap_view_property":"",\r\n   "form_model_name":"Menuitems",\r\n   "form_model_type":"Resource",\r\n   "form_model_query_object":"item",\r\n   "item_parent_menu_id":"11130",\r\n   "item_theme_id":"",\r\n   "item_page_view_id":"8270",\r\n   "item_page_view_css_id":"",\r\n   "item_page_view_css_class":"",\r\n   "item_template_view_id":"9710",\r\n   "item_template_view_css_id":"",\r\n   "item_template_view_css_class":"",\r\n   "item_wrap_view_id":"",\r\n   "item_wrap_view_css_id":"",\r\n   "item_wrap_view_css_class":"",\r\n   "item_wrap_view_role":"",\r\n   "item_wrap_view_property":"",\r\n   "item_model_name":"Menuitems",\r\n   "item_model_type":"Primary",\r\n   "item_model_query_object":"Item",\r\n   "list_parent_menu_id":"",\r\n   "list_theme_id":"",\r\n   "list_page_view_id":"",\r\n   "list_page_view_css_id":"",\r\n   "list_page_view_css_class":"",\r\n   "list_template_view_id":"",\r\n   "list_template_view_css_id":"",\r\n   "list_template_view_css_class":"",\r\n   "list_wrap_view_id":"",\r\n   "list_wrap_view_css_id":"",\r\n   "list_wrap_view_css_class":"",\r\n   "list_wrap_view_role":"",\r\n   "list_wrap_view_property":"",\r\n   "list_model_name":"Menuitems",\r\n   "list_model_type":"Resource",\r\n   "list_model_query_object":"List",\r\n   "list_model_ordering":"",\r\n   "list_model_ordering_direction":"",\r\n   "list_model_offset":"0",\r\n   "list_model_count":"10",\r\n   "list_model_use_pagination":"1"\r\n}', '{\r\n   "metadata_title":"Menuitems",\r\n   "metadata_description":"",\r\n   "metadata_keywords":"",\r\n   "metadata_robots":"follow,index",\r\n   "metadata_author":""\r\n}', 'en-GB', 0, 1);

--
-- 'Menuadmin'
--

INSERT INTO `molajo_extensions` (`id`, `extension_site_id`, `catalog_type_id`, `name`, `subtitle`, `language`, `translation_of_id`, `ordering`) VALUES
  (11100, 1, 11000, 'Menuadmin', '', 'en-GB', 0, 1);

INSERT INTO `molajo_extension_instances` (`id`, `extension_id`, `catalog_type_id`, `title`, `root`, `parent_id`, `lft`, `rgt`, `lvl`, `subtitle`, `path`, `alias`, `menu`, `page_type`, `content_text`, `protected`, `featured`, `stickied`, `status`, `start_publishing_datetime`, `stop_publishing_datetime`, `version`, `version_of_id`, `status_prior_to_version`, `created_datetime`, `created_by`, `modified_datetime`, `modified_by`, `checked_out_datetime`, `checked_out_by`, `home`, `customfields`, `parameters`, `metadata`, `language`, `translation_of_id`, `ordering`) VALUES
  (11100, 11100, 11000, 'Molajo Administrator', 11100, 0, 1, 225, 1, '', '', '', 'Menuadmin', 'Dashboard', '', 1, 0, 0, 1, '2015-01-15 12:00:00', '0000-00-00 00:00:00', 1, 0, 0, '2015-01-15 12:00:00', 1, '0000-00-00 00:00:00', 0, '0000-00-00 00:00:00', 0, 1, '{}', '{\r\n        "dashboard_section":"Molajo",\r\n"dashboard_portlet":"Gallery,Contentlist,Custom,Feed,Video,Map,Bargraph,Quicklinks,Systeminfo,Gallery,Audio", \r\n\r\n        "configuration_page_class":"mobile",\r\n        "configuration_page_link_namespace":"config",\r\n"configuration_page_array":"{{Basic,basic}}{{Advanced,advanced}}{{Grid,grid}}{{Editor,editor}}{{Views,views}}{{Customfields,customfields}}{{Parameters,parameters}}{{Metadata,metadata}}",\r\n        "configuration_tab":"",\r\n        "configuration_page_basic":"criteria*,image*,gravatar*",\r\n        "configuration_page_advanced":"cache*",\r\n        "configuration_page_grid":"grid*",\r\n        "configuration_page_editor":"editor*",\r\n        "configuration_page_views":"assets*,item*,form*,enable*",\r\n        "configuration_page_customfields":"table_registry,customfields",\r\n        "configuration_page_parameters":"table_registry,parameters",\r\n        "configuration_page_metadata":"table_registry,metadata",\r\n\r\n"gravatar":"1",\r\n        "gravatar_size":"50",\r\n        "gravatar_type":"mm",\r\n        "gravatar_rating":"pg",\r\n        "gravatar_image":"1",\r\n\r\n        "criteria_title":"Molajo",\r\n        "criteria_display_view_on_no_results":"0",\r\n        "criteria_snippet_length":"150",\r\n        "criteria_status":"1,2",\r\n        "criteria_catalog_type_id":"",\r\n        "criteria_extension_instance_id":"",\r\n\r\n        "image_xsmall":"50,50",\r\n        "image_small":"75,75",\r\n        "image_medium":"150,150",\r\n        "image_large":"350,200",\r\n        "image_xlarge":"500,350",\r\n        "image_folder":"Images",\r\n        "image_thumb_folder":"Thumbs",\r\n\r\n        "asset_priority_site":"100",\r\n        "asset_priority_application":"200",\r\n        "asset_priority_user":"300",\r\n        "asset_priority_extension":"400",\r\n        "asset_priority_request":"500",\r\n        "asset_priority_primary_category":"600",\r\n        "asset_priority_menuitem":"700",\r\n        "asset_priority_list":"700",\r\n        "asset_priority_item":"800",\r\n        "asset_priority_theme":"900",\r\n\r\n        "page_type":"Dashboard",\r\n\r\n        "menuitem_source_id":"",\r\n        "menuitem_source_catalog_type_id":"",\r\n        "menuitem_extension_instance_id":"",\r\n\r\n        "menuitem_theme_id":"",\r\n        "menuitem_page_view_id":"8010",\r\n        "menuitem_page_view_css_id":"",\r\n        "menuitem_page_view_css_class":"",\r\n        "menuitem_template_view_id":"9035",\r\n        "menuitem_template_view_css_id":"",\r\n        "menuitem_template_view_css_class":"",\r\n        "menuitem_wrap_view_id":"",\r\n        "menuitem_wrap_view_css_id":"",\r\n        "menuitem_wrap_view_css_class":"",\r\n        "menuitem_wrap_view_role":"",\r\n        "menuitem_wrap_view_property":"",\r\n\r\n        "menuitem_model_type":"",\r\n        "menuitem_model_name":"",\r\n        "menuitem_model_query_object":"item",\r\n        "menuitem_model_offset":"0",\r\n        "menuitem_model_count":"0",\r\n        "menuitem_model_use_pagination":"1"\r\n}', NULL, 'en-GB', 0, 1);

INSERT INTO `molajo_extension_instances` (`id`, `extension_id`, `catalog_type_id`, `title`, `root`, `parent_id`, `lft`, `rgt`, `lvl`, `subtitle`, `path`, `alias`, `menu`, `page_type`, `content_text`, `protected`, `featured`, `stickied`, `status`, `start_publishing_datetime`, `stop_publishing_datetime`, `version`, `version_of_id`, `status_prior_to_version`, `created_datetime`, `created_by`, `modified_datetime`, `modified_by`, `checked_out_datetime`, `checked_out_by`, `home`, `customfields`, `parameters`, `metadata`, `language`, `translation_of_id`, `ordering`) VALUES
  (11101, 11100, 11000, 'Resources', 11100, 11100, 2, 50, 2, 'fi-pencil', '', 'resources-dashboard', 'Menuadmin', 'Dashboard', '', 1, 0, 0, 1, '2015-01-15 12:00:00', '0000-00-00 00:00:00', 1, 0, 0, '2015-01-15 12:00:00', 1, '0000-00-00 00:00:00', 0, '0000-00-00 00:00:00', 0, 0, '{}', '{\r\n    "1":{},\r\n    "2":{\r\n        "dashboard_page_class":"Mobile",\r\n        "dashboard_page_array":"{{Main,main}}{{Page,page}}{{Portlets,portlets}}",\r\n        "dashboard_page_main":"{{Main,nothing}}",\r\n        "dashboard_page_page":"{{Page,criteria*,metadata*}}",\r\n        "dashboard_page_portlets":"{{Portlets,portlets*}}",\r\n\r\n        "dashboard_section":"Resources",\r\n        "dashboard_portlet":"Contentlist,Custom,Video,Quicklinks",\r\n\r\n        "criteria_title":"Resources",\r\n        "criteria_display_view_on_no_results":"0",\r\n        "criteria_snippet_length":"150",\r\n        "criteria_status":"",\r\n        "criteria_catalog_type_id":"10000,20000,20000,30000,40000,50000,51000,20000,53000,54000",\r\n        "criteria_extension_instance_id":"1,2,4,5,6,8,9,10,13,15",\r\n\r\n        "page_type":"Dashboard",\r\n\r\n        "menuitem_source_id":"",\r\n        "menuitem_source_catalog_type_id":"",\r\n        "menuitem_extension_instance_id":"",\r\n\r\n        "menuitem_theme_id":"",\r\n\r\n        "menuitem_page_view_id":"8010",\r\n        "menuitem_page_view_css_id":"",\r\n        "menuitem_page_view_css_class":"",\r\n\r\n        "menuitem_template_view_id":"9035",\r\n        "menuitem_template_view_css_id":"",\r\n        "menuitem_template_view_css_class":"",\r\n\r\n        "menuitem_wrap_view_id":"10140",\r\n        "menuitem_wrap_view_css_id":"",\r\n        "menuitem_wrap_view_css_class":"",\r\n        "menuitem_wrap_view_role":"",\r\n        "menuitem_wrap_view_property":"",\r\n     \r\n        "menuitem_model_type":"Registry",\r\n        "menuitem_model_type":"Parameters",\r\n        "menuitem_model_query_object":"list",\r\n        "menuitem_model_offset":"0",\r\n        "menuitem_model_count":"0",\r\n        "menuitem_model_use_pagination":"1"\r\n    }\r\n}', NULL, 'en-GB', 0, 1),
  (11109, 11100, 11000, 'Media', 11100, 11100, 51, 92, 2, 'fi-photo', '', 'media-dashboard', 'Menuadmin', 'Dashboard', '', 1, 0, 0, 1, '2015-01-15 12:00:00', '0000-00-00 00:00:00', 1, 0, 0, '2015-01-15 12:00:00', 1, '0000-00-00 00:00:00', 0, '0000-00-00 00:00:00', 0, 0, '{}', '{\r\n    "1":{},\r\n    "2":{\r\n\r\n        "dashboard_section":"Media",\r\n"dashboard_portlet":"Gallery,Contentlist,Custom,Feed,Video,Map,Bargraph,Quicklinks,Systeminfo,Gallery,Audio", \r\n\r\n        "configuration_page_class":"mobile",\r\n        "configuration_page_link_namespace":"config",\r\n"configuration_page_array":"{{Basic,basic}}{{Advanced,advanced}}{{Grid,grid}}{{Editor,editor}}{{Views,views}}{{Customfields,customfields}}{{Parameters,parameters}}{{Metadata,metadata}}",\r\n        "configuration_tab":"",\r\n        "configuration_page_basic":"criteria*,image*,gravatar*",\r\n        "configuration_page_advanced":"cache*",\r\n        "configuration_page_grid":"grid*",\r\n        "configuration_page_editor":"editor*",\r\n        "configuration_page_views":"assets*,item*,form*,enable*",\r\n        "configuration_page_customfields":"table_registry,customfields",\r\n        "configuration_page_parameters":"table_registry,parameters",\r\n        "configuration_page_metadata":"table_registry,metadata",\r\n\r\n"gravatar":"1",\r\n        "gravatar_size":"50",\r\n        "gravatar_type":"mm",\r\n        "gravatar_rating":"pg",\r\n        "gravatar_image":"1",\r\n\r\n        "criteria_title":"Media",\r\n        "criteria_display_view_on_no_results":"0",\r\n        "criteria_snippet_length":"150",\r\n        "criteria_status":"1,2",\r\n        "criteria_catalog_type_id":"",\r\n        "criteria_extension_instance_id":"",\r\n\r\n        "image_xsmall":"50,50",\r\n        "image_small":"75,75",\r\n        "image_medium":"150,150",\r\n        "image_large":"350,200",\r\n        "image_xlarge":"500,350",\r\n        "image_folder":"Images",\r\n        "image_thumb_folder":"Thumbs",\r\n\r\n        "asset_priority_site":"100",\r\n        "asset_priority_application":"200",\r\n        "asset_priority_user":"300",\r\n        "asset_priority_extension":"400",\r\n        "asset_priority_request":"500",\r\n        "asset_priority_primary_category":"600",\r\n        "asset_priority_menuitem":"700",\r\n        "asset_priority_list":"700",\r\n        "asset_priority_item":"800",\r\n        "asset_priority_theme":"900",\r\n\r\n        "page_type":"Dashboard",\r\n\r\n        "menuitem_source_id":"",\r\n        "menuitem_source_catalog_type_id":"",\r\n        "menuitem_extension_instance_id":"",\r\n\r\n        "menuitem_theme_id":"",\r\n        "menuitem_page_view_id":"8010",\r\n        "menuitem_page_view_css_id":"",\r\n        "menuitem_page_view_css_class":"",\r\n        "menuitem_template_view_id":"1030",\r\n        "menuitem_template_view_css_id":"",\r\n        "menuitem_template_view_css_class":"",\r\n        "menuitem_wrap_view_id":"2100",\r\n        "menuitem_wrap_view_css_id":"",\r\n        "menuitem_wrap_view_css_class":"",\r\n        "menuitem_wrap_view_role":"",\r\n        "menuitem_wrap_view_property":"",\r\n      \r\n\r\n        "menuitem_model_type":"Registry",\r\n        "menuitem_model_type":"Parameters",\r\n        "menuitem_model_query_object":"list",\r\n        "menuitem_model_offset":"0",\r\n        "menuitem_model_count":"0",\r\n        "menuitem_model_use_pagination":"1"\r\n    }\r\n}', NULL, 'en-GB', 0, 2),
  (11120, 11100, 11000, 'Access', 11100, 11100, 93, 134, 2, 'fi-key', '', 'access-dashboard', 'Menuadmin', 'Dashboard', '', 1, 0, 0, 1, '2015-01-15 12:00:00', '0000-00-00 00:00:00', 1, 0, 0, '2015-01-15 12:00:00', 1, '0000-00-00 00:00:00', 0, '0000-00-00 00:00:00', 0, 0, '{}', '{\r\n    "1":{},\r\n    "2":{\r\n\r\n        "dashboard_section":"Access",\r\n"dashboard_portlet":"Gallery,Contentlist,Custom,Feed,Video,Map,Bargraph,Quicklinks,Systeminfo,Gallery,Audio", \r\n\r\n        "configuration_page_class":"mobile",\r\n        "configuration_page_link_namespace":"config",\r\n"configuration_page_array":"{{Basic,basic}}{{Advanced,advanced}}{{Grid,grid}}{{Editor,editor}}{{Views,views}}{{Customfields,customfields}}{{Parameters,parameters}}{{Metadata,metadata}}",\r\n        "configuration_tab":"",\r\n        "configuration_page_basic":"criteria*,image*,gravatar*",\r\n        "configuration_page_advanced":"cache*",\r\n        "configuration_page_grid":"grid*",\r\n        "configuration_page_editor":"editor*",\r\n        "configuration_page_views":"assets*,item*,form*,enable*",\r\n        "configuration_page_customfields":"table_registry,customfields",\r\n        "configuration_page_parameters":"table_registry,parameters",\r\n        "configuration_page_metadata":"table_registry,metadata",\r\n\r\n"gravatar":"1",\r\n        "gravatar_size":"50",\r\n        "gravatar_type":"mm",\r\n        "gravatar_rating":"pg",\r\n        "gravatar_image":"1",\r\n\r\n        "criteria_title":"Access",\r\n        "criteria_display_view_on_no_results":"0",\r\n        "criteria_snippet_length":"150",\r\n        "criteria_status":"1,2",\r\n        "criteria_catalog_type_id":"",\r\n        "criteria_extension_instance_id":"",\r\n\r\n        "image_xsmall":"50,50",\r\n        "image_small":"75,75",\r\n        "image_medium":"150,150",\r\n        "image_large":"350,200",\r\n        "image_xlarge":"500,350",\r\n        "image_folder":"Images",\r\n        "image_thumb_folder":"Thumbs",\r\n\r\n        "asset_priority_site":"100",\r\n        "asset_priority_application":"200",\r\n        "asset_priority_user":"300",\r\n        "asset_priority_extension":"400",\r\n        "asset_priority_request":"500",\r\n        "asset_priority_primary_category":"600",\r\n        "asset_priority_menuitem":"700",\r\n        "asset_priority_list":"700",\r\n        "asset_priority_item":"800",\r\n        "asset_priority_theme":"900",\r\n\r\n        "page_type":"Dashboard",\r\n\r\n        "menuitem_source_id":"",\r\n        "menuitem_source_catalog_type_id":"",\r\n        "menuitem_extension_instance_id":"",\r\n\r\n        "menuitem_theme_id":"",\r\n        "menuitem_page_view_id":"8010",\r\n        "menuitem_page_view_css_id":"",\r\n        "menuitem_page_view_css_class":"",\r\n        "menuitem_template_view_id":"1030",\r\n        "menuitem_template_view_css_id":"",\r\n        "menuitem_template_view_css_class":"",\r\n        "menuitem_wrap_view_id":"2100",\r\n        "menuitem_wrap_view_css_id":"",\r\n        "menuitem_wrap_view_css_class":"",\r\n        "menuitem_wrap_view_role":"",\r\n        "menuitem_wrap_view_property":"",\r\n        \r\n\r\n        "menuitem_model_type":"Registry",\r\n        "menuitem_model_type":"Parameters",\r\n        "menuitem_model_query_object":"list",\r\n        "menuitem_model_offset":"0",\r\n        "menuitem_model_count":"0",\r\n        "menuitem_model_use_pagination":"1"\r\n    }\r\n}', NULL, 'en-GB', 0, 3),
  (11125, 11100, 11000, 'Build', 11100, 11100, 135, 176, 2, 'fi-wrench', '', 'build-dashboard', 'Menuadmin', 'Dashboard', '', 1, 0, 0, 1, '2015-01-15 12:00:00', '0000-00-00 00:00:00', 1, 0, 0, '2015-01-15 12:00:00', 1, '0000-00-00 00:00:00', 0, '0000-00-00 00:00:00', 0, 0, '{}', '{\r\n    "1":{},\r\n    "2":{\r\n\r\n        "dashboard_section":"Build",\r\n"dashboard_portlet":"Gallery,Contentlist,Custom,Feed,Video,Map,Bargraph,Quicklinks,Systeminfo,Gallery,Audio", \r\n\r\n        "configuration_page_class":"mobile",\r\n        "configuration_page_link_namespace":"config",\r\n"configuration_page_array":"{{Basic,basic}}{{Advanced,advanced}}{{Grid,grid}}{{Editor,editor}}{{Views,views}}{{Customfields,customfields}}{{Parameters,parameters}}{{Metadata,metadata}}",\r\n        "configuration_tab":"",\r\n        "configuration_page_basic":"criteria*,image*,gravatar*",\r\n        "configuration_page_advanced":"cache*",\r\n        "configuration_page_grid":"grid*",\r\n        "configuration_page_editor":"editor*",\r\n        "configuration_page_views":"assets*,item*,form*,enable*",\r\n        "configuration_page_customfields":"table_registry,customfields",\r\n        "configuration_page_parameters":"table_registry,parameters",\r\n        "configuration_page_metadata":"table_registry,metadata",\r\n\r\n"gravatar":"1",\r\n        "gravatar_size":"50",\r\n        "gravatar_type":"mm",\r\n        "gravatar_rating":"pg",\r\n        "gravatar_image":"1",\r\n\r\n        "criteria_title":"Build",\r\n        "criteria_display_view_on_no_results":"0",\r\n        "criteria_snippet_length":"150",\r\n        "criteria_status":"1,2",\r\n        "criteria_catalog_type_id":"",\r\n        "criteria_extension_instance_id":"",\r\n\r\n        "image_xsmall":"50,50",\r\n        "image_small":"75,75",\r\n        "image_medium":"150,150",\r\n        "image_large":"350,200",\r\n        "image_xlarge":"500,350",\r\n        "image_folder":"Images",\r\n        "image_thumb_folder":"Thumbs",\r\n\r\n        "asset_priority_site":"100",\r\n        "asset_priority_application":"200",\r\n        "asset_priority_user":"300",\r\n        "asset_priority_extension":"400",\r\n        "asset_priority_request":"500",\r\n        "asset_priority_primary_category":"600",\r\n        "asset_priority_menuitem":"700",\r\n        "asset_priority_list":"700",\r\n        "asset_priority_item":"800",\r\n        "asset_priority_theme":"900",\r\n\r\n        "page_type":"Dashboard",\r\n\r\n        "menuitem_source_id":"",\r\n        "menuitem_source_catalog_type_id":"",\r\n        "menuitem_extension_instance_id":"",\r\n\r\n        "menuitem_theme_id":"",\r\n        "menuitem_page_view_id":"8010",\r\n        "menuitem_page_view_css_id":"",\r\n        "menuitem_page_view_css_class":"",\r\n        "menuitem_template_view_id":"1030",\r\n        "menuitem_template_view_css_id":"",\r\n        "menuitem_template_view_css_class":"",\r\n        "menuitem_wrap_view_id":"2100",\r\n        "menuitem_wrap_view_css_id":"",\r\n        "menuitem_wrap_view_css_class":"",\r\n        "menuitem_wrap_view_role":"",\r\n        "menuitem_wrap_view_property":"",\r\n\r\n        "menuitem_model_type":"Registry",\r\n        "menuitem_model_type":"Parameters",\r\n        "menuitem_model_query_object":"list",\r\n        "menuitem_model_offset":"0",\r\n        "menuitem_model_count":"0",\r\n        "menuitem_model_use_pagination":"1"\r\n    }\r\n}', NULL, 'en-GB', 0, 4),
  (11131, 11100, 11000, 'System', 11100, 11100, 177, 224, 2, 'fi-book', '', 'system-dashboard', 'Menuadmin', 'Dashboard', '', 1, 0, 0, 1, '2015-01-15 12:00:00', '0000-00-00 00:00:00', 1, 0, 0, '2015-01-15 12:00:00', 1, '0000-00-00 00:00:00', 0, '0000-00-00 00:00:00', 0, 0, '{}', '{\r\n    "1":{},\r\n    "2":{\r\n\r\n        "dashboard_section":"System",\r\n"dashboard_portlet":"Gallery,Contentlist,Custom,Feed,Video,Map,Bargraph,Quicklinks,Systeminfo,Gallery,Audio", \r\n\r\n        "configuration_page_class":"mobile",\r\n        "configuration_page_link_namespace":"config",\r\n"configuration_page_array":"{{Basic,basic}}{{Advanced,advanced}}{{Grid,grid}}{{Editor,editor}}{{Views,views}}{{Customfields,customfields}}{{Parameters,parameters}}{{Metadata,metadata}}",\r\n        "configuration_tab":"",\r\n        "configuration_page_basic":"criteria*,image*,gravatar*",\r\n        "configuration_page_advanced":"cache*",\r\n        "configuration_page_grid":"grid*",\r\n        "configuration_page_editor":"editor*",\r\n        "configuration_page_views":"assets*,item*,form*,enable*",\r\n        "configuration_page_customfields":"table_registry,customfields",\r\n        "configuration_page_parameters":"table_registry,parameters",\r\n        "configuration_page_metadata":"table_registry,metadata",\r\n\r\n"gravatar":"1",\r\n        "gravatar_size":"50",\r\n        "gravatar_type":"mm",\r\n        "gravatar_rating":"pg",\r\n        "gravatar_image":"1",\r\n\r\n        "criteria_title":"System",\r\n        "criteria_display_view_on_no_results":"0",\r\n        "criteria_snippet_length":"150",\r\n        "criteria_status":"1,2",\r\n        "criteria_catalog_type_id":"",\r\n        "criteria_extension_instance_id":"",\r\n\r\n        "image_xsmall":"50,50",\r\n        "image_small":"75,75",\r\n        "image_medium":"150,150",\r\n        "image_large":"350,200",\r\n        "image_xlarge":"500,350",\r\n        "image_folder":"Images",\r\n        "image_thumb_folder":"Thumbs",\r\n\r\n        "asset_priority_site":"100",\r\n        "asset_priority_application":"200",\r\n        "asset_priority_user":"300",\r\n        "asset_priority_extension":"400",\r\n        "asset_priority_request":"500",\r\n        "asset_priority_primary_category":"600",\r\n        "asset_priority_menuitem":"700",\r\n        "asset_priority_list":"700",\r\n        "asset_priority_item":"800",\r\n        "asset_priority_theme":"900",\r\n\r\n        "page_type":"Dashboard",\r\n\r\n        "menuitem_source_id":"",\r\n        "menuitem_source_catalog_type_id":"",\r\n        "menuitem_extension_instance_id":"",\r\n\r\n        "menuitem_theme_id":"",\r\n        "menuitem_page_view_id":"8010",\r\n        "menuitem_page_view_css_id":"",\r\n        "menuitem_page_view_css_class":"",\r\n        "menuitem_template_view_id":"1030",\r\n        "menuitem_template_view_css_id":"",\r\n        "menuitem_template_view_css_class":"",\r\n        "menuitem_wrap_view_id":"2100",\r\n        "menuitem_wrap_view_css_id":"",\r\n        "menuitem_wrap_view_css_class":"",\r\n        "menuitem_wrap_view_role":"",\r\n        "menuitem_wrap_view_property":"",\r\n\r\n\r\n        "menuitem_model_type":"Registry",\r\n        "menuitem_model_type":"Parameters",\r\n        "menuitem_model_query_object":"list",\r\n        "menuitem_model_offset":"0",\r\n        "menuitem_model_count":"0",\r\n        "menuitem_model_use_pagination":"1"\r\n    }\r\n}\r\n', NULL, 'en-GB', 0, 5);

INSERT INTO `molajo_extension_instances` (`id`, `extension_id`, `catalog_type_id`, `title`, `root`, `parent_id`, `lft`, `rgt`, `lvl`, `subtitle`, `path`, `alias`, `menu`, `page_type`, `content_text`, `protected`, `featured`, `stickied`, `status`, `start_publishing_datetime`, `stop_publishing_datetime`, `version`, `version_of_id`, `status_prior_to_version`, `created_datetime`, `created_by`, `modified_datetime`, `modified_by`, `checked_out_datetime`, `checked_out_by`, `home`, `customfields`, `parameters`, `metadata`, `language`, `translation_of_id`, `ordering`) VALUES
  (11126, 11100, 11000, 'Themes', 11100, 11125, 136, 143, 3, '', '', 'themes', 'Menuadmin', 'Grid', '', 1, 0, 0, 1, '2015-01-15 12:00:00', '0000-00-00 00:00:00', 1, 0, 0, '2015-01-15 12:00:00', 1, '0000-00-00 00:00:00', 0, '0000-00-00 00:00:00', 0, 0, '{}', '{\r\n        "criteria_title":"Themes",\r\n        "criteria_display_view_on_no_results":"0",\r\n        "criteria_snippet_length":"150",\r\n        "criteria_status":"0,1,2",\r\n        "criteria_catalog_type_id":"7000",\r\n        "criteria_extension_instance_id":"0",\r\n        "criteria_source_id":"",\r\n\r\n        "grid_action_archive":"1",\r\n        "grid_action_checkin":"1",\r\n        "grid_action_feature":"1",\r\n        "grid_action_publish":"1",\r\n        "grid_action_restore":"1",\r\n        "grid_action_sticky":"1",\r\n        "grid_action_trash":"1",\r\n        "grid_action_unpublish":"1",\r\n \r\n        "grid_toolbar_button_categories":"1",\r\n        "grid_toolbar_button_copy":"1",\r\n        "grid_toolbar_button_filter":"1",\r\n        "grid_toolbar_button_new":"1",\r\n        "grid_toolbar_button_permissions":"1",\r\n        "grid_toolbar_button_tags":"1",\r\n\r\n        "grid_batch_categories":"1",\r\n        "grid_batch_permissions":"1",\r\n        "grid_batch_tags":"1",\r\n\r\n        "grid_status":"2,1,0",\r\n        "grid_ordering":"title",\r\n        "grid_ordering_direction":"ASC",\r\n        "grid_items_per_page":"15",\r\n        "grid_use_pagination":"1",\r\n\r\n        "grid_filter_list1":"Filter_Status",\r\n        "grid_filter_list2":"Filter_Categories",\r\n        "grid_filter_list3":"Filter_Tags",\r\n        "grid_filter_list4":"Filter_Author",\r\n        "grid_filter_list5":"Filter_Featured",\r\n        "grid_filter_list6":"",\r\n        "grid_filter_list7":"",\r\n        "grid_filter_list8":"",\r\n        "grid_filter_list9":"",\r\n        "grid_filter_search":"1",\r\n\r\n        "grid_column1":"title",\r\n        "grid_column2":"created_by_full_name",\r\n        "grid_column3":"status_name",\r\n        "grid_column4":"featured",\r\n        "grid_column5":"start_publishing_datetime_ccyy_mm_dd",\r\n        "grid_column6":"ordering",\r\n        "grid_column7":"id",\r\n        "grid_column8":"",\r\n        "grid_column9":"",\r\n\r\n        "grid_pagination_ordering_column":"title",\r\n        "grid_pagination_use":"1",\r\n\r\n        "page_type":"Grid",\r\n\r\n        "menuitem_theme_id":"",\r\n\r\n        "menuitem_page_view_id":"8040",\r\n        "menuitem_page_view_css_id":"",\r\n        "menuitem_page_view_css_class":"",\r\n\r\n        "menuitem_template_view_id":"9050",\r\n        "menuitem_template_view_css_id":"",\r\n        "menuitem_template_view_css_class":"",\r\n\r\n        "menuitem_wrap_view_id":"10140",\r\n        "menuitem_wrap_view_css_id":"",\r\n        "menuitem_wrap_view_css_class":"",\r\n        "menuitem_wrap_view_role":"",\r\n        "menuitem_wrap_view_property":"",\r\n\r\n        "menuitem_model_type":"Resource",\r\n        "menuitem_model_name":"Themes",\r\n        "menuitem_model_query_object":"list",\r\n        \r\n        "menuitem_model_offset":"0",\r\n        "menuitem_model_count":"10",\r\n        "menuitem_model_use_pagination":"1"\r\n}\r\n', '{\r\n   "metadata_title":"Themes",\r\n   "metadata_description":"",\r\n   "metadata_keywords":"",\r\n   "metadata_robots":"follow,index",\r\n   "metadata_author":""\r\n}', 'en-GB', 0, 1),
  (25046, 11100, 11000, 'List', 11100, 11126, 137, 138, 4, '', 'themes', 'list', 'Menuadmin', 'Link', '', 1, 0, 0, 1, '2015-01-15 12:00:00', '0000-00-00 00:00:00', 1, 0, 0, '2015-01-15 12:00:00', 1, '0000-00-00 00:00:00', 0, '0000-00-00 00:00:00', 0, 0, '', '', '', 'en-GB', 0, 1),
  (25015, 11100, 11000, 'New', 11100, 11126, 139, 140, 4, '', 'themes', 'new', 'Menuadmin', 'New', '', 1, 0, 0, 1, '2015-01-15 12:00:00', '0000-00-00 00:00:00', 1, 0, 0, '2015-01-15 12:00:00', 1, '0000-00-00 00:00:00', 0, '0000-00-00 00:00:00', 0, 0, '', '{\r\n        "criteria_title":"New Theme",\r\n        "criteria_display_view_on_no_results":"1",\r\n        "criteria_snippet_length":"",\r\n        "criteria_status":"",\r\n        "criteria_catalog_type_id":"7000",\r\n        "criteria_extension_instance_id":"7000",\r\n\r\n        "page_type":"new",\r\n\r\n        "menuitem_theme_id":"",\r\n\r\n        "menuitem_page_view_id":"8050",\r\n        "menuitem_page_view_css_id":"",\r\n        "menuitem_page_view_css_class":"",\r\n\r\n        "menuitem_template_view_id":"9310",\r\n        "menuitem_template_view_css_id":"",\r\n        "menuitem_template_view_css_class":"",\r\n\r\n        "menuitem_wrap_view_id":"",\r\n        "menuitem_wrap_view_css_id":"",\r\n        "menuitem_wrap_view_css_class":"",\r\n        "menuitem_wrap_view_role":"",\r\n        "menuitem_wrap_view_property":"",\r\n\r\n        "model_name":"Themes",\r\n        "model_type":"Resource",\r\n        "model_query_object":"item",\r\n        \r\n        "model_offset":"0",\r\n        "model_count":"10",\r\n        "model_use_pagination":"1"\r\n}', '{\r\n   "metadata_title":"Themes",\r\n   "metadata_description":"",\r\n   "metadata_keywords":"",\r\n   "metadata_robots":"follow,index",\r\n   "metadata_author":""\r\n}', 'en-GB', 0, 2),
  (11156, 11100, 11000, 'Configuration', 11100, 11126, 141, 142, 4, '', 'themes', 'configuration', 'Menuadmin', 'Configuration', '', 1, 0, 0, 1, '2015-01-15 12:00:00', '0000-00-00 00:00:00', 1, 0, 0, '2015-01-15 12:00:00', 1, '0000-00-00 00:00:00', 0, '0000-00-00 00:00:00', 0, 0, '{}', '\r\n{\r\n        "criteria_title":"Themes Configuration",\r\n        "criteria_display_view_on_no_results":"0",\r\n        "criteria_snippet_length":"100",\r\n        "criteria_status":"1,2",\r\n        "criteria_catalog_type_id":"7000",\r\n        "criteria_extension_instance_id":"7000",\r\n\r\n        "page_type":"configuration",\r\n\r\n        "menuitem_theme_id":"",\r\n\r\n        "menuitem_page_view_id":"8010",\r\n        "menuitem_page_view_css_id":"",\r\n        "menuitem_page_view_css_class":"",\r\n        "menuitem_template_view_id":"9025",\r\n        "menuitem_template_view_css_id":"",\r\n        "menuitem_template_view_css_class":"",\r\n\r\n        "menuitem_wrap_view_id":"",\r\n        "menuitem_wrap_view_css_id":"",\r\n        "menuitem_wrap_view_css_class":"",\r\n        "menuitem_wrap_view_role":"",\r\n        "menuitem_wrap_view_property":"",\r\n\r\n        "model_name":"Themes",\r\n        "model_type":"Primary",\r\n        "model_query_object":"item",\r\n        \r\n        "model_offset":"0",\r\n        "model_count":"10",\r\n        "model_use_pagination":"1"\r\n}\r\n', '{\r\n   "metadata_title":"Themes",\r\n   "metadata_description":"",\r\n   "metadata_keywords":"",\r\n   "metadata_robots":"follow,index",\r\n   "metadata_author":""\r\n}', 'en-GB', 0, 3);

INSERT INTO `molajo_extension_instances` (`id`, `extension_id`, `catalog_type_id`, `title`, `root`, `parent_id`, `lft`, `rgt`, `lvl`, `subtitle`, `path`, `alias`, `menu`, `page_type`, `content_text`, `protected`, `featured`, `stickied`, `status`, `start_publishing_datetime`, `stop_publishing_datetime`, `version`, `version_of_id`, `status_prior_to_version`, `created_datetime`, `created_by`, `modified_datetime`, `modified_by`, `checked_out_datetime`, `checked_out_by`, `home`, `customfields`, `parameters`, `metadata`, `language`, `translation_of_id`, `ordering`) VALUES
  (11127, 11100, 11000, 'Page Views', 11100, 11125, 144, 151, 3, '', '', 'pageviews', 'Menuadmin', 'Grid', '', 1, 0, 0, 1, '2015-01-15 12:00:00', '0000-00-00 00:00:00', 1, 0, 0, '2015-01-15 12:00:00', 1, '0000-00-00 00:00:00', 0, '0000-00-00 00:00:00', 0, 0, '{}', '{\r\n        "criteria_title":"Pageviews",\r\n        "criteria_display_view_on_no_results":"0",\r\n        "criteria_snippet_length":"150",\r\n        "criteria_status":"0,1,2",\r\n        "criteria_catalog_type_id":"8000",\r\n        "criteria_extension_instance_id":"8000",\r\n        "criteria_source_id":"",\r\n\r\n        "grid_action_archive":"1",\r\n        "grid_action_checkin":"1",\r\n        "grid_action_feature":"1",\r\n        "grid_action_publish":"1",\r\n        "grid_action_restore":"1",\r\n        "grid_action_sticky":"1",\r\n        "grid_action_trash":"1",\r\n        "grid_action_unpublish":"1",\r\n \r\n        "grid_toolbar_button_categories":"1",\r\n        "grid_toolbar_button_copy":"1",\r\n        "grid_toolbar_button_filter":"1",\r\n        "grid_toolbar_button_new":"1",\r\n        "grid_toolbar_button_permissions":"1",\r\n        "grid_toolbar_button_tags":"1",\r\n\r\n        "grid_batch_categories":"1",\r\n        "grid_batch_permissions":"1",\r\n        "grid_batch_tags":"1",\r\n\r\n        "grid_status":"2,1,0",\r\n        "grid_ordering":"title",\r\n        "grid_ordering_direction":"ASC",\r\n        "grid_items_per_page":"15",\r\n        "grid_use_pagination":"1",\r\n\r\n        "grid_filter_list1":"Filter_Status",\r\n        "grid_filter_list2":"Filter_Categories",\r\n        "grid_filter_list3":"Filter_Tags",\r\n        "grid_filter_list4":"Filter_Author",\r\n        "grid_filter_list5":"Filter_Featured",\r\n        "grid_filter_list6":"",\r\n        "grid_filter_list7":"",\r\n        "grid_filter_list8":"",\r\n        "grid_filter_list9":"",\r\n        "grid_filter_search":"1",\r\n\r\n        "grid_column1":"title",\r\n        "grid_column2":"created_by_full_name",\r\n        "grid_column3":"status_name",\r\n        "grid_column4":"featured",\r\n        "grid_column5":"start_publishing_datetime_ccyy_mm_dd",\r\n        "grid_column6":"ordering",\r\n        "grid_column7":"id",\r\n        "grid_column8":"",\r\n        "grid_column9":"",\r\n\r\n        "grid_pagination_ordering_column":"title",\r\n        "grid_pagination_use":"1",\r\n\r\n        "page_type":"Grid",\r\n\r\n        "menuitem_theme_id":"",\r\n\r\n        "menuitem_page_view_id":"8040",\r\n        "menuitem_page_view_css_id":"",\r\n        "menuitem_page_view_css_class":"",\r\n\r\n        "menuitem_template_view_id":"9050",\r\n        "menuitem_template_view_css_id":"",\r\n        "menuitem_template_view_css_class":"",\r\n\r\n        "menuitem_wrap_view_id":"10140",\r\n        "menuitem_wrap_view_css_id":"",\r\n        "menuitem_wrap_view_css_class":"",\r\n        "menuitem_wrap_view_role":"",\r\n        "menuitem_wrap_view_property":"",\r\n\r\n        "menuitem_model_type":"Resource",\r\n        "menuitem_model_name":"Pageviews",\r\n        "menuitem_model_query_object":"list",\r\n        \r\n        "menuitem_model_offset":"0",\r\n        "menuitem_model_count":"10",\r\n        "menuitem_model_use_pagination":"1"\r\n}\r\n', NULL, 'en-GB', 0, 2),
  (25047, 11100, 11000, 'List', 11100, 11127, 145, 146, 4, '', 'pageviews', 'list', 'Menuadmin', 'Link', '', 1, 0, 0, 1, '2015-01-15 12:00:00', '0000-00-00 00:00:00', 1, 0, 0, '2015-01-15 12:00:00', 1, '0000-00-00 00:00:00', 0, '0000-00-00 00:00:00', 0, 0, '', '', '', 'en-GB', 0, 1),
  (25016, 11100, 11000, 'New', 11100, 11127, 147, 148, 4, '', 'pageviews', 'new', 'Menuadmin', 'New', '', 1, 0, 0, 1, '2015-01-15 12:00:00', '0000-00-00 00:00:00', 1, 0, 0, '2015-01-15 12:00:00', 1, '0000-00-00 00:00:00', 0, '0000-00-00 00:00:00', 0, 0, '', '{\r\n        "criteria_title":"New Page View",\r\n        "criteria_display_view_on_no_results":"1",\r\n        "criteria_snippet_length":"",\r\n        "criteria_status":"",\r\n        "criteria_catalog_type_id":"8000",\r\n        "criteria_extension_instance_id":"8000",\r\n\r\n        "page_type":"new",\r\n\r\n        "menuitem_theme_id":"",\r\n\r\n        "menuitem_page_view_id":"8050",\r\n        "menuitem_page_view_css_id":"",\r\n        "menuitem_page_view_css_class":"",\r\n\r\n        "menuitem_template_view_id":"9310",\r\n        "menuitem_template_view_css_id":"",\r\n        "menuitem_template_view_css_class":"",\r\n\r\n        "menuitem_wrap_view_id":"",\r\n        "menuitem_wrap_view_css_id":"",\r\n        "menuitem_wrap_view_css_class":"",\r\n        "menuitem_wrap_view_role":"",\r\n        "menuitem_wrap_view_property":"",\r\n\r\n        "model_name":"Pageviews",\r\n        "model_type":"Resource",\r\n        "model_query_object":"item",\r\n        \r\n        "model_offset":"0",\r\n        "model_count":"10",\r\n        "model_use_pagination":"1"\r\n}', '{\r\n   "metadata_title":"Page View",\r\n   "metadata_description":"",\r\n   "metadata_keywords":"",\r\n   "metadata_robots":"follow,index",\r\n   "metadata_author":""\r\n}', 'en-GB', 0, 2),
  (11160, 11100, 11000, 'Configuration', 11100, 11127, 149, 150, 4, '', 'pageviews', 'configuration', 'Menuadmin', 'Configuration', '', 1, 0, 0, 1, '2015-01-15 12:00:00', '0000-00-00 00:00:00', 1, 0, 0, '2015-01-15 12:00:00', 1, '0000-00-00 00:00:00', 0, '0000-00-00 00:00:00', 0, 0, '{}', '\r\n{\r\n        "criteria_title":"Page Views Configuration",\r\n        "criteria_display_view_on_no_results":"0",\r\n        "criteria_snippet_length":"100",\r\n        "criteria_status":"1,2",\r\n        "criteria_catalog_type_id":"8000",\r\n        "criteria_extension_instance_id":"8000",\r\n\r\n        "page_type":"configuration",\r\n\r\n        "menuitem_theme_id":"",\r\n\r\n        "menuitem_page_view_id":"8010",\r\n        "menuitem_page_view_css_id":"",\r\n        "menuitem_page_view_css_class":"",\r\n        "menuitem_template_view_id":"9025",\r\n        "menuitem_template_view_css_id":"",\r\n        "menuitem_template_view_css_class":"",\r\n\r\n        "menuitem_wrap_view_id":"",\r\n        "menuitem_wrap_view_css_id":"",\r\n        "menuitem_wrap_view_css_class":"",\r\n        "menuitem_wrap_view_role":"",\r\n        "menuitem_wrap_view_property":"",\r\n\r\n        "model_name":"Pageviews",\r\n        "model_type":"Primary",\r\n        "model_query_object":"item",\r\n        \r\n        "model_offset":"0",\r\n        "model_count":"10",\r\n        "model_use_pagination":"1"\r\n}\r\n', '{\r\n   "metadata_title":"Pageviews",\r\n   "metadata_description":"",\r\n   "metadata_keywords":"",\r\n   "metadata_robots":"follow,index",\r\n   "metadata_author":""\r\n}', 'en-GB', 0, 3);

INSERT INTO `molajo_extension_instances` (`id`, `extension_id`, `catalog_type_id`, `title`, `root`, `parent_id`, `lft`, `rgt`, `lvl`, `subtitle`, `path`, `alias`, `menu`, `page_type`, `content_text`, `protected`, `featured`, `stickied`, `status`, `start_publishing_datetime`, `stop_publishing_datetime`, `version`, `version_of_id`, `status_prior_to_version`, `created_datetime`, `created_by`, `modified_datetime`, `modified_by`, `checked_out_datetime`, `checked_out_by`, `home`, `customfields`, `parameters`, `metadata`, `language`, `translation_of_id`, `ordering`) VALUES
  (11128, 11100, 11000, 'Template Views', 11100, 11125, 152, 159, 3, '', '', 'templateviews', 'Menuadmin', 'Grid', '', 1, 0, 0, 1, '2015-01-15 12:00:00', '0000-00-00 00:00:00', 1, 0, 0, '2015-01-15 12:00:00', 1, '0000-00-00 00:00:00', 0, '0000-00-00 00:00:00', 0, 0, '{}', '{\r\n        "criteria_title":"Templateviews",\r\n        "criteria_display_view_on_no_results":"0",\r\n        "criteria_snippet_length":"150",\r\n        "criteria_status":"0,1,2",\r\n        "criteria_catalog_type_id":"9000",\r\n        "criteria_extension_instance_id":"9000",\r\n        "criteria_source_id":"",\r\n\r\n        "grid_action_archive":"1",\r\n        "grid_action_checkin":"1",\r\n        "grid_action_feature":"1",\r\n        "grid_action_publish":"1",\r\n        "grid_action_restore":"1",\r\n        "grid_action_sticky":"1",\r\n        "grid_action_trash":"1",\r\n        "grid_action_unpublish":"1",\r\n \r\n        "grid_toolbar_button_categories":"1",\r\n        "grid_toolbar_button_copy":"1",\r\n        "grid_toolbar_button_filter":"1",\r\n        "grid_toolbar_button_new":"1",\r\n        "grid_toolbar_button_permissions":"1",\r\n        "grid_toolbar_button_tags":"1",\r\n\r\n        "grid_batch_categories":"1",\r\n        "grid_batch_permissions":"1",\r\n        "grid_batch_tags":"1",\r\n\r\n        "grid_status":"2,1,0",\r\n        "grid_ordering":"title",\r\n        "grid_ordering_direction":"ASC",\r\n        "grid_items_per_page":"15",\r\n        "grid_use_pagination":"1",\r\n\r\n        "grid_filter_list1":"Filter_Status",\r\n        "grid_filter_list2":"Filter_Categories",\r\n        "grid_filter_list3":"Filter_Tags",\r\n        "grid_filter_list4":"Filter_Author",\r\n        "grid_filter_list5":"Filter_Featured",\r\n        "grid_filter_list6":"",\r\n        "grid_filter_list7":"",\r\n        "grid_filter_list8":"",\r\n        "grid_filter_list9":"",\r\n        "grid_filter_search":"1",\r\n\r\n        "grid_column1":"title",\r\n        "grid_column2":"created_by_full_name",\r\n        "grid_column3":"status_name",\r\n        "grid_column4":"featured",\r\n        "grid_column5":"start_publishing_datetime_ccyy_mm_dd",\r\n        "grid_column6":"ordering",\r\n        "grid_column7":"id",\r\n        "grid_column8":"",\r\n        "grid_column9":"",\r\n\r\n        "grid_pagination_ordering_column":"title",\r\n        "grid_pagination_use":"1",\r\n\r\n        "page_type":"Grid",\r\n\r\n        "menuitem_theme_id":"",\r\n\r\n        "menuitem_page_view_id":"8040",\r\n        "menuitem_page_view_css_id":"",\r\n        "menuitem_page_view_css_class":"",\r\n\r\n        "menuitem_template_view_id":"9050",\r\n        "menuitem_template_view_css_id":"",\r\n        "menuitem_template_view_css_class":"",\r\n\r\n        "menuitem_wrap_view_id":"10140",\r\n        "menuitem_wrap_view_css_id":"",\r\n        "menuitem_wrap_view_css_class":"",\r\n        "menuitem_wrap_view_role":"",\r\n        "menuitem_wrap_view_property":"",\r\n\r\n        "menuitem_model_type":"Resource",\r\n        "menuitem_model_name":"Templateviews",\r\n        "menuitem_model_query_object":"list",\r\n        \r\n        "menuitem_model_offset":"0",\r\n        "menuitem_model_count":"10",\r\n        "menuitem_model_use_pagination":"1"\r\n}\r\n', '{\r\n   "metadata_title":"Templateviews",\r\n   "metadata_description":"",\r\n   "metadata_keywords":"",\r\n   "metadata_robots":"follow,index",\r\n   "metadata_author":""\r\n}', 'en-GB', 0, 3),
  (25048, 11100, 11000, 'List', 11100, 11128, 153, 154, 4, '', 'templateviews', 'list', 'Menuadmin', 'Link', '', 1, 0, 0, 1, '2015-01-15 12:00:00', '0000-00-00 00:00:00', 1, 0, 0, '2015-01-15 12:00:00', 1, '0000-00-00 00:00:00', 0, '0000-00-00 00:00:00', 0, 0, '', '', '', 'en-GB', 0, 1),
  (25017, 11100, 11000, 'New', 11100, 11128, 155, 156, 4, '', 'templateviews', 'new', 'Menuadmin', 'New', '', 1, 0, 0, 1, '2015-01-15 12:00:00', '0000-00-00 00:00:00', 1, 0, 0, '2015-01-15 12:00:00', 1, '0000-00-00 00:00:00', 0, '0000-00-00 00:00:00', 0, 0, '', '{\r\n        "criteria_title":"New Template Views",\r\n        "criteria_display_view_on_no_results":"1",\r\n        "criteria_snippet_length":"",\r\n        "criteria_status":"",\r\n        "criteria_catalog_type_id":"9000",\r\n        "criteria_extension_instance_id":"9000",\r\n\r\n        "page_type":"new",\r\n\r\n        "menuitem_theme_id":"",\r\n\r\n        "menuitem_page_view_id":"8050",\r\n        "menuitem_page_view_css_id":"",\r\n        "menuitem_page_view_css_class":"",\r\n\r\n        "menuitem_template_view_id":"9310",\r\n        "menuitem_template_view_css_id":"",\r\n        "menuitem_template_view_css_class":"",\r\n\r\n        "menuitem_wrap_view_id":"",\r\n        "menuitem_wrap_view_css_id":"",\r\n        "menuitem_wrap_view_css_class":"",\r\n        "menuitem_wrap_view_role":"",\r\n        "menuitem_wrap_view_property":"",\r\n\r\n        "model_name":"Templateviews",\r\n        "model_type":"Resource",\r\n        "model_query_object":"item",\r\n        \r\n        "model_offset":"0",\r\n        "model_count":"10",\r\n        "model_use_pagination":"1"\r\n}', '{\r\n   "metadata_title":"Template Views",\r\n   "metadata_description":"",\r\n   "metadata_keywords":"",\r\n   "metadata_robots":"follow,index",\r\n   "metadata_author":""\r\n}', 'en-GB', 0, 2),
  (11162, 11100, 11000, 'Configuration', 11100, 11128, 157, 158, 4, '', 'templateviews', 'configuration', 'Menuadmin', 'Configuration', '', 1, 0, 0, 1, '2015-01-15 12:00:00', '0000-00-00 00:00:00', 1, 0, 0, '2015-01-15 12:00:00', 1, '0000-00-00 00:00:00', 0, '0000-00-00 00:00:00', 0, 0, '{}', '\r\n{\r\n        "criteria_title":"Template Views Configuration",\r\n        "criteria_display_view_on_no_results":"0",\r\n        "criteria_snippet_length":"100",\r\n        "criteria_status":"1,2",\r\n        "criteria_catalog_type_id":"9000",\r\n        "criteria_extension_instance_id":"9000",\r\n\r\n        "page_type":"configuration",\r\n\r\n        "menuitem_theme_id":"",\r\n\r\n        "menuitem_page_view_id":"8010",\r\n        "menuitem_page_view_css_id":"",\r\n        "menuitem_page_view_css_class":"",\r\n        "menuitem_template_view_id":"9025",\r\n        "menuitem_template_view_css_id":"",\r\n        "menuitem_template_view_css_class":"",\r\n\r\n        "menuitem_wrap_view_id":"",\r\n        "menuitem_wrap_view_css_id":"",\r\n        "menuitem_wrap_view_css_class":"",\r\n        "menuitem_wrap_view_role":"",\r\n        "menuitem_wrap_view_property":"",\r\n\r\n        "model_name":"Templateviews",\r\n        "model_type":"Primary",\r\n        "model_query_object":"item",\r\n        \r\n        "model_offset":"0",\r\n        "model_count":"10",\r\n        "model_use_pagination":"1"\r\n}\r\n', '{\r\n   "metadata_title":"Template Views",\r\n   "metadata_description":"",\r\n   "metadata_keywords":"",\r\n   "metadata_robots":"follow,index",\r\n   "metadata_author":""\r\n}', 'en-GB', 0, 3);

INSERT INTO `molajo_extension_instances` (`id`, `extension_id`, `catalog_type_id`, `title`, `root`, `parent_id`, `lft`, `rgt`, `lvl`, `subtitle`, `path`, `alias`, `menu`, `page_type`, `content_text`, `protected`, `featured`, `stickied`, `status`, `start_publishing_datetime`, `stop_publishing_datetime`, `version`, `version_of_id`, `status_prior_to_version`, `created_datetime`, `created_by`, `modified_datetime`, `modified_by`, `checked_out_datetime`, `checked_out_by`, `home`, `customfields`, `parameters`, `metadata`, `language`, `translation_of_id`, `ordering`) VALUES
  (11129, 11100, 11000, 'Wrap Views', 11100, 11125, 160, 167, 3, '', '', 'wrapviews', 'Menuadmin', 'Grid', '', 1, 0, 0, 1, '2015-01-15 12:00:00', '0000-00-00 00:00:00', 1, 0, 0, '2015-01-15 12:00:00', 1, '0000-00-00 00:00:00', 0, '0000-00-00 00:00:00', 0, 0, '{}', '{\r\n    "1": {},\r\n    "2": {\r\n        "criteria_title": "Wrapviews",\r\n        "criteria_display_view_on_no_results": "0",\r\n        "criteria_snippet_length": "150",\r\n        "criteria_status": "1,2",\r\n        "criteria_catalog_type_id":"10000",\r\n        "criteria_extension_instance_id":"10000",\r\n        "criteria_source_id": "",\r\n        "grid_toolbar_buttons":"archive,checkin,options,new,delete,edit,feature,spam,publish,restore,trash,unpublish",\r\n        "grid_list1":"status",\r\n        "grid_list2":"author",\r\n        "grid_list3":"content",\r\n        "grid_list4":"tags",\r\n        "grid_column1":"title",\r\n        "grid_column2":"created_by",\r\n        "grid_column3":"status",\r\n        "grid_column4":"featured",\r\n        "grid_column5":"id",\r\n        "grid_column6":"start_publishing_datetime",\r\n        "grid_column7":"ordering",\r\n        "grid_column8":"",\r\n        "grid_column9":"",\r\n        "grid_column10":"",\r\n        "grid_status":"2,1,0,-1,-2,-5,-10",\r\n        "grid_batch_filters":"1",\r\n        "grid_batch_status":"1",\r\n        "grid_batch_permissions":"1",\r\n        "grid_batch_categories":"1",\r\n        "grid_batch_tags":"1",\r\n        "grid_ordering":"start_publishing_datetime",\r\n\r\n        "page_type":"Grid",\r\n\r\n        "menuitem_theme_id":"",\r\n\r\n        "menuitem_page_view_id":"8040",\r\n        "menuitem_page_view_css_id":"",\r\n        "menuitem_page_view_css_class":"",\r\n\r\n        "menuitem_template_view_id":"9050",\r\n        "menuitem_template_view_css_id":"",\r\n        "menuitem_template_view_css_class":"",\r\n\r\n        "menuitem_wrap_view_id":"10140",\r\n        "menuitem_wrap_view_css_id":"",\r\n        "menuitem_wrap_view_css_class":"",\r\n        "menuitem_wrap_view_role":"",\r\n        "menuitem_wrap_view_property":"",\r\n\r\n        "menuitem_model_name":"Wrapviews",\r\n        "menuitem_model_type":"System",\r\n        "menuitem_model_query_object":"list",\r\n        \r\n        "menuitem_model_offset":"0",\r\n        "menuitem_model_count":"10",\r\n        "menuitem_model_use_pagination":"1"\r\n    }\r\n}\r\n', NULL, 'en-GB', 0, 4),
  (25049, 11100, 11000, 'List', 11100, 11129, 161, 162, 4, '', 'wrapviews', 'list', 'Menuadmin', 'Link', '', 1, 0, 0, 1, '2015-01-15 12:00:00', '0000-00-00 00:00:00', 1, 0, 0, '2015-01-15 12:00:00', 1, '0000-00-00 00:00:00', 0, '0000-00-00 00:00:00', 0, 0, '', '', '', 'en-GB', 0, 1),
  (25018, 11100, 11000, 'New', 11100, 11129, 163, 164, 4, '', 'wrapviews', 'new', 'Menuadmin', 'New', '', 1, 0, 0, 1, '2015-01-15 12:00:00', '0000-00-00 00:00:00', 1, 0, 0, '2015-01-15 12:00:00', 1, '0000-00-00 00:00:00', 0, '0000-00-00 00:00:00', 0, 0, '', '{\r\n        "criteria_title":"New Wrap View",\r\n        "criteria_display_view_on_no_results":"1",\r\n        "criteria_snippet_length":"",\r\n        "criteria_status":"",\r\n        "criteria_catalog_type_id":"10000",\r\n        "criteria_extension_instance_id":"10000",\r\n\r\n        "page_type":"new",\r\n\r\n        "menuitem_theme_id":"",\r\n\r\n        "menuitem_page_view_id":"8050",\r\n        "menuitem_page_view_css_id":"",\r\n        "menuitem_page_view_css_class":"",\r\n\r\n        "menuitem_template_view_id":"9310",\r\n        "menuitem_template_view_css_id":"",\r\n        "menuitem_template_view_css_class":"",\r\n\r\n        "menuitem_wrap_view_id":"",\r\n        "menuitem_wrap_view_css_id":"",\r\n        "menuitem_wrap_view_css_class":"",\r\n        "menuitem_wrap_view_role":"",\r\n        "menuitem_wrap_view_property":"",\r\n\r\n        "model_name":"Wrapviews",\r\n        "model_type":"Resource",\r\n        "model_query_object":"item",\r\n        \r\n        "model_offset":"0",\r\n        "model_count":"10",\r\n        "model_use_pagination":"1"\r\n}', '{\r\n   "metadata_title":"Wrap Views",\r\n   "metadata_description":"",\r\n   "metadata_keywords":"",\r\n   "metadata_robots":"follow,index",\r\n   "metadata_author":""\r\n}', 'en-GB', 0, 2),
  (11164, 11100, 11000, 'Configuration', 11100, 11129, 165, 166, 4, '', 'wrapviews', 'configuration', 'Menuadmin', 'Configuration', '', 1, 0, 0, 1, '2015-01-15 12:00:00', '0000-00-00 00:00:00', 1, 0, 0, '2015-01-15 12:00:00', 1, '0000-00-00 00:00:00', 0, '0000-00-00 00:00:00', 0, 0, '{}', '\r\n{\r\n        "criteria_title":"Wrap Views Configuration",\r\n        "criteria_display_view_on_no_results":"0",\r\n        "criteria_snippet_length":"100",\r\n        "criteria_status":"1,2",\r\n        "criteria_catalog_type_id":"10000",\r\n        "criteria_extension_instance_id":"10000",\r\n\r\n        "page_type":"configuration",\r\n\r\n        "menuitem_theme_id":"",\r\n\r\n        "menuitem_page_view_id":"8010",\r\n        "menuitem_page_view_css_id":"",\r\n        "menuitem_page_view_css_class":"",\r\n        "menuitem_template_view_id":"9025",\r\n        "menuitem_template_view_css_id":"",\r\n        "menuitem_template_view_css_class":"",\r\n\r\n        "menuitem_wrap_view_id":"",\r\n        "menuitem_wrap_view_css_id":"",\r\n        "menuitem_wrap_view_css_class":"",\r\n        "menuitem_wrap_view_role":"",\r\n        "menuitem_wrap_view_property":"",\r\n\r\n        "model_name":"Wrapviews",\r\n        "model_type":"Primary",\r\n        "model_query_object":"item",\r\n        \r\n        "model_offset":"0",\r\n        "model_count":"10",\r\n        "model_use_pagination":"1"\r\n}\r\n', '{\r\n   "metadata_title":"Users",\r\n   "metadata_description":"",\r\n   "metadata_keywords":"",\r\n   "metadata_robots":"follow,index",\r\n   "metadata_author":""\r\n}', 'en-GB', 0, 3);

INSERT INTO `molajo_extension_instances` (`id`, `extension_id`, `catalog_type_id`, `title`, `root`, `parent_id`, `lft`, `rgt`, `lvl`, `subtitle`, `path`, `alias`, `menu`, `page_type`, `content_text`, `protected`, `featured`, `stickied`, `status`, `start_publishing_datetime`, `stop_publishing_datetime`, `version`, `version_of_id`, `status_prior_to_version`, `created_datetime`, `created_by`, `modified_datetime`, `modified_by`, `checked_out_datetime`, `checked_out_by`, `home`, `customfields`, `parameters`, `metadata`, `language`, `translation_of_id`, `ordering`) VALUES
  (11130, 11100, 11000, 'Menu Items', 11100, 11125, 168, 175, 3, '', '', 'menuitems', 'Menuadmin', 'Grid', '', 1, 0, 0, 1, '2015-01-15 12:00:00', '0000-00-00 00:00:00', 1, 0, 0, '2015-01-15 12:00:00', 1, '0000-00-00 00:00:00', 0, '0000-00-00 00:00:00', 0, 0, '{}', '{\r\n        "criteria_title":"Menuitems",\r\n        "criteria_display_view_on_no_results":"0",\r\n        "criteria_snippet_length":"150",\r\n        "criteria_status":"0,1,2",\r\n        "criteria_catalog_type_id":"11000",\r\n        "criteria_extension_instance_id":"11000",\r\n        "criteria_source_id":"",\r\n\r\n        "grid_action_archive":"1",\r\n        "grid_action_checkin":"1",\r\n        "grid_action_feature":"1",\r\n        "grid_action_publish":"1",\r\n        "grid_action_restore":"1",\r\n        "grid_action_sticky":"1",\r\n        "grid_action_trash":"1",\r\n        "grid_action_unpublish":"1",\r\n \r\n        "grid_toolbar_button_categories":"1",\r\n        "grid_toolbar_button_copy":"1",\r\n        "grid_toolbar_button_filter":"1",\r\n        "grid_toolbar_button_new":"1",\r\n        "grid_toolbar_button_permissions":"1",\r\n        "grid_toolbar_button_tags":"1",\r\n\r\n        "grid_batch_categories":"1",\r\n        "grid_batch_permissions":"1",\r\n        "grid_batch_tags":"1",\r\n\r\n        "grid_status":"2,1,0",\r\n        "grid_ordering":"title",\r\n        "grid_ordering_direction":"ASC",\r\n        "grid_items_per_page":"15",\r\n        "grid_use_pagination":"1",\r\n\r\n        "grid_filter_list1":"Filter_Status",\r\n        "grid_filter_list2":"Filter_Categories",\r\n        "grid_filter_list3":"Filter_Tags",\r\n        "grid_filter_list4":"Filter_Author",\r\n        "grid_filter_list5":"Filter_Featured",\r\n        "grid_filter_list6":"",\r\n        "grid_filter_list7":"",\r\n        "grid_filter_list8":"",\r\n        "grid_filter_list9":"",\r\n        "grid_filter_search":"1",\r\n\r\n        "grid_column1":"title",\r\n        "grid_column2":"created_by_full_name",\r\n        "grid_column3":"status_name",\r\n        "grid_column4":"featured",\r\n        "grid_column5":"start_publishing_datetime_ccyy_mm_dd",\r\n        "grid_column6":"ordering",\r\n        "grid_column7":"id",\r\n        "grid_column8":"",\r\n        "grid_column9":"",\r\n\r\n        "grid_pagination_ordering_column":"title",\r\n        "grid_pagination_use":"1",\r\n\r\n        "page_type":"Grid",\r\n\r\n        "menuitem_theme_id":"",\r\n\r\n        "menuitem_page_view_id":"8040",\r\n        "menuitem_page_view_css_id":"",\r\n        "menuitem_page_view_css_class":"",\r\n\r\n        "menuitem_template_view_id":"9050",\r\n        "menuitem_template_view_css_id":"",\r\n        "menuitem_template_view_css_class":"",\r\n\r\n        "menuitem_wrap_view_id":"10140",\r\n        "menuitem_wrap_view_css_id":"",\r\n        "menuitem_wrap_view_css_class":"",\r\n        "menuitem_wrap_view_role":"",\r\n        "menuitem_wrap_view_property":"",\r\n\r\n        "menuitem_model_type":"Resource",\r\n        "menuitem_model_name":"Menuitems",\r\n        "menuitem_model_query_object":"list",\r\n        \r\n        "menuitem_model_offset":"0",\r\n        "menuitem_model_count":"10",\r\n        "menuitem_model_use_pagination":"1"\r\n}\r\n', '{\r\n   "metadata_title":"Menuitems",\r\n   "metadata_description":"",\r\n   "metadata_keywords":"",\r\n   "metadata_robots":"follow,index",\r\n   "metadata_author":""\r\n}', 'en-GB', 0, 5),
  (25050, 11100, 11000, 'List', 11100, 11130, 169, 170, 4, '', 'menuitems', 'list', 'Menuadmin', 'Link', '', 1, 0, 0, 1, '2015-01-15 12:00:00', '0000-00-00 00:00:00', 1, 0, 0, '2015-01-15 12:00:00', 1, '0000-00-00 00:00:00', 0, '0000-00-00 00:00:00', 0, 0, '', '', '', 'en-GB', 0, 1),
  (25025, 11100, 11000, 'New', 11100, 11130, 171, 172, 4, '', 'menuitems', 'new', 'Menuadmin', 'New', '', 1, 0, 0, 1, '2015-01-15 12:00:00', '0000-00-00 00:00:00', 1, 0, 0, '2015-01-15 12:00:00', 1, '0000-00-00 00:00:00', 0, '0000-00-00 00:00:00', 0, 0, '', '{\r\n        "criteria_title":"New Menuitem",\r\n        "criteria_display_view_on_no_results":"1",\r\n        "criteria_snippet_length":"",\r\n        "criteria_status":"",\r\n        "criteria_catalog_type_id":"11000",\r\n        "criteria_extension_instance_id":"11000",\r\n\r\n        "page_type":"new",\r\n\r\n        "menuitem_theme_id":"",\r\n\r\n        "menuitem_page_view_id":"8050",\r\n        "menuitem_page_view_css_id":"",\r\n        "menuitem_page_view_css_class":"",\r\n\r\n        "menuitem_template_view_id":"9310",\r\n        "menuitem_template_view_css_id":"",\r\n        "menuitem_template_view_css_class":"",\r\n\r\n        "menuitem_wrap_view_id":"",\r\n        "menuitem_wrap_view_css_id":"",\r\n        "menuitem_wrap_view_css_class":"",\r\n        "menuitem_wrap_view_role":"",\r\n        "menuitem_wrap_view_property":"",\r\n\r\n        "model_name":"Menuitems",\r\n        "model_type":"Resource",\r\n        "model_query_object":"item",\r\n        \r\n        "model_offset":"0",\r\n        "model_count":"10",\r\n        "model_use_pagination":"1"\r\n}', '{\r\n   "metadata_title":"Menuitems",\r\n   "metadata_description":"",\r\n   "metadata_keywords":"",\r\n   "metadata_robots":"follow,index",\r\n   "metadata_author":""\r\n}', 'en-GB', 0, 2),
  (11290, 11100, 11000, 'Configuration', 11100, 11130, 173, 174, 4, '', 'menuitems', 'configuration', 'Menuadmin', 'Configuration', '', 1, 0, 0, 1, '2015-01-15 12:00:00', '0000-00-00 00:00:00', 1, 0, 0, '2015-01-15 12:00:00', 1, '0000-00-00 00:00:00', 0, '0000-00-00 00:00:00', 0, 0, '{}', '\r\n{\r\n        "criteria_title":"Menuitems Configuration",\r\n        "criteria_display_view_on_no_results":"0",\r\n        "criteria_snippet_length":"100",\r\n        "criteria_status":"1,2",\r\n        "criteria_catalog_type_id":"11000",\r\n        "criteria_extension_instance_id":"11000",\r\n\r\n        "page_type":"configuration",\r\n\r\n        "menuitem_theme_id":"",\r\n\r\n        "menuitem_page_view_id":"8010",\r\n        "menuitem_page_view_css_id":"",\r\n        "menuitem_page_view_css_class":"",\r\n        "menuitem_template_view_id":"9025",\r\n        "menuitem_template_view_css_id":"",\r\n        "menuitem_template_view_css_class":"",\r\n\r\n        "menuitem_wrap_view_id":"",\r\n        "menuitem_wrap_view_css_id":"",\r\n        "menuitem_wrap_view_css_class":"",\r\n        "menuitem_wrap_view_role":"",\r\n        "menuitem_wrap_view_property":"",\r\n\r\n        "model_name":"Menuitems",\r\n        "model_type":"Primary",\r\n        "model_query_object":"item",\r\n        \r\n        "model_offset":"0",\r\n        "model_count":"10",\r\n        "model_use_pagination":"1"\r\n}\r\n', '{\r\n   "metadata_title":"Menuitems",\r\n   "metadata_description":"",\r\n   "metadata_keywords":"",\r\n   "metadata_robots":"follow,index",\r\n   "metadata_author":""\r\n}', 'en-GB', 0, 3);

INSERT INTO `molajo_extension_instances` (`id`, `extension_id`, `catalog_type_id`, `title`, `root`, `parent_id`, `lft`, `rgt`, `lvl`, `subtitle`, `path`, `alias`, `menu`, `page_type`, `content_text`, `protected`, `featured`, `stickied`, `status`, `start_publishing_datetime`, `stop_publishing_datetime`, `version`, `version_of_id`, `status_prior_to_version`, `created_datetime`, `created_by`, `modified_datetime`, `modified_by`, `checked_out_datetime`, `checked_out_by`, `home`, `customfields`, `parameters`, `metadata`, `language`, `translation_of_id`, `ordering`) VALUES
  (25350, 11100, 11000, 'Fields', 11100, 11131, 178, 185, 3, '', '', 'plugins', 'Menuadmin', 'Grid', '', 1, 0, 0, 1, '2015-01-15 12:00:00', '0000-00-00 00:00:00', 1, 0, 0, '2015-01-15 12:00:00', 1, '0000-00-00 00:00:00', 0, '0000-00-00 00:00:00', 0, 0, '{}', '{\r\n        "criteria_title":"Plugins",\r\n        "criteria_display_view_on_no_results":"0",\r\n        "criteria_snippet_length":"150",\r\n        "criteria_status":"0,1,2",\r\n        "criteria_catalog_type_id":"5000",\r\n        "criteria_extension_instance_id":"5000",\r\n        "criteria_source_id":"",\r\n\r\n        "grid_action_archive":"1",\r\n        "grid_action_checkin":"1",\r\n        "grid_action_feature":"1",\r\n        "grid_action_publish":"1",\r\n        "grid_action_restore":"1",\r\n        "grid_action_sticky":"1",\r\n        "grid_action_trash":"1",\r\n        "grid_action_unpublish":"1",\r\n \r\n        "grid_toolbar_button_categories":"1",\r\n        "grid_toolbar_button_copy":"1",\r\n        "grid_toolbar_button_filter":"1",\r\n        "grid_toolbar_button_new":"1",\r\n        "grid_toolbar_button_permissions":"1",\r\n        "grid_toolbar_button_tags":"1",\r\n\r\n        "grid_batch_categories":"1",\r\n        "grid_batch_permissions":"1",\r\n        "grid_batch_tags":"1",\r\n\r\n        "grid_status":"2,1,0",\r\n        "grid_ordering":"title",\r\n        "grid_ordering_direction":"ASC",\r\n        "grid_items_per_page":"15",\r\n        "grid_use_pagination":"1",\r\n\r\n        "grid_filter_list1":"Filter_Status",\r\n        "grid_filter_list2":"Filter_Categories",\r\n        "grid_filter_list3":"Filter_Tags",\r\n        "grid_filter_list4":"Filter_Author",\r\n        "grid_filter_list5":"Filter_Featured",\r\n        "grid_filter_list6":"",\r\n        "grid_filter_list7":"",\r\n        "grid_filter_list8":"",\r\n        "grid_filter_list9":"",\r\n        "grid_filter_search":"1",\r\n\r\n        "grid_column1":"title",\r\n        "grid_column2":"created_by_full_name",\r\n        "grid_column3":"status_name",\r\n        "grid_column4":"featured",\r\n        "grid_column5":"start_publishing_datetime_ccyy_mm_dd",\r\n        "grid_column6":"ordering",\r\n        "grid_column7":"id",\r\n        "grid_column8":"",\r\n        "grid_column9":"",\r\n\r\n        "grid_pagination_ordering_column":"title",\r\n        "grid_pagination_use":"1",\r\n\r\n        "page_type":"Grid",\r\n\r\n        "menuitem_theme_id":"",\r\n\r\n        "menuitem_page_view_id":"8040",\r\n        "menuitem_page_view_css_id":"",\r\n        "menuitem_page_view_css_class":"",\r\n\r\n        "menuitem_template_view_id":"9050",\r\n        "menuitem_template_view_css_id":"",\r\n        "menuitem_template_view_css_class":"",\r\n\r\n        "menuitem_wrap_view_id":"10140",\r\n        "menuitem_wrap_view_css_id":"",\r\n        "menuitem_wrap_view_css_class":"",\r\n        "menuitem_wrap_view_role":"",\r\n        "menuitem_wrap_view_property":"",\r\n\r\n        "menuitem_model_type":"Resource",\r\n        "menuitem_model_name":"Plugins",\r\n        "menuitem_model_query_object":"list",\r\n        \r\n        "menuitem_model_offset":"0",\r\n        "menuitem_model_count":"10",\r\n        "menuitem_model_use_pagination":"1"\r\n}\r\n', '{\r\n   "metadata_title":"Plugins",\r\n   "metadata_description":"",\r\n   "metadata_keywords":"",\r\n   "metadata_robots":"follow,index",\r\n   "metadata_author":""\r\n}', 'en-GB', 0, 1),
  (25351, 11100, 11000, 'List', 11100, 25050, 179, 180, 4, '', 'plugins', 'list', 'Menuadmin', 'Link', '', 1, 0, 0, 1, '2015-01-15 12:00:00', '0000-00-00 00:00:00', 1, 0, 0, '2015-01-15 12:00:00', 1, '0000-00-00 00:00:00', 0, '0000-00-00 00:00:00', 0, 0, '', '', '', 'en-GB', 0, 1),
  (25352, 11100, 11000, 'New', 11100, 25050, 181, 182, 4, '', 'plugins', 'new', 'Menuadmin', 'New', '', 1, 0, 0, 1, '2015-01-15 12:00:00', '0000-00-00 00:00:00', 1, 0, 0, '2015-01-15 12:00:00', 1, '0000-00-00 00:00:00', 0, '0000-00-00 00:00:00', 0, 0, '', '{\r\n        "criteria_title":"New Plugins",\r\n        "criteria_display_view_on_no_results":"1",\r\n        "criteria_snippet_length":"",\r\n        "criteria_status":"",\r\n        "criteria_catalog_type_id":"5000",\r\n        "criteria_extension_instance_id":"5000",\r\n\r\n        "page_type":"new",\r\n\r\n        "menuitem_theme_id":"",\r\n\r\n        "menuitem_page_view_id":"8050",\r\n        "menuitem_page_view_css_id":"",\r\n        "menuitem_page_view_css_class":"",\r\n\r\n        "menuitem_template_view_id":"9310",\r\n        "menuitem_template_view_css_id":"",\r\n        "menuitem_template_view_css_class":"",\r\n\r\n        "menuitem_wrap_view_id":"",\r\n        "menuitem_wrap_view_css_id":"",\r\n        "menuitem_wrap_view_css_class":"",\r\n        "menuitem_wrap_view_role":"",\r\n        "menuitem_wrap_view_property":"",\r\n\r\n        "model_name":"Plugins",\r\n        "model_type":"Resource",\r\n        "model_query_object":"item",\r\n        \r\n        "model_offset":"0",\r\n        "model_count":"10",\r\n        "model_use_pagination":"1"\r\n}', '{\r\n   "metadata_title":"Plugin",\r\n   "metadata_description":"",\r\n   "metadata_keywords":"",\r\n   "metadata_robots":"follow,index",\r\n   "metadata_author":""\r\n}', 'en-GB', 0, 2),
  (25353, 11100, 11000, 'Configuration', 11100, 25050, 183, 184, 4, '', 'plugins', 'configuration', 'Menuadmin', 'Configuration', '', 1, 0, 0, 1, '2015-01-15 12:00:00', '0000-00-00 00:00:00', 1, 0, 0, '2015-01-15 12:00:00', 1, '0000-00-00 00:00:00', 0, '0000-00-00 00:00:00', 0, 0, '{}', '\r\n{\r\n        "criteria_title":"Plugins Configuration",\r\n        "criteria_display_view_on_no_results":"0",\r\n        "criteria_snippet_length":"100",\r\n        "criteria_status":"1,2",\r\n        "criteria_catalog_type_id":"5000",\r\n        "criteria_extension_instance_id":"5000",\r\n\r\n        "page_type":"configuration",\r\n\r\n        "menuitem_theme_id":"",\r\n\r\n        "menuitem_page_view_id":"8010",\r\n        "menuitem_page_view_css_id":"",\r\n        "menuitem_page_view_css_class":"",\r\n        "menuitem_template_view_id":"9025",\r\n        "menuitem_template_view_css_id":"",\r\n        "menuitem_template_view_css_class":"",\r\n\r\n        "menuitem_wrap_view_id":"",\r\n        "menuitem_wrap_view_css_id":"",\r\n        "menuitem_wrap_view_css_class":"",\r\n        "menuitem_wrap_view_role":"",\r\n        "menuitem_wrap_view_property":"",\r\n\r\n        "model_name":"Plugins",\r\n        "model_type":"Primary",\r\n        "model_query_object":"item",\r\n        \r\n        "model_offset":"0",\r\n        "model_count":"10",\r\n        "model_use_pagination":"1"\r\n}\r\n', '{\r\n   "metadata_title":"Plugins",\r\n   "metadata_description":"",\r\n   "metadata_keywords":"",\r\n   "metadata_robots":"follow,index",\r\n   "metadata_author":""\r\n}', 'en-GB', 0, 3);

INSERT INTO `molajo_extension_instances` (`id`, `extension_id`, `catalog_type_id`, `title`, `root`, `parent_id`, `lft`, `rgt`, `lvl`, `subtitle`, `path`, `alias`, `menu`, `page_type`, `content_text`, `protected`, `featured`, `stickied`, `status`, `start_publishing_datetime`, `stop_publishing_datetime`, `version`, `version_of_id`, `status_prior_to_version`, `created_datetime`, `created_by`, `modified_datetime`, `modified_by`, `checked_out_datetime`, `checked_out_by`, `home`, `customfields`, `parameters`, `metadata`, `language`, `translation_of_id`, `ordering`) VALUES
  (11135, 11100, 11000, 'Plugins', 11100, 11131, 186, 193, 3, '', '', 'plugins', 'Menuadmin', 'Grid', '', 1, 0, 0, 1, '2015-01-15 12:00:00', '0000-00-00 00:00:00', 1, 0, 0, '2015-01-15 12:00:00', 1, '0000-00-00 00:00:00', 0, '0000-00-00 00:00:00', 0, 0, '{}', '{\r\n        "criteria_title":"Plugins",\r\n        "criteria_display_view_on_no_results":"0",\r\n        "criteria_snippet_length":"150",\r\n        "criteria_status":"0,1,2",\r\n        "criteria_catalog_type_id":"5000",\r\n        "criteria_extension_instance_id":"5000",\r\n        "criteria_source_id":"",\r\n\r\n        "grid_action_archive":"1",\r\n        "grid_action_checkin":"1",\r\n        "grid_action_feature":"1",\r\n        "grid_action_publish":"1",\r\n        "grid_action_restore":"1",\r\n        "grid_action_sticky":"1",\r\n        "grid_action_trash":"1",\r\n        "grid_action_unpublish":"1",\r\n \r\n        "grid_toolbar_button_categories":"1",\r\n        "grid_toolbar_button_copy":"1",\r\n        "grid_toolbar_button_filter":"1",\r\n        "grid_toolbar_button_new":"1",\r\n        "grid_toolbar_button_permissions":"1",\r\n        "grid_toolbar_button_tags":"1",\r\n\r\n        "grid_batch_categories":"1",\r\n        "grid_batch_permissions":"1",\r\n        "grid_batch_tags":"1",\r\n\r\n        "grid_status":"2,1,0",\r\n        "grid_ordering":"title",\r\n        "grid_ordering_direction":"ASC",\r\n        "grid_items_per_page":"15",\r\n        "grid_use_pagination":"1",\r\n\r\n        "grid_filter_list1":"Filter_Status",\r\n        "grid_filter_list2":"Filter_Categories",\r\n        "grid_filter_list3":"Filter_Tags",\r\n        "grid_filter_list4":"Filter_Author",\r\n        "grid_filter_list5":"Filter_Featured",\r\n        "grid_filter_list6":"",\r\n        "grid_filter_list7":"",\r\n        "grid_filter_list8":"",\r\n        "grid_filter_list9":"",\r\n        "grid_filter_search":"1",\r\n\r\n        "grid_column1":"title",\r\n        "grid_column2":"created_by_full_name",\r\n        "grid_column3":"status_name",\r\n        "grid_column4":"featured",\r\n        "grid_column5":"start_publishing_datetime_ccyy_mm_dd",\r\n        "grid_column6":"ordering",\r\n        "grid_column7":"id",\r\n        "grid_column8":"",\r\n        "grid_column9":"",\r\n\r\n        "grid_pagination_ordering_column":"title",\r\n        "grid_pagination_use":"1",\r\n\r\n        "page_type":"Grid",\r\n\r\n        "menuitem_theme_id":"",\r\n\r\n        "menuitem_page_view_id":"8040",\r\n        "menuitem_page_view_css_id":"",\r\n        "menuitem_page_view_css_class":"",\r\n\r\n        "menuitem_template_view_id":"9050",\r\n        "menuitem_template_view_css_id":"",\r\n        "menuitem_template_view_css_class":"",\r\n\r\n        "menuitem_wrap_view_id":"10140",\r\n        "menuitem_wrap_view_css_id":"",\r\n        "menuitem_wrap_view_css_class":"",\r\n        "menuitem_wrap_view_role":"",\r\n        "menuitem_wrap_view_property":"",\r\n\r\n        "menuitem_model_type":"Resource",\r\n        "menuitem_model_name":"Plugins",\r\n        "menuitem_model_query_object":"list",\r\n        \r\n        "menuitem_model_offset":"0",\r\n        "menuitem_model_count":"10",\r\n        "menuitem_model_use_pagination":"1"\r\n}\r\n', '{\r\n   "metadata_title":"Plugins",\r\n   "metadata_description":"",\r\n   "metadata_keywords":"",\r\n   "metadata_robots":"follow,index",\r\n   "metadata_author":""\r\n}', 'en-GB', 0, 2),
  (25052, 11100, 11000, 'List', 11100, 11135, 187, 188, 4, '', 'plugins', 'list', 'Menuadmin', 'Link', '', 1, 0, 0, 1, '2015-01-15 12:00:00', '0000-00-00 00:00:00', 1, 0, 0, '2015-01-15 12:00:00', 1, '0000-00-00 00:00:00', 0, '0000-00-00 00:00:00', 0, 0, '', '', '', 'en-GB', 0, 1),
  (25020, 11100, 11000, 'New', 11100, 11135, 189, 190, 4, '', 'plugins', 'new', 'Menuadmin', 'New', '', 1, 0, 0, 1, '2015-01-15 12:00:00', '0000-00-00 00:00:00', 1, 0, 0, '2015-01-15 12:00:00', 1, '0000-00-00 00:00:00', 0, '0000-00-00 00:00:00', 0, 0, '', '{\r\n        "criteria_title":"New Plugins",\r\n        "criteria_display_view_on_no_results":"1",\r\n        "criteria_snippet_length":"",\r\n        "criteria_status":"",\r\n        "criteria_catalog_type_id":"5000",\r\n        "criteria_extension_instance_id":"5000",\r\n\r\n        "page_type":"new",\r\n\r\n        "menuitem_theme_id":"",\r\n\r\n        "menuitem_page_view_id":"8050",\r\n        "menuitem_page_view_css_id":"",\r\n        "menuitem_page_view_css_class":"",\r\n\r\n        "menuitem_template_view_id":"9310",\r\n        "menuitem_template_view_css_id":"",\r\n        "menuitem_template_view_css_class":"",\r\n\r\n        "menuitem_wrap_view_id":"",\r\n        "menuitem_wrap_view_css_id":"",\r\n        "menuitem_wrap_view_css_class":"",\r\n        "menuitem_wrap_view_role":"",\r\n        "menuitem_wrap_view_property":"",\r\n\r\n        "model_name":"Plugins",\r\n        "model_type":"Resource",\r\n        "model_query_object":"item",\r\n        \r\n        "model_offset":"0",\r\n        "model_count":"10",\r\n        "model_use_pagination":"1"\r\n}', '{\r\n   "metadata_title":"Plugin",\r\n   "metadata_description":"",\r\n   "metadata_keywords":"",\r\n   "metadata_robots":"follow,index",\r\n   "metadata_author":""\r\n}', 'en-GB', 0, 2),
  (11180, 11100, 11000, 'Configuration', 11100, 11135, 191, 192, 4, '', 'plugins', 'configuration', 'Menuadmin', 'Configuration', '', 1, 0, 0, 1, '2015-01-15 12:00:00', '0000-00-00 00:00:00', 1, 0, 0, '2015-01-15 12:00:00', 1, '0000-00-00 00:00:00', 0, '0000-00-00 00:00:00', 0, 0, '{}', '\r\n{\r\n        "criteria_title":"Plugins Configuration",\r\n        "criteria_display_view_on_no_results":"0",\r\n        "criteria_snippet_length":"100",\r\n        "criteria_status":"1,2",\r\n        "criteria_catalog_type_id":"5000",\r\n        "criteria_extension_instance_id":"5000",\r\n\r\n        "page_type":"configuration",\r\n\r\n        "menuitem_theme_id":"",\r\n\r\n        "menuitem_page_view_id":"8010",\r\n        "menuitem_page_view_css_id":"",\r\n        "menuitem_page_view_css_class":"",\r\n        "menuitem_template_view_id":"9025",\r\n        "menuitem_template_view_css_id":"",\r\n        "menuitem_template_view_css_class":"",\r\n\r\n        "menuitem_wrap_view_id":"",\r\n        "menuitem_wrap_view_css_id":"",\r\n        "menuitem_wrap_view_css_class":"",\r\n        "menuitem_wrap_view_role":"",\r\n        "menuitem_wrap_view_property":"",\r\n\r\n        "model_name":"Plugins",\r\n        "model_type":"Primary",\r\n        "model_query_object":"item",\r\n        \r\n        "model_offset":"0",\r\n        "model_count":"10",\r\n        "model_use_pagination":"1"\r\n}\r\n', '{\r\n   "metadata_title":"Plugins",\r\n   "metadata_description":"",\r\n   "metadata_keywords":"",\r\n   "metadata_robots":"follow,index",\r\n   "metadata_author":""\r\n}', 'en-GB', 0, 3);

INSERT INTO `molajo_extension_instances` (`id`, `extension_id`, `catalog_type_id`, `title`, `root`, `parent_id`, `lft`, `rgt`, `lvl`, `subtitle`, `path`, `alias`, `menu`, `page_type`, `content_text`, `protected`, `featured`, `stickied`, `status`, `start_publishing_datetime`, `stop_publishing_datetime`, `version`, `version_of_id`, `status_prior_to_version`, `created_datetime`, `created_by`, `modified_datetime`, `modified_by`, `checked_out_datetime`, `checked_out_by`, `home`, `customfields`, `parameters`, `metadata`, `language`, `translation_of_id`, `ordering`) VALUES
  (11137, 11100, 11000, 'Resources', 11100, 11131, 194, 201, 3, '', '', 'resources', 'Menuadmin', 'Grid', '', 1, 0, 0, 1, '2015-01-15 12:00:00', '0000-00-00 00:00:00', 1, 0, 0, '2015-01-15 12:00:00', 1, '0000-00-00 00:00:00', 0, '0000-00-00 00:00:00', 0, 0, '{}', '{\r\n        "criteria_title":"Resources",\r\n        "criteria_display_view_on_no_results":"0",\r\n        "criteria_snippet_length":"150",\r\n        "criteria_status":"0,1,2",\r\n        "criteria_catalog_type_id":"12000",\r\n        "criteria_extension_instance_id":"12000",\r\n        "criteria_source_id":"",\r\n\r\n        "grid_action_archive":"1",\r\n        "grid_action_checkin":"1",\r\n        "grid_action_feature":"1",\r\n        "grid_action_publish":"1",\r\n        "grid_action_restore":"1",\r\n        "grid_action_sticky":"1",\r\n        "grid_action_trash":"1",\r\n        "grid_action_unpublish":"1",\r\n \r\n        "grid_toolbar_button_categories":"1",\r\n        "grid_toolbar_button_copy":"1",\r\n        "grid_toolbar_button_filter":"1",\r\n        "grid_toolbar_button_new":"1",\r\n        "grid_toolbar_button_permissions":"1",\r\n        "grid_toolbar_button_tags":"1",\r\n\r\n        "grid_batch_categories":"1",\r\n        "grid_batch_permissions":"1",\r\n        "grid_batch_tags":"1",\r\n\r\n        "grid_status":"2,1,0",\r\n        "grid_ordering":"title",\r\n        "grid_ordering_direction":"ASC",\r\n        "grid_items_per_page":"15",\r\n        "grid_use_pagination":"1",\r\n\r\n        "grid_filter_list1":"Filter_Status",\r\n        "grid_filter_list2":"Filter_Categories",\r\n        "grid_filter_list3":"Filter_Tags",\r\n        "grid_filter_list4":"Filter_Author",\r\n        "grid_filter_list5":"Filter_Featured",\r\n        "grid_filter_list6":"",\r\n        "grid_filter_list7":"",\r\n        "grid_filter_list8":"",\r\n        "grid_filter_list9":"",\r\n        "grid_filter_search":"1",\r\n\r\n        "grid_column1":"title",\r\n        "grid_column2":"created_by_full_name",\r\n        "grid_column3":"status_name",\r\n        "grid_column4":"featured",\r\n        "grid_column5":"start_publishing_datetime_ccyy_mm_dd",\r\n        "grid_column6":"ordering",\r\n        "grid_column7":"id",\r\n        "grid_column8":"",\r\n        "grid_column9":"",\r\n\r\n        "grid_pagination_ordering_column":"title",\r\n        "grid_pagination_use":"1",\r\n\r\n        "page_type":"Grid",\r\n\r\n        "menuitem_theme_id":"",\r\n\r\n        "menuitem_page_view_id":"8040",\r\n        "menuitem_page_view_css_id":"",\r\n        "menuitem_page_view_css_class":"",\r\n\r\n        "menuitem_template_view_id":"9050",\r\n        "menuitem_template_view_css_id":"",\r\n        "menuitem_template_view_css_class":"",\r\n\r\n        "menuitem_wrap_view_id":"10140",\r\n        "menuitem_wrap_view_css_id":"",\r\n        "menuitem_wrap_view_css_class":"",\r\n        "menuitem_wrap_view_role":"",\r\n        "menuitem_wrap_view_property":"",\r\n\r\n        "menuitem_model_type":"Resource",\r\n        "menuitem_model_name":"Plugins",\r\n        "menuitem_model_query_object":"list",\r\n        \r\n        "menuitem_model_offset":"0",\r\n        "menuitem_model_count":"10",\r\n        "menuitem_model_use_pagination":"1"\r\n}\r\n', '{\r\n   "metadata_title":"Resources",\r\n   "metadata_description":"",\r\n   "metadata_keywords":"",\r\n   "metadata_robots":"follow,index",\r\n   "metadata_author":""\r\n}', 'en-GB', 0, 3),
  (25054, 11100, 11000, 'List', 11100, 11137, 195, 196, 4, '', 'resources', 'list', 'Menuadmin', 'Link', '', 1, 0, 0, 1, '2015-01-15 12:00:00', '0000-00-00 00:00:00', 1, 0, 0, '2015-01-15 12:00:00', 1, '0000-00-00 00:00:00', 0, '0000-00-00 00:00:00', 0, 0, '', '', '', 'en-GB', 0, 1),
  (25023, 11100, 11000, 'New', 11100, 11137, 197, 198, 4, '', 'resources', 'new', 'Menuadmin', 'New', '', 1, 0, 0, 1, '2015-01-15 12:00:00', '0000-00-00 00:00:00', 1, 0, 0, '2015-01-15 12:00:00', 1, '0000-00-00 00:00:00', 0, '0000-00-00 00:00:00', 0, 0, '', '{\r\n        "criteria_title":"New Resource",\r\n        "criteria_display_view_on_no_results":"1",\r\n        "criteria_snippet_length":"",\r\n        "criteria_status":"",\r\n        "criteria_catalog_type_id":"12000",\r\n        "criteria_extension_instance_id":"12000",\r\n\r\n        "page_type":"new",\r\n\r\n        "menuitem_theme_id":"",\r\n\r\n        "menuitem_page_view_id":"8050",\r\n        "menuitem_page_view_css_id":"",\r\n        "menuitem_page_view_css_class":"",\r\n\r\n        "menuitem_template_view_id":"9310",\r\n        "menuitem_template_view_css_id":"",\r\n        "menuitem_template_view_css_class":"",\r\n\r\n        "menuitem_wrap_view_id":"",\r\n        "menuitem_wrap_view_css_id":"",\r\n        "menuitem_wrap_view_css_class":"",\r\n        "menuitem_wrap_view_role":"",\r\n        "menuitem_wrap_view_property":"",\r\n\r\n        "model_name":"Resources",\r\n        "model_type":"Resource",\r\n        "model_query_object":"item",\r\n        \r\n        "model_offset":"0",\r\n        "model_count":"10",\r\n        "model_use_pagination":"1"\r\n}', '{\r\n   "metadata_title":"Resources",\r\n   "metadata_description":"",\r\n   "metadata_keywords":"",\r\n   "metadata_robots":"follow,index",\r\n   "metadata_author":""\r\n}', 'en-GB', 0, 2),
  (11270, 11100, 11000, 'Configuration', 11100, 11137, 199, 200, 4, '', 'resources', 'configuration', 'Menuadmin', 'Configuration', '', 1, 0, 0, 1, '2015-01-15 12:00:00', '0000-00-00 00:00:00', 1, 0, 0, '2015-01-15 12:00:00', 1, '0000-00-00 00:00:00', 0, '0000-00-00 00:00:00', 0, 0, '{}', '\r\n{\r\n        "criteria_title":"Resources Configuration",\r\n        "criteria_display_view_on_no_results":"0",\r\n        "criteria_snippet_length":"100",\r\n        "criteria_status":"1,2",\r\n        "criteria_catalog_type_id":"12000",\r\n        "criteria_extension_instance_id":"12000",\r\n\r\n        "page_type":"configuration",\r\n\r\n        "menuitem_theme_id":"",\r\n\r\n        "menuitem_page_view_id":"8010",\r\n        "menuitem_page_view_css_id":"",\r\n        "menuitem_page_view_css_class":"",\r\n        "menuitem_template_view_id":"9025",\r\n        "menuitem_template_view_css_id":"",\r\n        "menuitem_template_view_css_class":"",\r\n\r\n        "menuitem_wrap_view_id":"",\r\n        "menuitem_wrap_view_css_id":"",\r\n        "menuitem_wrap_view_css_class":"",\r\n        "menuitem_wrap_view_role":"",\r\n        "menuitem_wrap_view_property":"",\r\n\r\n        "model_name":"Resources",\r\n        "model_type":"Primary",\r\n        "model_query_object":"item",\r\n        \r\n        "model_offset":"0",\r\n        "model_count":"10",\r\n        "model_use_pagination":"1"\r\n}\r\n', '{\r\n   "metadata_title":"Resources",\r\n   "metadata_description":"",\r\n   "metadata_keywords":"",\r\n   "metadata_robots":"follow,index",\r\n   "metadata_author":""\r\n}', 'en-GB', 0, 3);

INSERT INTO `molajo_extension_instances` (`id`, `extension_id`, `catalog_type_id`, `title`, `root`, `parent_id`, `lft`, `rgt`, `lvl`, `subtitle`, `path`, `alias`, `menu`, `page_type`, `content_text`, `protected`, `featured`, `stickied`, `status`, `start_publishing_datetime`, `stop_publishing_datetime`, `version`, `version_of_id`, `status_prior_to_version`, `created_datetime`, `created_by`, `modified_datetime`, `modified_by`, `checked_out_datetime`, `checked_out_by`, `home`, `customfields`, `parameters`, `metadata`, `language`, `translation_of_id`, `ordering`) VALUES
  (11138, 11100, 11000, 'Applications', 11100, 11131, 202, 211, 3, '', '', 'applications', 'Menuadmin', 'Grid', '', 1, 0, 0, 1, '2015-01-15 12:00:00', '0000-00-00 00:00:00', 1, 0, 0, '2015-01-15 12:00:00', 1, '0000-00-00 00:00:00', 0, '0000-00-00 00:00:00', 0, 0, '{}', '{\r\n        "criteria_title":"Applications",\r\n        "criteria_display_view_on_no_results":"0",\r\n        "criteria_snippet_length":"150",\r\n        "criteria_status":"0,1,2",\r\n        "criteria_catalog_type_id":"2000",\r\n        "criteria_extension_instance_id":"2000",\r\n        "criteria_source_id":"",\r\n\r\n        "grid_action_archive":"1",\r\n        "grid_action_checkin":"1",\r\n        "grid_action_feature":"1",\r\n        "grid_action_publish":"1",\r\n        "grid_action_restore":"1",\r\n        "grid_action_sticky":"1",\r\n        "grid_action_trash":"1",\r\n        "grid_action_unpublish":"1",\r\n \r\n        "grid_toolbar_button_categories":"1",\r\n        "grid_toolbar_button_copy":"1",\r\n        "grid_toolbar_button_filter":"1",\r\n        "grid_toolbar_button_new":"1",\r\n        "grid_toolbar_button_permissions":"1",\r\n        "grid_toolbar_button_tags":"1",\r\n\r\n        "grid_batch_categories":"1",\r\n        "grid_batch_permissions":"1",\r\n        "grid_batch_tags":"1",\r\n\r\n        "grid_status":"2,1,0",\r\n        "grid_ordering":"title",\r\n        "grid_ordering_direction":"ASC",\r\n        "grid_items_per_page":"15",\r\n        "grid_use_pagination":"1",\r\n\r\n        "grid_filter_list1":"Filter_Status",\r\n        "grid_filter_list2":"Filter_Categories",\r\n        "grid_filter_list3":"Filter_Tags",\r\n        "grid_filter_list4":"Filter_Author",\r\n        "grid_filter_list5":"Filter_Featured",\r\n        "grid_filter_list6":"",\r\n        "grid_filter_list7":"",\r\n        "grid_filter_list8":"",\r\n        "grid_filter_list9":"",\r\n        "grid_filter_search":"1",\r\n\r\n        "grid_column1":"title",\r\n        "grid_column2":"created_by_full_name",\r\n        "grid_column3":"status_name",\r\n        "grid_column4":"featured",\r\n        "grid_column5":"start_publishing_datetime_ccyy_mm_dd",\r\n        "grid_column6":"ordering",\r\n        "grid_column7":"id",\r\n        "grid_column8":"",\r\n        "grid_column9":"",\r\n\r\n        "grid_pagination_ordering_column":"title",\r\n        "grid_pagination_use":"1",\r\n\r\n        "page_type":"Grid",\r\n\r\n        "menuitem_theme_id":"",\r\n\r\n        "menuitem_page_view_id":"8040",\r\n        "menuitem_page_view_css_id":"",\r\n        "menuitem_page_view_css_class":"",\r\n\r\n        "menuitem_template_view_id":"9050",\r\n        "menuitem_template_view_css_id":"",\r\n        "menuitem_template_view_css_class":"",\r\n\r\n        "menuitem_wrap_view_id":"10140",\r\n        "menuitem_wrap_view_css_id":"",\r\n        "menuitem_wrap_view_css_class":"",\r\n        "menuitem_wrap_view_role":"",\r\n        "menuitem_wrap_view_property":"",\r\n\r\n        "menuitem_model_type":"Resource",\r\n        "menuitem_model_name":"Applications",\r\n        "menuitem_model_query_object":"list",\r\n        \r\n        "menuitem_model_offset":"0",\r\n        "menuitem_model_count":"10",\r\n        "menuitem_model_use_pagination":"1"\r\n}\r\n', '{\r\n   "metadata_title":"Applications",\r\n   "metadata_description":"",\r\n   "metadata_keywords":"",\r\n   "metadata_robots":"follow,index",\r\n   "metadata_author":""\r\n}', 'en-GB', 0, 4),
  (25055, 11100, 11000, 'List', 11100, 11138, 203, 204, 4, '', 'applications', 'list', 'Menuadmin', 'Link', '', 1, 0, 0, 1, '2015-01-15 12:00:00', '0000-00-00 00:00:00', 1, 0, 0, '2015-01-15 12:00:00', 1, '0000-00-00 00:00:00', 0, '0000-00-00 00:00:00', 0, 0, '', '', '', 'en-GB', 0, 1),
  (25022, 11100, 11000, 'New', 11100, 11138, 205, 206, 4, '', 'applications', 'new', 'Menuadmin', 'New', '', 1, 0, 0, 1, '2015-01-15 12:00:00', '0000-00-00 00:00:00', 1, 0, 0, '2015-01-15 12:00:00', 1, '0000-00-00 00:00:00', 0, '0000-00-00 00:00:00', 0, 0, '{\r\n        "criteria_title":"New Application",\r\n        "criteria_display_view_on_no_results":"1",\r\n        "criteria_snippet_length":"",\r\n        "criteria_status":"",\r\n        "criteria_catalog_type_id":"11000",\r\n        "criteria_extension_instance_id":"11000",\r\n\r\n        "page_type":"new",\r\n\r\n        "menuitem_theme_id":"",\r\n\r\n        "menuitem_page_view_id":"8050",\r\n        "menuitem_page_view_css_id":"",\r\n        "menuitem_page_view_css_class":"",\r\n\r\n        "menuitem_template_view_id":"9310",\r\n        "menuitem_template_view_css_id":"",\r\n        "menuitem_template_view_css_class":"",\r\n\r\n        "menuitem_wrap_view_id":"",\r\n        "menuitem_wrap_view_css_id":"",\r\n        "menuitem_wrap_view_css_class":"",\r\n        "menuitem_wrap_view_role":"",\r\n        "menuitem_wrap_view_property":"",\r\n\r\n        "model_name":"Applications",\r\n        "model_type":"Resource",\r\n        "model_query_object":"item",\r\n        \r\n        "model_offset":"0",\r\n        "model_count":"10",\r\n        "model_use_pagination":"1"\r\n}', '{\r\n   "metadata_title":"Applications",\r\n   "metadata_description":"",\r\n   "metadata_keywords":"",\r\n   "metadata_robots":"follow,index",\r\n   "metadata_author":""\r\n}', '{\r\n   "metadata_title":"Applications",\r\n   "metadata_description":"",\r\n   "metadata_keywords":"",\r\n   "metadata_robots":"follow,index",\r\n   "metadata_author":""\r\n}', 'en-GB', 0, 2),
  (11260, 11100, 11000, 'Configuration', 11100, 11138, 207, 208, 4, '', 'applications', 'configuration', 'Menuadmin', 'Configuration', '', 1, 0, 0, 1, '2015-01-15 12:00:00', '0000-00-00 00:00:00', 1, 0, 0, '2015-01-15 12:00:00', 1, '0000-00-00 00:00:00', 0, '0000-00-00 00:00:00', 0, 0, '{}', '\r\n{\r\n        "criteria_title":"Applications Configuration",\r\n        "criteria_display_view_on_no_results":"0",\r\n        "criteria_snippet_length":"100",\r\n        "criteria_status":"1,2",\r\n        "criteria_catalog_type_id":"2000",\r\n        "criteria_extension_instance_id":"2000",\r\n\r\n        "page_type":"configuration",\r\n\r\n        "menuitem_theme_id":"",\r\n\r\n        "menuitem_page_view_id":"8010",\r\n        "menuitem_page_view_css_id":"",\r\n        "menuitem_page_view_css_class":"",\r\n        "menuitem_template_view_id":"9025",\r\n        "menuitem_template_view_css_id":"",\r\n        "menuitem_template_view_css_class":"",\r\n\r\n        "menuitem_wrap_view_id":"",\r\n        "menuitem_wrap_view_css_id":"configuration",\r\n        "menuitem_wrap_view_css_class":"",\r\n        "menuitem_wrap_view_role":"",\r\n        "menuitem_wrap_view_property":"",\r\n\r\n        "model_name":"Applications",\r\n        "model_type":"Primary",\r\n        "model_query_object":"item",\r\n        \r\n        "model_offset":"0",\r\n        "model_count":"10",\r\n        "model_use_pagination":"1"\r\n}\r\n', '{\r\n   "metadata_title":"Applications",\r\n   "metadata_description":"",\r\n   "metadata_keywords":"",\r\n   "metadata_robots":"follow,index",\r\n   "metadata_author":""\r\n}', 'en-GB', 0, 3),
  (11262, 11100, 11000, 'System', 11100, 11138, 209, 210, 4, '', '', 'configuration', 'Menuadmin', 'Application', '', 1, 0, 0, 1, '2015-01-15 12:00:00', '0000-00-00 00:00:00', 1, 0, 0, '2015-01-15 12:00:00', 1, '0000-00-00 00:00:00', 0, '0000-00-00 00:00:00', 0, 0, '{}', '{\r\n    "criteria_title":"Applications",\r\n    "criteria_display_view_on_no_results":"0",\r\n    "criteria_snippet_length":"150",\r\n    "criteria_status":"1,2",\r\n    "criteria_catalog_type_id":"2000",\r\n    "criteria_extension_instance_id":"2000",\r\n\r\n    "page_type":"Application",\r\n\r\n    "menuitem_theme_id":"",\r\n    "menuitem_page_view_id":"8010",\r\n    "menuitem_page_view_css_id":"",\r\n    "menuitem_page_view_css_class":"",\r\n    "menuitem_template_view_id":"9015",\r\n    "menuitem_template_view_css_id":"",\r\n    "menuitem_template_view_css_class":"",\r\n\r\n    "menuitem_wrap_view_id":"",\r\n    "menuitem_wrap_view_css_id":"",\r\n    "menuitem_wrap_view_css_class":"",\r\n    "menuitem_wrap_view_role":"",\r\n    "menuitem_wrap_view_property":"",\r\n\r\n    "menuitem_model_name":"Applications",\r\n    "menuitem_model_type":"System",\r\n    "menuitem_model_query_object":"item",\r\n    \r\n    "menuitem_model_offset":"0",\r\n    "menuitem_model_count":"10",\r\n    "menuitem_model_use_pagination":"1"\r\n}\r\n', '{"title":"Applications",\r\n"description":"",\r\n"keywords":"",\r\n"robots":"follow,index",\r\n"author":""}', 'en-GB', 0, 4);

INSERT INTO `molajo_extension_instances` (`id`, `extension_id`, `catalog_type_id`, `title`, `root`, `parent_id`, `lft`, `rgt`, `lvl`, `subtitle`, `path`, `alias`, `menu`, `page_type`, `content_text`, `protected`, `featured`, `stickied`, `status`, `start_publishing_datetime`, `stop_publishing_datetime`, `version`, `version_of_id`, `status_prior_to_version`, `created_datetime`, `created_by`, `modified_datetime`, `modified_by`, `checked_out_datetime`, `checked_out_by`, `home`, `customfields`, `parameters`, `metadata`, `language`, `translation_of_id`, `ordering`) VALUES
  (11136, 11100, 11000, 'Sites', 11100, 11131, 212, 223, 3, '', '', 'sites', 'Menuadmin', 'Grid', '', 1, 0, 0, 1, '2015-01-15 12:00:00', '0000-00-00 00:00:00', 1, 0, 0, '2015-01-15 12:00:00', 1, '0000-00-00 00:00:00', 0, '0000-00-00 00:00:00', 0, 0, '{}', '{\r\n        "criteria_title":"Sites",\r\n        "criteria_display_view_on_no_results":"0",\r\n        "criteria_snippet_length":"150",\r\n        "criteria_status":"0,1,2",\r\n        "criteria_catalog_type_id":"1000",\r\n        "criteria_extension_instance_id":"1000",\r\n        "criteria_source_id":"",\r\n\r\n        "grid_action_archive":"1",\r\n        "grid_action_checkin":"1",\r\n        "grid_action_feature":"1",\r\n        "grid_action_publish":"1",\r\n        "grid_action_restore":"1",\r\n        "grid_action_sticky":"1",\r\n        "grid_action_trash":"1",\r\n        "grid_action_unpublish":"1",\r\n \r\n        "grid_toolbar_button_categories":"1",\r\n        "grid_toolbar_button_copy":"1",\r\n        "grid_toolbar_button_filter":"1",\r\n        "grid_toolbar_button_new":"1",\r\n        "grid_toolbar_button_permissions":"1",\r\n        "grid_toolbar_button_tags":"1",\r\n\r\n        "grid_batch_categories":"1",\r\n        "grid_batch_permissions":"1",\r\n        "grid_batch_tags":"1",\r\n\r\n        "grid_status":"2,1,0",\r\n        "grid_ordering":"title",\r\n        "grid_ordering_direction":"ASC",\r\n        "grid_items_per_page":"15",\r\n        "grid_use_pagination":"1",\r\n\r\n        "grid_filter_list1":"Filter_Status",\r\n        "grid_filter_list2":"Filter_Categories",\r\n        "grid_filter_list3":"Filter_Tags",\r\n        "grid_filter_list4":"Filter_Author",\r\n        "grid_filter_list5":"Filter_Featured",\r\n        "grid_filter_list6":"",\r\n        "grid_filter_list7":"",\r\n        "grid_filter_list8":"",\r\n        "grid_filter_list9":"",\r\n        "grid_filter_search":"1",\r\n\r\n        "grid_column1":"title",\r\n        "grid_column2":"created_by_full_name",\r\n        "grid_column3":"status_name",\r\n        "grid_column4":"featured",\r\n        "grid_column5":"start_publishing_datetime_ccyy_mm_dd",\r\n        "grid_column6":"ordering",\r\n        "grid_column7":"id",\r\n        "grid_column8":"",\r\n        "grid_column9":"",\r\n\r\n        "grid_pagination_ordering_column":"title",\r\n        "grid_pagination_use":"1",\r\n\r\n        "page_type":"Grid",\r\n\r\n        "menuitem_theme_id":"",\r\n\r\n        "menuitem_page_view_id":"8040",\r\n        "menuitem_page_view_css_id":"",\r\n        "menuitem_page_view_css_class":"",\r\n\r\n        "menuitem_template_view_id":"9050",\r\n        "menuitem_template_view_css_id":"",\r\n        "menuitem_template_view_css_class":"",\r\n\r\n        "menuitem_wrap_view_id":"10140",\r\n        "menuitem_wrap_view_css_id":"",\r\n        "menuitem_wrap_view_css_class":"",\r\n        "menuitem_wrap_view_role":"",\r\n        "menuitem_wrap_view_property":"",\r\n\r\n        "menuitem_model_type":"Resource",\r\n        "menuitem_model_name":"Sites",\r\n        "menuitem_model_query_object":"list",\r\n        \r\n        "menuitem_model_offset":"0",\r\n        "menuitem_model_count":"10",\r\n        "menuitem_model_use_pagination":"1"\r\n}\r\n', '{\r\n   "metadata_title":"Sites",\r\n   "metadata_description":"",\r\n   "metadata_keywords":"",\r\n   "metadata_robots":"follow,index",\r\n   "metadata_author":""\r\n}', 'en-GB', 0, 5),
  (25053, 11100, 11000, 'List', 11100, 11136, 213, 214, 4, '', 'sites', 'list', 'Menuadmin', 'Link', '', 1, 0, 0, 1, '2015-01-15 12:00:00', '0000-00-00 00:00:00', 1, 0, 0, '2015-01-15 12:00:00', 1, '0000-00-00 00:00:00', 0, '0000-00-00 00:00:00', 0, 0, '', '', '', 'en-GB', 0, 1),
  (25021, 11100, 11000, 'New', 11100, 11136, 215, 216, 4, '', 'sites', 'new', 'Menuadmin', 'New', '', 1, 0, 0, 1, '2015-01-15 12:00:00', '0000-00-00 00:00:00', 1, 0, 0, '2015-01-15 12:00:00', 1, '0000-00-00 00:00:00', 0, '0000-00-00 00:00:00', 0, 0, '', '{\r\n        "criteria_title":"New Sites",\r\n        "criteria_display_view_on_no_results":"1",\r\n        "criteria_snippet_length":"",\r\n        "criteria_status":"",\r\n        "criteria_catalog_type_id":"1000",\r\n        "criteria_extension_instance_id":"1000",\r\n\r\n        "page_type":"new",\r\n\r\n        "menuitem_theme_id":"",\r\n\r\n        "menuitem_page_view_id":"8050",\r\n        "menuitem_page_view_css_id":"",\r\n        "menuitem_page_view_css_class":"",\r\n\r\n        "menuitem_template_view_id":"9310",\r\n        "menuitem_template_view_css_id":"",\r\n        "menuitem_template_view_css_class":"",\r\n\r\n        "menuitem_wrap_view_id":"",\r\n        "menuitem_wrap_view_css_id":"",\r\n        "menuitem_wrap_view_css_class":"",\r\n        "menuitem_wrap_view_role":"",\r\n        "menuitem_wrap_view_property":"",\r\n\r\n        "model_name":"Sites",\r\n        "model_type":"Resource",\r\n        "model_query_object":"item",\r\n        \r\n        "model_offset":"0",\r\n        "model_count":"10",\r\n        "model_use_pagination":"1"\r\n}', '{\r\n   "metadata_title":"Sites",\r\n   "metadata_description":"",\r\n   "metadata_keywords":"",\r\n   "metadata_robots":"follow,index",\r\n   "metadata_author":""\r\n}', 'en-GB', 0, 2),
  (11200, 11100, 11000, 'Configuration', 11100, 11136, 217, 218, 4, '', 'sites', 'configuration', 'Menuadmin', 'Configuration', '', 1, 0, 0, 1, '2015-01-15 12:00:00', '0000-00-00 00:00:00', 1, 0, 0, '2015-01-15 12:00:00', 1, '0000-00-00 00:00:00', 0, '0000-00-00 00:00:00', 0, 0, '{}', '\r\n{\r\n        "criteria_title":"Sites Configuration",\r\n        "criteria_display_view_on_no_results":"0",\r\n        "criteria_snippet_length":"100",\r\n        "criteria_status":"1,2",\r\n        "criteria_catalog_type_id":"11000",\r\n        "criteria_extension_instance_id":"11000",\r\n\r\n        "page_type":"configuration",\r\n\r\n        "menuitem_theme_id":"",\r\n\r\n        "menuitem_page_view_id":"8010",\r\n        "menuitem_page_view_css_id":"",\r\n        "menuitem_page_view_css_class":"",\r\n        "menuitem_template_view_id":"9025",\r\n        "menuitem_template_view_css_id":"",\r\n        "menuitem_template_view_css_class":"",\r\n\r\n        "menuitem_wrap_view_id":"",\r\n        "menuitem_wrap_view_css_id":"",\r\n        "menuitem_wrap_view_css_class":"",\r\n        "menuitem_wrap_view_role":"",\r\n        "menuitem_wrap_view_property":"",\r\n\r\n        "model_name":"Sites",\r\n        "model_type":"Primary",\r\n        "model_query_object":"item",\r\n        \r\n        "model_offset":"0",\r\n        "model_count":"10",\r\n        "model_use_pagination":"1"\r\n}\r\n', '{\r\n   "metadata_title":"Sites",\r\n   "metadata_description":"",\r\n   "metadata_keywords":"",\r\n   "metadata_robots":"follow,index",\r\n   "metadata_author":""\r\n}', 'en-GB', 0, 3),
  (11132, 11100, 11000, 'Install', 11100, 11131, 219, 220, 4, '', 'sites', 'install', 'Menuadmin', 'Template', '', 1, 0, 0, 1, '2015-01-15 12:00:00', '0000-00-00 00:00:00', 1, 0, 0, '2015-01-15 12:00:00', 1, '0000-00-00 00:00:00', 0, '0000-00-00 00:00:00', 0, 0, '{}', '{\r\n    "1":{},\r\n    "2":{\r\n\r\n        "page_type":"Template",\r\n\r\n        "menuitem_source_id":"",\r\n        "menuitem_source_catalog_type_id":"",\r\n        "menuitem_extension_instance_id":"",\r\n\r\n        "menuitem_theme_id":"",\r\n        "menuitem_page_view_id":"8010",\r\n        "menuitem_page_view_css_id":"",\r\n        "menuitem_page_view_css_class":"",\r\n        "menuitem_template_view_id":"1020",\r\n        "menuitem_template_view_css_id":"",\r\n        "menuitem_template_view_css_class":"",\r\n        "menuitem_wrap_view_id":"2100",\r\n        "menuitem_wrap_view_css_id":"",\r\n        "menuitem_wrap_view_css_class":"",\r\n        "menuitem_wrap_view_role":"",\r\n        "menuitem_wrap_view_property":"",\r\n\r\n\r\n        "menuitem_model_type":"Registry",\r\n        "menuitem_model_type":"Parameters",\r\n        "menuitem_model_query_object":"list",\r\n        "menuitem_model_offset":"0",\r\n        "menuitem_model_count":"0",\r\n        "menuitem_model_use_pagination":"1",\r\n\r\n        "criteria_title":"Install",\r\n        "criteria_display_view_on_no_results":"1",\r\n        "criteria_snippet_length":"150",\r\n        "criteria_status":"",\r\n        "criteria_catalog_type_id":"",\r\n        "criteria_extension_instance_id":""\r\n    }\r\n}', NULL, 'en-GB', 0, 4),
  (11133, 11100, 11000, 'Update', 11100, 11131, 221, 222, 4, '', 'sites', 'update', 'Menuadmin', 'Template', '', 1, 0, 0, 1, '2015-01-15 12:00:00', '0000-00-00 00:00:00', 1, 0, 0, '2015-01-15 12:00:00', 1, '0000-00-00 00:00:00', 0, '0000-00-00 00:00:00', 0, 0, '{}', '{\r\n    "1":{},\r\n    "2":{\r\n\r\n        "page_type":"Template",\r\n\r\n        "menuitem_source_id":"",\r\n        "menuitem_source_catalog_type_id":"",\r\n        "menuitem_extension_instance_id":"",\r\n\r\n        "menuitem_theme_id":"",\r\n        "menuitem_page_view_id":"8010",\r\n        "menuitem_page_view_css_id":"",\r\n        "menuitem_page_view_css_class":"",\r\n        "menuitem_template_view_id":"1021",\r\n        "menuitem_template_view_css_id":"",\r\n        "menuitem_template_view_css_class":"",\r\n        "menuitem_wrap_view_id":"2100",\r\n        "menuitem_wrap_view_css_id":"",\r\n        "menuitem_wrap_view_css_class":"",\r\n        "menuitem_wrap_view_role":"",\r\n        "menuitem_wrap_view_property":"",\r\n\r\n\r\n        "menuitem_model_type":"Registry",\r\n        "menuitem_model_type":"Parameters",\r\n        "menuitem_model_query_object":"list",\r\n        "menuitem_model_offset":"0",\r\n        "menuitem_model_count":"0",\r\n        "menuitem_model_use_pagination":"1",\r\n\r\n        "criteria_title":"Update",\r\n        "criteria_display_view_on_no_results":"1",\r\n        "criteria_snippet_length":"150",\r\n        "criteria_status":"",\r\n        "criteria_catalog_type_id":"",\r\n        "criteria_extension_instance_id":""\r\n    }\r\n}\r\n', NULL, 'en-GB', 0, 5);

--
-- Frontend Menu items
--

INSERT INTO `molajo_extensions` (`id`, `extension_site_id`, `catalog_type_id`, `name`, `subtitle`, `language`, `translation_of_id`, `ordering`) VALUES
  (11120, 1, 11000, 'Menuitems', '', 'en-GB', 0, 1);

INSERT INTO `molajo_extension_instances` (`id`, `extension_id`, `catalog_type_id`, `title`, `subtitle`, `path`, `alias`, `menu`, `page_type`, `content_text`, `protected`, `featured`, `stickied`, `status`, `start_publishing_datetime`, `stop_publishing_datetime`, `version`, `version_of_id`, `status_prior_to_version`, `created_datetime`, `created_by`, `modified_datetime`, `modified_by`, `checked_out_datetime`, `checked_out_by`, `root`, `parent_id`, `lft`, `rgt`, `lvl`, `home`, `customfields`, `parameters`, `metadata`, `language`, `translation_of_id`, `ordering`) VALUES
  (11500, 11120, 11000, 'Home', '', '', '', 'Menusite', 'Home', '', 0, 0, 0, 1, '2015-01-15 08:00:00', '0000-00-00 00:00:00', 1, 0, 0, '2012-09-13 12:00:00', 0, '2012-09-13 12:00:00', 0, '0000-00-00 00:00:00', 0, 11500, 0, 1, 2, 1, 1, '{}', '{\r\n    "criteria_title":"Home",\r\n    "criteria_display_view_on_no_results":"1",\r\n    "criteria_snippet_length":"150",\r\n    "criteria_status":"1,2",\r\n    "criteria_catalog_type_id":"",\r\n    "criteria_extension_instance_id":"",\r\n\r\n    "page_type":"Template",\r\n\r\n    "menuitem_source_id":"",\r\n    "menuitem_source_catalog_type_id":"",\r\n    "menuitem_extension_instance_id":"",\r\n\r\n    "menuitem_theme_id":"",\r\n    "menuitem_page_view_id":"8280",\r\n    "menuitem_page_view_css_id":"",\r\n    "menuitem_page_view_css_class":"",\r\n    "menuitem_template_view_id":"9305",\r\n    "menuitem_template_view_css_id":"",\r\n    "menuitem_template_view_css_class":"",\r\n    "menuitem_wrap_view_id":"",\r\n    "menuitem_wrap_view_css_id":"",\r\n    "menuitem_wrap_view_css_class":"",\r\n    "menuitem_wrap_view_role":"",\r\n    "menuitem_wrap_view_property":"",\r\n\r\n        "menuitem_model_type":"Registry",\r\n        "menuitem_model_type":"Parameters",\r\n        "menuitem_model_query_object":"list",\r\n        "menuitem_model_offset":"0",\r\n        "menuitem_model_count":"0",\r\n        "menuitem_model_use_pagination":"1"\r\n}', '{"title":"Home", \r\n"description":"Home for Molajo Site Application", \r\n"keywords":"home,sweet,home", \r\n"robots":"follow,index", \r\n"author":"Molajo Team", \r\n"content_rights":"GPL v 2, or later, or MIT"}        ', 'en-GB', 0, 1),
  (11522, 11120, 11000, 'Contact Us', '', 'pages', 'contact-us', 'Menusite', 'Link', '', 1, 0, 0, 1, '2015-01-15 08:00:00', '0000-00-00 00:00:00', 1, 0, 0, '2012-09-13 12:00:00', 0, '2012-09-13 12:00:00', 0, '0000-00-00 00:00:00', 0, 11521, 0, 3, 4, 1, 0, '{}', '{\r\n    "1":{\r\n        "page_type":"Link",\r\n\r\n        "criteria_title":"Contact Us",\r\n        "criteria_display_view_on_no_results":"1",\r\n        "criteria_snippet_length":"150",\r\n        "criteria_status":"1,2",\r\n        "criteria_catalog_type_id":"20000",\r\n        "criteria_extension_instance_id":"10",\r\n\r\n        "menuitem_source_id":"1112",\r\n        "menuitem_source_catalog_type_id":"20000",\r\n        "menuitem_extension_instance_id":"10"\r\n    }\r\n}\r\n', '{"title":"Contact Us", \r\n"description":"", \r\n"keywords":"", \r\n"robots":"follow,index", \r\n"author":"", \r\n"content_rights":""}        ', 'en-GB', 0, 1),
  (11523, 11120, 11000, 'Legal Stuff', '', 'legal-stuff', 'legal-stuff', 'Menusite', 'Link', '', 1, 0, 0, 1, '2015-01-15 08:00:00', '0000-00-00 00:00:00', 1, 0, 0, '2012-09-13 12:00:00', 0, '2012-09-13 12:00:00', 0, '0000-00-00 00:00:00', 0, 11521, 0, 5, 6, 1, 0, '{}', '{\r\n    "1":{\r\n        "page_type":"Link",\r\n\r\n        "criteria_title":"Privacy Policy",\r\n        "criteria_display_view_on_no_results":"1",\r\n        "criteria_snippet_length":"150",\r\n        "criteria_status":"1,2",\r\n        "criteria_catalog_type_id":"20000",\r\n        "criteria_extension_instance_id":"10",\r\n\r\n        "menuitem_source_id":"1113",\r\n        "menuitem_source_catalog_type_id":"20000",\r\n        "menuitem_extension_instance_id":"10"\r\n    }\r\n}\r\n', '{"title":"Privacy Policy", \r\n"description":"", \r\n"keywords":"", \r\n"robots":"follow,index", \r\n"author":"", \r\n"content_rights":""}        ', 'en-GB', 0, 1),
  (11524, 11120, 11000, 'Site Map', '', 'site-map', 'site-map', 'Menusite', 'Link', '', 1, 0, 0, 1, '2015-01-15 08:00:00', '0000-00-00 00:00:00', 1, 0, 0, '2012-09-13 12:00:00', 0, '2012-09-13 12:00:00', 0, '0000-00-00 00:00:00', 0, 11521, 0, 7, 8, 1, 0, '{}', '{\r\n    "1":{\r\n        "page_type":"Link",\r\n\r\n        "criteria_title":"Site Map",\r\n        "criteria_display_view_on_no_results":"1",\r\n        "criteria_snippet_length":"150",\r\n        "criteria_status":"1,2",\r\n        "criteria_catalog_type_id":"20000",\r\n        "criteria_extension_instance_id":"10",\r\n\r\n        "menuitem_source_id":"1115",\r\n        "menuitem_source_catalog_type_id":"20000",\r\n        "menuitem_extension_instance_id":"10"\r\n    }\r\n}\r\n', '{"title":"Site Map", \r\n"description":"", \r\n"keywords":"", \r\n"robots":"follow,index", \r\n"author":"", \r\n"content_rights":""}        ', 'en-GB', 0, 1);

