--
-- Users
--

SET SQL_MODE="NO_AUTO_VALUE_ON_ZERO";
SET time_zone = "+00:00";


--
-- Users
--

INSERT INTO `molajo_extensions` (`id`, `extension_site_id`, `catalog_type_id`, `name`, `subtitle`, `language`, `translation_of_id`, `ordering`) VALUES
  (3000, 1, 3000, 'Users', '', 'en-GB', 0, 1);

INSERT INTO `molajo_extension_instances` (`id`, `extension_id`, `catalog_type_id`, `title`, `subtitle`, `path`, `alias`, `menu`, `page_type`, `content_text`, `protected`, `featured`, `stickied`, `status`, `start_publishing_datetime`, `stop_publishing_datetime`, `version`, `version_of_id`, `status_prior_to_version`, `created_datetime`, `created_by`, `modified_datetime`, `modified_by`, `checked_out_datetime`, `checked_out_by`, `root`, `parent_id`, `lft`, `rgt`, `lvl`, `home`, `customfields`, `parameters`, `metadata`, `language`, `translation_of_id`, `ordering`) VALUES
  (3000, 3000, 3000, 'Users', '', '', 'users', '', 'List', '', 1, 0, 0, 1, '2015-01-15 08:00:00', '0000-00-00 00:00:00', 1, 0, 0, '2012-09-13 12:00:00', 0, '2012-09-13 12:00:00', 0, '0000-00-00 00:00:00', 0, 0, 0, 0, 0, 0, 0, '{}', '{\r\n   "criteria_title":"Users",\r\n   "criteria_catalog_type_id":"3000",\r\n   "criteria_extension_instance_id":"3000",\r\n   "criteria_source_id":"",\r\n   "criteria_status":"0,1,2",\r\n   "criteria_snippet_length":"200",\r\n   "criteria_display_view_on_no_results":"1",\r\n   "enable_content_draft_save":"1",\r\n   "enable_content_log_catalog_activity":"0",\r\n   "enable_content_maximum_version_count":"5",\r\n   "enable_content_retain_versions_after_delete":"1",\r\n   "enable_content_version_history":"1",\r\n   "enable_broadcast_notifications":"0",\r\n   "enable_broadcast_ping":"0",\r\n   "enable_broadcast_tweets":"0",\r\n   "enable_broadcast_feed":"0",\r\n   "enable_categorize_categories":"",\r\n   "enable_categorize_tags":"",\r\n   "enable_protection_bad_word_filter":"shoot",\r\n   "enable_protection_block_email_address":"joe@example.com",\r\n   "enable_protection_block_name":"Joe Smith,Betty Boop",\r\n   "enable_protection_flood_control_seconds":"120",\r\n   "enable_protection_ip_address":"",\r\n   "enable_protection_content_length":"1000",\r\n   "enable_protection_log_user_activity":"",\r\n   "enable_protection_spam_guard":"1",\r\n   "enable_response_comment_form_open_days":"90",\r\n   "enable_response_comments":"1",\r\n   "enable_response_hit_counts":"1",\r\n   "enable_response_ratings":"1",\r\n   "enable_response_subscriptions":"1",\r\n   "enable_response_vote_form_open_days":"90",\r\n   "enable_response_vote":"1",\r\n   "enable_system_ajax_access":"1",\r\n   "enable_system_search":"1",\r\n   "edit_toolbar_buttons_new":"save,cancel",\r\n   "edit_toolbar_buttons_edit":"save,saveas,cancel,delete",\r\n   "edit_title_column1":"title",\r\n   "edit_title_column2":"alias",\r\n   "edit_title_column3":"subtitle",\r\n   "edit_title_column4":"status",\r\n   "edit_title_column5":"",\r\n   "edit_title_column6":"",\r\n   "edit_editor_column1":"content_text",\r\n   "edit_editor_column2":"",\r\n   "edit_editor_column3":"",\r\n   "edit_editor_column4":"",\r\n   "edit_editor_column5":"",\r\n   "edit_editor_column6":"",\r\n   "edit_editor_column7":"",\r\n   "edit_editor_column8":"",\r\n   "edit_editor_column9":"",\r\n   "edit_editor_column10":"",\r\n   "edit_editor_column11":"",\r\n   "edit_editor_column12":"",\r\n   "edit_editor_column13":"",\r\n   "edit_editor_column14":"",\r\n   "edit_editor_column15":"",\r\n   "edit_subeditor_column1":"modified_by",\r\n   "edit_subeditor_column2":"modified_datetime",\r\n   "edit_subeditor_column3":"version",\r\n   "edit_subeditor_column4":"version_of_id",\r\n   "edit_subeditor_column5":"",\r\n   "edit_sidebar1_column1":"created_by",\r\n   "edit_sidebar1_column2":"created_datetime",\r\n   "edit_sidebar1_column3":"start_publishing_datetime",\r\n   "edit_sidebar1_column4":"stop_publishing_datetime",\r\n   "edit_sidebar1_column5":"ordering",\r\n   "edit_sidebar1_column6":"",\r\n   "edit_sidebar1_column7":"",\r\n   "edit_sidebar1_column8":"",\r\n   "edit_sidebar1_column9":"",\r\n   "edit_sidebar1_column10":"",\r\n   "edit_sidebar1_column11":"",\r\n   "edit_sidebar1_column12":"",\r\n   "edit_sidebar1_column13":"",\r\n   "edit_sidebar1_column14":"",\r\n   "edit_sidebar1_column15":"",\r\n   "edit_sidebar2_column1":"featured",\r\n   "edit_sidebar2_column2":"stickied",\r\n   "edit_sidebar2_column3":"tags",\r\n   "edit_sidebar2_column4":"categories",\r\n   "edit_sidebar2_column5":"language",\r\n   "edit_sidebar2_column6":"translation_of_id",\r\n   "edit_sidebar2_column7":"enable_system_search",\r\n   "edit_sidebar2_column8":"",\r\n   "edit_sidebar2_column9":"",\r\n   "edit_sidebar2_column10":"",\r\n   "edit_sidebar2_column11":"",\r\n   "edit_sidebar2_column12":"",\r\n   "edit_sidebar2_column13":"",\r\n   "edit_sidebar2_column14":"",\r\n   "edit_sidebar2_column15":"",\r\n   "edit_sidebar3_column1":"metadata_title",\r\n   "edit_sidebar3_column2":"metadata_description",\r\n   "edit_sidebar3_column3":"metadata_keywords",\r\n   "edit_sidebar3_column4":"metadata_robots",\r\n   "edit_sidebar3_column5":"metadata_author",\r\n   "edit_sidebar3_column6":"metadata_content_rights",\r\n   "edit_sidebar3_column7":"",\r\n   "edit_sidebar3_column8":"",\r\n   "edit_sidebar3_column9":"",\r\n   "edit_sidebar3_column10":"",\r\n   "edit_sidebar3_column11":"",\r\n   "edit_sidebar3_column12":"",\r\n   "edit_sidebar3_column13":"",\r\n   "edit_sidebar3_column14":"",\r\n   "edit_sidebar3_column15":"",\r\n   "edit_sidebar4_column1":"enable_response_comments",\r\n   "edit_sidebar4_column2":"enable_response_comment_form_open_days",\r\n   "edit_sidebar4_column3":"enable_response_hit_counts",\r\n   "edit_sidebar4_column4":"enable_response_ratings",\r\n   "edit_sidebar4_column5":"enable_response_subscriptions",\r\n   "edit_sidebar4_column6":"enable_response_vote",\r\n   "edit_sidebar4_column7":"enable_response_vote_form_open_days",\r\n   "edit_sidebar4_column8":"",\r\n   "edit_sidebar4_column9":"",\r\n   "edit_sidebar4_column10":"",\r\n   "edit_sidebar4_column11":"",\r\n   "edit_sidebar4_column12":"",\r\n   "edit_sidebar4_column13":"",\r\n   "edit_sidebar4_column14":"",\r\n   "edit_sidebar4_column15":"",\r\n   "edit_footer_column1":"",\r\n   "edit_footer_column2":"",\r\n   "edit_footer_column3":"",\r\n   "edit_footer_column4":"",\r\n   "edit_footer_column5":"",\r\n   "form_parent_menu_id":"11122",\r\n   "form_theme_id":"",\r\n   "form_page_view_id":"8050",\r\n   "form_page_view_css_id":"",\r\n   "form_page_view_css_class":"",\r\n   "form_template_view_id":"9310",\r\n   "form_template_view_css_id":"",\r\n   "form_template_view_css_class":"",\r\n   "form_wrap_view_id":"10140",\r\n   "form_wrap_view_css_id":"",\r\n   "form_wrap_view_css_class":"",\r\n   "form_wrap_view_role":"",\r\n   "form_wrap_view_property":"",\r\n   "form_model_name":"Users",\r\n   "form_model_type":"Resource",\r\n   "form_model_query_object":"item",\r\n   "item_parent_menu_id":"11122",\r\n   "item_theme_id":"",\r\n   "item_page_view_id":"8270",\r\n   "item_page_view_css_id":"",\r\n   "item_page_view_css_class":"",\r\n   "item_template_view_id":"9710",\r\n   "item_template_view_css_id":"",\r\n   "item_template_view_css_class":"",\r\n   "item_wrap_view_id":"",\r\n   "item_wrap_view_css_id":"",\r\n   "item_wrap_view_css_class":"",\r\n   "item_wrap_view_role":"",\r\n   "item_wrap_view_property":"",\r\n   "item_model_name":"Users",\r\n   "item_model_type":"Primary",\r\n   "item_model_query_object":"Item",\r\n   "list_parent_menu_id":"",\r\n   "list_theme_id":"",\r\n   "list_page_view_id":"",\r\n   "list_page_view_css_id":"",\r\n   "list_page_view_css_class":"",\r\n   "list_template_view_id":"",\r\n   "list_template_view_css_id":"",\r\n   "list_template_view_css_class":"",\r\n   "list_wrap_view_id":"",\r\n   "list_wrap_view_css_id":"",\r\n   "list_wrap_view_css_class":"",\r\n   "list_wrap_view_role":"",\r\n   "list_wrap_view_property":"",\r\n   "list_model_name":"Users",\r\n   "list_model_type":"Resource",\r\n   "list_model_query_object":"List",\r\n   "list_model_ordering":"",\r\n   "list_model_ordering_direction":"",\r\n   "list_model_offset":"0",\r\n   "list_model_count":"10",\r\n   "list_model_use_pagination":"1"\r\n}', '{\r\n   "metadata_title":"Users",\r\n   "metadata_description":"",\r\n   "metadata_keywords":"",\r\n   "metadata_robots":"follow,index",\r\n   "metadata_author":""\r\n}', 'en-GB', 0, 3);

INSERT INTO `molajo_extension_instances` (`id`, `extension_id`, `catalog_type_id`, `title`, `root`, `parent_id`, `lft`, `rgt`, `lvl`, `subtitle`, `path`, `alias`, `menu`, `page_type`, `content_text`, `protected`, `featured`, `stickied`, `status`, `start_publishing_datetime`, `stop_publishing_datetime`, `version`, `version_of_id`, `status_prior_to_version`, `created_datetime`, `created_by`, `modified_datetime`, `modified_by`, `checked_out_datetime`, `checked_out_by`, `home`, `customfields`, `parameters`, `metadata`, `language`, `translation_of_id`, `ordering`) VALUES
  (11122, 11100, 11000, 'Users', 11100, 11120, 94, 101, 3, '', '', 'users', 'Menuadmin', 'Grid', '', 1, 0, 0, 1, '2015-01-15 12:00:00', '0000-00-00 00:00:00', 1, 0, 0, '2015-01-15 12:00:00', 1, '0000-00-00 00:00:00', 0, '0000-00-00 00:00:00', 0, 0, '{}', '{\r\n        "criteria_title":"Users",\r\n        "criteria_display_view_on_no_results":"0",\r\n        "criteria_snippet_length":"150",\r\n        "criteria_status":"0,1,2",\r\n        "criteria_catalog_type_id":"3000",\r\n        "criteria_extension_instance_id":"3000",\r\n        "criteria_source_id":"",\r\n\r\n        "grid_action_archive":"1",\r\n        "grid_action_checkin":"1",\r\n        "grid_action_feature":"1",\r\n        "grid_action_publish":"1",\r\n        "grid_action_restore":"1",\r\n        "grid_action_sticky":"1",\r\n        "grid_action_trash":"1",\r\n        "grid_action_unpublish":"1",\r\n \r\n        "grid_toolbar_button_categories":"1",\r\n        "grid_toolbar_button_copy":"1",\r\n        "grid_toolbar_button_filter":"1",\r\n        "grid_toolbar_button_new":"1",\r\n        "grid_toolbar_button_permissions":"1",\r\n        "grid_toolbar_button_tags":"1",\r\n\r\n        "grid_batch_categories":"1",\r\n        "grid_batch_permissions":"1",\r\n        "grid_batch_tags":"1",\r\n\r\n        "grid_status":"2,1,0",\r\n        "grid_ordering":"title",\r\n        "grid_ordering_direction":"ASC",\r\n        "grid_items_per_page":"15",\r\n        "grid_use_pagination":"1",\r\n\r\n        "grid_filter_list1":"Filter_Status",\r\n        "grid_filter_list2":"Filter_Categories",\r\n        "grid_filter_list3":"Filter_Tags",\r\n        "grid_filter_list4":"Filter_Author",\r\n        "grid_filter_list5":"Filter_Featured",\r\n        "grid_filter_list6":"",\r\n        "grid_filter_list7":"",\r\n        "grid_filter_list8":"",\r\n        "grid_filter_list9":"",\r\n        "grid_filter_search":"1",\r\n\r\n        "grid_column1":"title",\r\n        "grid_column2":"created_by_full_name",\r\n        "grid_column3":"status_name",\r\n        "grid_column4":"featured",\r\n        "grid_column5":"start_publishing_datetime_ccyy_mm_dd",\r\n        "grid_column6":"ordering",\r\n        "grid_column7":"id",\r\n        "grid_column8":"",\r\n        "grid_column9":"",\r\n\r\n        "grid_pagination_ordering_column":"title",\r\n        "grid_pagination_use":"1",\r\n\r\n        "page_type":"Grid",\r\n\r\n        "menuitem_theme_id":"",\r\n\r\n        "menuitem_page_view_id":"8040",\r\n        "menuitem_page_view_css_id":"",\r\n        "menuitem_page_view_css_class":"",\r\n\r\n        "menuitem_template_view_id":"9050",\r\n        "menuitem_template_view_css_id":"",\r\n        "menuitem_template_view_css_class":"",\r\n\r\n        "menuitem_wrap_view_id":"10140",\r\n        "menuitem_wrap_view_css_id":"",\r\n        "menuitem_wrap_view_css_class":"",\r\n        "menuitem_wrap_view_role":"",\r\n        "menuitem_wrap_view_property":"",\r\n\r\n        "menuitem_model_type":"Resource",\r\n        "menuitem_model_name":"Users",\r\n        "menuitem_model_query_object":"list",\r\n        \r\n        "menuitem_model_offset":"0",\r\n        "menuitem_model_count":"10",\r\n        "menuitem_model_use_pagination":"1"\r\n}\r\n', '{\r\n   "metadata_title":"Users",\r\n   "metadata_description":"",\r\n   "metadata_keywords":"",\r\n   "metadata_robots":"follow,index",\r\n   "metadata_author":""\r\n}', 'en-GB', 0, 1),
  (25043, 11100, 11000, 'List', 11100, 11122, 95, 96, 4, '', 'users', 'list', 'Menuadmin', 'Link', '', 1, 0, 0, 1, '2015-01-15 12:00:00', '0000-00-00 00:00:00', 1, 0, 0, '2015-01-15 12:00:00', 1, '0000-00-00 00:00:00', 0, '0000-00-00 00:00:00', 0, 0, '', '', '', 'en-GB', 0, 1),
  (25012, 11100, 11000, 'New', 11100, 11122, 97, 98, 4, '', 'users', 'new', 'Menuadmin', 'New', '', 1, 0, 0, 1, '2015-01-15 12:00:00', '0000-00-00 00:00:00', 1, 0, 0, '2015-01-15 12:00:00', 1, '0000-00-00 00:00:00', 0, '0000-00-00 00:00:00', 0, 0, '', '{\r\n        "criteria_title":"New User",\r\n        "criteria_display_view_on_no_results":"1",\r\n        "criteria_snippet_length":"",\r\n        "criteria_status":"",\r\n        "criteria_catalog_type_id":"3000",\r\n        "criteria_extension_instance_id":"3000",\r\n\r\n        "page_type":"new",\r\n\r\n        "menuitem_theme_id":"",\r\n\r\n        "menuitem_page_view_id":"8050",\r\n        "menuitem_page_view_css_id":"",\r\n        "menuitem_page_view_css_class":"",\r\n\r\n        "menuitem_template_view_id":"9310",\r\n        "menuitem_template_view_css_id":"",\r\n        "menuitem_template_view_css_class":"",\r\n\r\n        "menuitem_wrap_view_id":"",\r\n        "menuitem_wrap_view_css_id":"",\r\n        "menuitem_wrap_view_css_class":"",\r\n        "menuitem_wrap_view_role":"",\r\n        "menuitem_wrap_view_property":"",\r\n\r\n        "model_name":"Users",\r\n        "model_type":"Resource",\r\n        "model_query_object":"item",\r\n        \r\n        "model_offset":"0",\r\n        "model_count":"10",\r\n        "model_use_pagination":"1"\r\n}', '{\r\n   "metadata_title":"Users",\r\n   "metadata_description":"",\r\n   "metadata_keywords":"",\r\n   "metadata_robots":"follow,index",\r\n   "metadata_author":""\r\n}', 'en-GB', 0, 2),
  (11152, 11100, 11000, 'Configuration', 11100, 11122, 99, 100, 4, '', 'users', 'configuration', 'Menuadmin', 'Configuration', '', 1, 0, 0, 1, '2015-01-15 12:00:00', '0000-00-00 00:00:00', 1, 0, 0, '2015-01-15 12:00:00', 1, '0000-00-00 00:00:00', 0, '0000-00-00 00:00:00', 0, 0, '{}', '\r\n{\r\n        "criteria_title":"Users Configuration",\r\n        "criteria_display_view_on_no_results":"0",\r\n        "criteria_snippet_length":"100",\r\n        "criteria_status":"1,2",\r\n        "criteria_catalog_type_id":"3000",\r\n        "criteria_extension_instance_id":"3000",\r\n\r\n        "page_type":"configuration",\r\n\r\n        "menuitem_theme_id":"",\r\n\r\n        "menuitem_page_view_id":"8010",\r\n        "menuitem_page_view_css_id":"",\r\n        "menuitem_page_view_css_class":"",\r\n        "menuitem_template_view_id":"9025",\r\n        "menuitem_template_view_css_id":"",\r\n        "menuitem_template_view_css_class":"",\r\n\r\n        "menuitem_wrap_view_id":"",\r\n        "menuitem_wrap_view_css_id":"",\r\n        "menuitem_wrap_view_css_class":"",\r\n        "menuitem_wrap_view_role":"",\r\n        "menuitem_wrap_view_property":"",\r\n\r\n        "model_name":"Users",\r\n        "model_type":"Primary",\r\n        "model_query_object":"item",\r\n        \r\n        "model_offset":"0",\r\n        "model_count":"10",\r\n        "model_use_pagination":"1"\r\n}\r\n', '{\r\n   "metadata_title":"Users",\r\n   "metadata_description":"",\r\n   "metadata_keywords":"",\r\n   "metadata_robots":"follow,index",\r\n   "metadata_author":""\r\n}', 'en-GB', 0, 3);

INSERT INTO `molajo_users` (`id`, `username`, `alias`, `first_name`, `last_name`, `full_name`, `email`, `language`, `content_text`, `session_id`, `block`, `register_datetime`, `activation_datetime`, `activation_code`, `last_visit_datetime`, `last_activity_datetime`, `password_changed_datetime`, `password`, `reset_password_code`, `login_attempts`, `customfields`, `parameters`, `metadata`) VALUES
  (0, '', '', '', '', '', '', '', '', '', 0, '2012-09-13 12:00:00', '2012-09-13 00:00:00', NULL, '2014-03-19 18:32:15', '2014-03-19 18:32:15', '2013-05-25 20:08:55', '', '', 0, '', '', '   '),
  (1, 'admin', 'system-administrator', 'System', 'Administrator', 'System Administrator', 'admin@example.com', 'en-GB', '', '6efb3736eeba2ed8977dee9f87aa9e0a', 0, '2012-09-13 12:00:00', '2012-09-13 00:00:00', NULL, '0000-00-00 00:00:00', '2015-01-16 23:17:42', '2013-05-25 20:08:55', '$2y$10$cXrdpnSZeTNpkd4P37P...owqXUecJy2dMxovtSZaGtIH9Tc2cdo6', '', 0, '{"gender":"",\r\n"about_me":"<p>Bear claw macaroon candy canes topping cheesecake jelly beans macaroon. Wypas chocolate cake cookie jelly beans applicake donut. Tootsie roll danish sesame snaps faworki wypas toffee danish marshmallow bear claw. Candy canes oat cake marzipan powder gummi bears I love pastry. Donut sesame snaps topping chupa chups croissant.</p>",\r\n"phone":"402-555-1212",\r\n"editor":"",\r\n"language":"",\r\n"date_of_birth":"",\r\n"secondary_email":""}', '{"display_gravatar":"1",\r\n"display_birthdate":"1",\r\n"display_phone":"1",\r\n"display_email":"1",\r\n"theme_id":""}', '{"title":"Administrator", \r\n"description":"Administrator Profile", \r\n"keywords":"", \r\n"robots":"", \r\n"author":"", \r\n"content_rights":""}    ');

UPDATE `molajo_users`
  SET id = 0
  WHERE id <> 1;

--
-- Groups
--

INSERT INTO `molajo_extensions` (`id`, `extension_site_id`, `catalog_type_id`, `name`, `subtitle`, `language`, `translation_of_id`, `ordering`) VALUES
  (13000, 1, 12000, 'Groups', '', 'en-GB', 0, 13);

INSERT INTO `molajo_extension_instances` (`id`, `extension_id`, `catalog_type_id`, `title`, `subtitle`, `path`, `alias`, `menu`, `page_type`, `content_text`, `protected`, `featured`, `stickied`, `status`, `start_publishing_datetime`, `stop_publishing_datetime`, `version`, `version_of_id`, `status_prior_to_version`, `created_datetime`, `created_by`, `modified_datetime`, `modified_by`, `checked_out_datetime`, `checked_out_by`, `root`, `parent_id`, `lft`, `rgt`, `lvl`, `home`, `customfields`, `parameters`, `metadata`, `language`, `translation_of_id`, `ordering`) VALUES
  (13000, 13000, 12000, 'Groups', '', '', 'groups', '', 'List', '', 1, 0, 0, 1, '2014-02-14 08:00:00', '0000-00-00 00:00:00', 1, 0, 0, '2012-09-13 12:00:00', 0, '0000-00-00 00:00:00', 0, '0000-00-00 00:00:00', 0, 0, 0, 0, 0, 0, 0, '{}', '{\r\n   "criteria_title":"Groups",\r\n   "criteria_catalog_type_id":"13000",\r\n   "criteria_extension_instance_id":"13000",\r\n   "criteria_source_id":"",\r\n   "criteria_status":"0,1,2",\r\n   "criteria_snippet_length":"200",\r\n   "criteria_display_view_on_no_results":"1",\r\n   "enable_content_draft_save":"1",\r\n   "enable_content_log_catalog_activity":"0",\r\n   "enable_content_maximum_version_count":"5",\r\n   "enable_content_retain_versions_after_delete":"1",\r\n   "enable_content_version_history":"1",\r\n   "enable_broadcast_notifications":"0",\r\n   "enable_broadcast_ping":"0",\r\n   "enable_broadcast_tweets":"0",\r\n   "enable_broadcast_feed":"0",\r\n   "enable_categorize_categories":"",\r\n   "enable_categorize_tags":"",\r\n   "enable_protection_bad_word_filter":"shoot",\r\n   "enable_protection_block_email_address":"joe@example.com",\r\n   "enable_protection_block_name":"Joe Smith,Betty Boop",\r\n   "enable_protection_flood_control_seconds":"120",\r\n   "enable_protection_ip_address":"",\r\n   "enable_protection_content_length":"1000",\r\n   "enable_protection_log_user_activity":"",\r\n   "enable_protection_spam_guard":"1",\r\n   "enable_response_comment_form_open_days":"90",\r\n   "enable_response_comments":"1",\r\n   "enable_response_hit_counts":"1",\r\n   "enable_response_ratings":"1",\r\n   "enable_response_subscriptions":"1",\r\n   "enable_response_vote_form_open_days":"90",\r\n   "enable_response_vote":"1",\r\n   "enable_system_ajax_access":"1",\r\n   "enable_system_search":"1",\r\n   "edit_toolbar_buttons_new":"save,cancel",\r\n   "edit_toolbar_buttons_edit":"save,saveas,cancel,delete",\r\n   "edit_title_column1":"title",\r\n   "edit_title_column2":"alias",\r\n   "edit_title_column3":"subtitle",\r\n   "edit_title_column4":"status",\r\n   "edit_title_column5":"",\r\n   "edit_title_column6":"",\r\n   "edit_editor_column1":"content_text",\r\n   "edit_editor_column2":"",\r\n   "edit_editor_column3":"",\r\n   "edit_editor_column4":"",\r\n   "edit_editor_column5":"",\r\n   "edit_editor_column6":"",\r\n   "edit_editor_column7":"",\r\n   "edit_editor_column8":"",\r\n   "edit_editor_column9":"",\r\n   "edit_editor_column10":"",\r\n   "edit_editor_column11":"",\r\n   "edit_editor_column12":"",\r\n   "edit_editor_column13":"",\r\n   "edit_editor_column14":"",\r\n   "edit_editor_column15":"",\r\n   "edit_subeditor_column1":"modified_by",\r\n   "edit_subeditor_column2":"modified_datetime",\r\n   "edit_subeditor_column3":"version",\r\n   "edit_subeditor_column4":"version_of_id",\r\n   "edit_subeditor_column5":"",\r\n   "edit_sidebar1_column1":"created_by",\r\n   "edit_sidebar1_column2":"created_datetime",\r\n   "edit_sidebar1_column3":"start_publishing_datetime",\r\n   "edit_sidebar1_column4":"stop_publishing_datetime",\r\n   "edit_sidebar1_column5":"ordering",\r\n   "edit_sidebar1_column6":"",\r\n   "edit_sidebar1_column7":"",\r\n   "edit_sidebar1_column8":"",\r\n   "edit_sidebar1_column9":"",\r\n   "edit_sidebar1_column10":"",\r\n   "edit_sidebar1_column11":"",\r\n   "edit_sidebar1_column12":"",\r\n   "edit_sidebar1_column13":"",\r\n   "edit_sidebar1_column14":"",\r\n   "edit_sidebar1_column15":"",\r\n   "edit_sidebar2_column1":"featured",\r\n   "edit_sidebar2_column2":"stickied",\r\n   "edit_sidebar2_column3":"tags",\r\n   "edit_sidebar2_column4":"categories",\r\n   "edit_sidebar2_column5":"language",\r\n   "edit_sidebar2_column6":"translation_of_id",\r\n   "edit_sidebar2_column7":"enable_system_search",\r\n   "edit_sidebar2_column8":"",\r\n   "edit_sidebar2_column9":"",\r\n   "edit_sidebar2_column10":"",\r\n   "edit_sidebar2_column11":"",\r\n   "edit_sidebar2_column12":"",\r\n   "edit_sidebar2_column13":"",\r\n   "edit_sidebar2_column14":"",\r\n   "edit_sidebar2_column15":"",\r\n   "edit_sidebar3_column1":"metadata_title",\r\n   "edit_sidebar3_column2":"metadata_description",\r\n   "edit_sidebar3_column3":"metadata_keywords",\r\n   "edit_sidebar3_column4":"metadata_robots",\r\n   "edit_sidebar3_column5":"metadata_author",\r\n   "edit_sidebar3_column6":"metadata_content_rights",\r\n   "edit_sidebar3_column7":"",\r\n   "edit_sidebar3_column8":"",\r\n   "edit_sidebar3_column9":"",\r\n   "edit_sidebar3_column10":"",\r\n   "edit_sidebar3_column11":"",\r\n   "edit_sidebar3_column12":"",\r\n   "edit_sidebar3_column13":"",\r\n   "edit_sidebar3_column14":"",\r\n   "edit_sidebar3_column15":"",\r\n   "edit_sidebar4_column1":"enable_response_comments",\r\n   "edit_sidebar4_column2":"enable_response_comment_form_open_days",\r\n   "edit_sidebar4_column3":"enable_response_hit_counts",\r\n   "edit_sidebar4_column4":"enable_response_ratings",\r\n   "edit_sidebar4_column5":"enable_response_subscriptions",\r\n   "edit_sidebar4_column6":"enable_response_vote",\r\n   "edit_sidebar4_column7":"enable_response_vote_form_open_days",\r\n   "edit_sidebar4_column8":"",\r\n   "edit_sidebar4_column9":"",\r\n   "edit_sidebar4_column10":"",\r\n   "edit_sidebar4_column11":"",\r\n   "edit_sidebar4_column12":"",\r\n   "edit_sidebar4_column13":"",\r\n   "edit_sidebar4_column14":"",\r\n   "edit_sidebar4_column15":"",\r\n   "edit_footer_column1":"",\r\n   "edit_footer_column2":"",\r\n   "edit_footer_column3":"",\r\n   "edit_footer_column4":"",\r\n   "edit_footer_column5":"",\r\n   "form_parent_menu_id":"11123",\r\n   "form_theme_id":"",\r\n   "form_page_view_id":"8050",\r\n   "form_page_view_css_id":"",\r\n   "form_page_view_css_class":"",\r\n   "form_template_view_id":"9310",\r\n   "form_template_view_css_id":"",\r\n   "form_template_view_css_class":"",\r\n   "form_wrap_view_id":"10140",\r\n   "form_wrap_view_css_id":"",\r\n   "form_wrap_view_css_class":"",\r\n   "form_wrap_view_role":"",\r\n   "form_wrap_view_property":"",\r\n   "form_model_name":"Groups",\r\n   "form_model_type":"Resource",\r\n   "form_model_query_object":"Item",\r\n   "item_parent_menu_id":"11123",\r\n   "item_theme_id":"",\r\n   "item_page_view_id":"8270",\r\n   "item_page_view_css_id":"",\r\n   "item_page_view_css_class":"",\r\n   "item_template_view_id":"9390",\r\n   "item_template_view_css_id":"",\r\n   "item_template_view_css_class":"",\r\n   "item_wrap_view_id":"10010",\r\n   "item_wrap_view_css_id":"",\r\n   "item_wrap_view_css_class":"",\r\n   "item_wrap_view_role":"",\r\n   "item_wrap_view_property":"",\r\n   "item_model_name":"Groups",\r\n   "item_model_type":"Resource",\r\n   "item_model_query_object":"Item",\r\n   "list_parent_menu_id":"",\r\n   "list_theme_id":"",\r\n   "list_page_view_id":"",\r\n   "list_page_view_css_id":"",\r\n   "list_page_view_css_class":"",\r\n   "list_template_view_id":"",\r\n   "list_template_view_css_id":"",\r\n   "list_template_view_css_class":"",\r\n   "list_wrap_view_id":"",\r\n   "list_wrap_view_css_id":"",\r\n   "list_wrap_view_css_class":"",\r\n   "list_wrap_view_role":"",\r\n   "list_wrap_view_property":"",\r\n   "list_model_name":"Groups",\r\n   "list_model_type":"Resource",\r\n   "list_model_query_object":"List",\r\n   "list_model_ordering":"",\r\n   "list_model_ordering_direction":"",\r\n   "list_model_offset":"0",\r\n   "list_model_count":"10",\r\n   "list_model_use_pagination":"1"\r\n}', '{\r\n   "metadata_title":"Groups",\r\n   "metadata_description":"",\r\n   "metadata_keywords":"",\r\n   "metadata_robots":"follow,index",\r\n   "metadata_author":""\r\n}', 'en-GB', 0, 14);

INSERT INTO `molajo_extension_instances` (`id`, `extension_id`, `catalog_type_id`, `title`, `root`, `parent_id`, `lft`, `rgt`, `lvl`, `subtitle`, `path`, `alias`, `menu`, `page_type`, `content_text`, `protected`, `featured`, `stickied`, `status`, `start_publishing_datetime`, `stop_publishing_datetime`, `version`, `version_of_id`, `status_prior_to_version`, `created_datetime`, `created_by`, `modified_datetime`, `modified_by`, `checked_out_datetime`, `checked_out_by`, `home`, `customfields`, `parameters`, `metadata`, `language`, `translation_of_id`, `ordering`) VALUES
  (11123, 11100, 11000, 'Groups', 11100, 11120, 102, 109, 3, '', '', 'groups', 'Menuadmin', 'Grid', '', 1, 0, 0, 1, '2015-01-15 12:00:00', '0000-00-00 00:00:00', 1, 0, 0, '2015-01-15 12:00:00', 1, '0000-00-00 00:00:00', 0, '0000-00-00 00:00:00', 0, 0, '{}', '{\r\n        "criteria_title":"Groups",\r\n        "criteria_display_view_on_no_results":"0",\r\n        "criteria_snippet_length":"150",\r\n        "criteria_status":"0,1,2",\r\n        "criteria_catalog_type_id":"13000",\r\n        "criteria_extension_instance_id":"13000",\r\n        "criteria_source_id":"",\r\n\r\n        "grid_action_archive":"1",\r\n        "grid_action_checkin":"1",\r\n        "grid_action_feature":"1",\r\n        "grid_action_publish":"1",\r\n        "grid_action_restore":"1",\r\n        "grid_action_sticky":"1",\r\n        "grid_action_trash":"1",\r\n        "grid_action_unpublish":"1",\r\n \r\n        "grid_toolbar_button_categories":"1",\r\n        "grid_toolbar_button_copy":"1",\r\n        "grid_toolbar_button_filter":"1",\r\n        "grid_toolbar_button_new":"1",\r\n        "grid_toolbar_button_permissions":"1",\r\n        "grid_toolbar_button_tags":"1",\r\n\r\n        "grid_batch_categories":"1",\r\n        "grid_batch_permissions":"1",\r\n        "grid_batch_tags":"1",\r\n\r\n        "grid_status":"2,1,0",\r\n        "grid_ordering":"title",\r\n        "grid_ordering_direction":"ASC",\r\n        "grid_items_per_page":"15",\r\n        "grid_use_pagination":"1",\r\n\r\n        "grid_filter_list1":"Filter_Status",\r\n        "grid_filter_list2":"Filter_Categories",\r\n        "grid_filter_list3":"Filter_Tags",\r\n        "grid_filter_list4":"Filter_Author",\r\n        "grid_filter_list5":"Filter_Featured",\r\n        "grid_filter_list6":"",\r\n        "grid_filter_list7":"",\r\n        "grid_filter_list8":"",\r\n        "grid_filter_list9":"",\r\n        "grid_filter_search":"1",\r\n\r\n        "grid_column1":"title",\r\n        "grid_column2":"created_by_full_name",\r\n        "grid_column3":"status_name",\r\n        "grid_column4":"featured",\r\n        "grid_column5":"start_publishing_datetime_ccyy_mm_dd",\r\n        "grid_column6":"ordering",\r\n        "grid_column7":"id",\r\n        "grid_column8":"",\r\n        "grid_column9":"",\r\n\r\n        "grid_pagination_ordering_column":"title",\r\n        "grid_pagination_use":"1",\r\n\r\n        "page_type":"Grid",\r\n\r\n        "menuitem_theme_id":"",\r\n\r\n        "menuitem_page_view_id":"8040",\r\n        "menuitem_page_view_css_id":"",\r\n        "menuitem_page_view_css_class":"",\r\n\r\n        "menuitem_template_view_id":"9050",\r\n        "menuitem_template_view_css_id":"",\r\n        "menuitem_template_view_css_class":"",\r\n\r\n        "menuitem_wrap_view_id":"10140",\r\n        "menuitem_wrap_view_css_id":"",\r\n        "menuitem_wrap_view_css_class":"",\r\n        "menuitem_wrap_view_role":"",\r\n        "menuitem_wrap_view_property":"",\r\n\r\n        "menuitem_model_type":"Resource",\r\n        "menuitem_model_name":"Groups",\r\n        "menuitem_model_query_object":"list",\r\n        \r\n        "menuitem_model_offset":"0",\r\n        "menuitem_model_count":"10",\r\n        "menuitem_model_use_pagination":"1"\r\n}\r\n', NULL, 'en-GB', 0, 2),
  (25044, 11100, 11000, 'List', 11100, 11123, 103, 104, 4, '', 'groups', 'list', 'Menuadmin', 'Link', '', 1, 0, 0, 1, '2015-01-15 12:00:00', '0000-00-00 00:00:00', 1, 0, 0, '2015-01-15 12:00:00', 1, '0000-00-00 00:00:00', 0, '0000-00-00 00:00:00', 0, 0, '', '', '', 'en-GB', 0, 1),
  (25007, 11100, 11000, 'New', 11100, 11123, 105, 106, 4, '', 'groups', 'new', 'Menuadmin', 'New', '', 1, 0, 0, 1, '2015-01-15 12:00:00', '0000-00-00 00:00:00', 1, 0, 0, '2015-01-15 12:00:00', 1, '0000-00-00 00:00:00', 0, '0000-00-00 00:00:00', 0, 0, '', '{\r\n        "criteria_title":"New Group",\r\n        "criteria_display_view_on_no_results":"1",\r\n        "criteria_snippet_length":"",\r\n        "criteria_status":"",\r\n        "criteria_catalog_type_id":"13000",\r\n        "criteria_extension_instance_id":"13000",\r\n\r\n        "page_type":"new",\r\n\r\n        "menuitem_theme_id":"",\r\n\r\n        "menuitem_page_view_id":"8050",\r\n        "menuitem_page_view_css_id":"",\r\n        "menuitem_page_view_css_class":"",\r\n\r\n        "menuitem_template_view_id":"9310",\r\n        "menuitem_template_view_css_id":"",\r\n        "menuitem_template_view_css_class":"",\r\n\r\n        "menuitem_wrap_view_id":"",\r\n        "menuitem_wrap_view_css_id":"",\r\n        "menuitem_wrap_view_css_class":"",\r\n        "menuitem_wrap_view_role":"",\r\n        "menuitem_wrap_view_property":"",\r\n\r\n        "model_name":"Groups",\r\n        "model_type":"Primary",\r\n        "model_query_object":"item",\r\n        \r\n        "model_offset":"0",\r\n        "model_count":"10",\r\n        "model_use_pagination":"1"\r\n}', '{\r\n   "metadata_title":"Groups",\r\n   "metadata_description":"",\r\n   "metadata_keywords":"",\r\n   "metadata_robots":"follow,index",\r\n   "metadata_author":""\r\n}', 'en-GB', 0, 2),
  (11147, 11100, 11000, 'Configuration', 11100, 11123, 107, 108, 4, '', 'groups', 'configuration', 'Menuadmin', 'Configuration', '', 1, 0, 0, 1, '2015-01-15 12:00:00', '0000-00-00 00:00:00', 1, 0, 0, '2015-01-15 12:00:00', 1, '0000-00-00 00:00:00', 0, '0000-00-00 00:00:00', 0, 0, '{}', '{\r\n        "criteria_title":"Groups Configuration",\r\n        "criteria_display_view_on_no_results":"0",\r\n        "criteria_snippet_length":"100",\r\n        "criteria_status":"1,2",\r\n        "criteria_catalog_type_id":"13000",\r\n        "criteria_extension_instance_id":"13000",\r\n\r\n        "page_type":"configuration",\r\n\r\n        "menuitem_theme_id":"",\r\n\r\n        "menuitem_page_view_id":"8010",\r\n        "menuitem_page_view_css_id":"",\r\n        "menuitem_page_view_css_class":"",\r\n        "menuitem_template_view_id":"9025",\r\n        "menuitem_template_view_css_id":"",\r\n        "menuitem_template_view_css_class":"",\r\n\r\n        "menuitem_wrap_view_id":"",\r\n        "menuitem_wrap_view_css_id":"configuration",\r\n        "menuitem_wrap_view_css_class":"",\r\n        "menuitem_wrap_view_role":"",\r\n        "menuitem_wrap_view_property":"",\r\n\r\n        "model_name":"Groups",\r\n        "model_type":"Primary",\r\n        "model_query_object":"item",\r\n        \r\n        "model_offset":"0",\r\n        "model_count":"10",\r\n        "model_use_pagination":"1"\r\n}', '{"metadata_title":"Files", \r\n"metadata_description":"", \r\n"metadata_keywords":"", \r\n"metadata_robots":"follow,index", \r\n"metadata_author":"", \r\n"metadata_content_rights":""}        ', 'en-GB', 0, 3);

INSERT INTO `molajo_groups` (`id`, `site_id`, `extension_instance_id`, `catalog_type_id`, `title`, `subtitle`, `path`, `alias`, `content_text`, `protected`, `featured`, `stickied`, `status`, `start_publishing_datetime`, `stop_publishing_datetime`, `version`, `version_of_id`, `status_prior_to_version`, `created_datetime`, `created_by`, `modified_datetime`, `modified_by`, `checked_out_datetime`, `checked_out_by`, `root`, `parent_id`, `lft`, `rgt`, `lvl`, `home`, `customfields`, `parameters`, `metadata`, `language`, `translation_of_id`, `ordering`) VALUES
  (1, 0, 13000, 13000, 'Administrator', ' ', '', 'administrator', '<p>System Administrator has ultimate control over all data, users, and extensions on the site. Use with care and protect against others accessing this account.</p>', 1, 0, 0, 1, '2012-09-13 12:00:00', '0000-00-00 00:00:00', 1, 0, 0, '2012-09-13 12:00:00', 1, '2012-09-13 12:00:00', 1, '0000-00-00 00:00:00', 0, 1, 0, 1, 18, 1, 0, '{\r\n"group_web_address":"",\r\n"group_email_address":"",\r\n"group_owner":"42",\r\n"group_collection_id":"0"\r\n}', '{}', '{}', 'en-GB', 0, 1),
  (2, 0, 13000, 13000, 'Public', ' ', '', 'public', '<p>All visitors, regardless of whether or not the visitor is logged on, are members of the <strong>Public</strong> group.</p>', 1, 0, 0, 1, '2012-09-13 12:00:00', '0000-00-00 00:00:00', 1, 0, 0, '2012-09-13 12:00:00', 1, '2012-09-13 12:00:00', 1, '0000-00-00 00:00:00', 0, 1, 0, 2, 7, 1, 0, '{\n"group_web_address":"",\n"group_email_address":"",\n"group_owner":"0",\n"group_collection_id":"0"\n}', '{}', '{}', 'en-GB', 0, 2),
  (3, 0, 13000, 13000, 'Guest', ' ', '', 'guest', '<p>Visitors who are not logged on are members of the <strong>Guest</strong> group.</p>', 1, 0, 0, 1, '2012-09-13 12:00:00', '0000-00-00 00:00:00', 1, 0, 0, '2012-09-13 12:00:00', 1, '2012-09-13 12:00:00', 1, '0000-00-00 00:00:00', 0, 1, 2, 3, 4, 2, 0, '{\r\n"group_web_address":"",\r\n"group_email_address":"",\r\n"group_owner":"0",\r\n"group_collection_id":"0"\r\n}', '{}', '{}', 'en-GB', 0, 3),
  (4, 0, 13000, 13000, 'Registered', ' ', '', 'registered', '<p>Visitors who are logged on are members of the <strong>Registered</strong> group.</p>', 1, 0, 0, 1, '2012-09-13 12:00:00', '0000-00-00 00:00:00', 1, 0, 0, '2012-09-13 12:00:00', 1, '2012-09-13 12:00:00', 1, '0000-00-00 00:00:00', 0, 1, 2, 5, 6, 2, 0, '{\r\n"group_web_address":"",\r\n"group_email_address":"",\r\n"group_owner":"0",\r\n"group_collection_id":"0"\r\n}', '{}', '{}', 'en-GB', 0, 4),
  (5, 0, 13000, 13000, 'Developer', ' ', '', 'developer', '<p>Developer group has full control over data, users, and extensions just like the System administratrator. Use with caution.</p>', 0, 0, 0, 0, '2012-09-13 12:00:00', '0000-00-00 00:00:00', 1, 0, 0, '2012-09-13 12:00:00', 1, '2012-09-13 12:00:00', 1, '0000-00-00 00:00:00', 0, 1, 1, 8, 9, 2, 0, '{\r\n"group_web_address":"",\r\n"group_email_address":"",\r\n"group_owner":"0",\r\n"group_collection_id":"0"\r\n}', '{}', '{}', 'en-GB', 0, 5),
  (6, 0, 13000, 13000, 'Manager', ' ', '', 'manager', '<p>Manager group, default configuration allows users assigned to the group with the ability to manage all content and user data, but not to manage extensions.</p>', 0, 0, 0, 0, '2012-09-13 12:00:00', '0000-00-00 00:00:00', 1, 0, 0, '2012-09-13 12:00:00', 1, '2012-09-13 12:00:00', 1, '0000-00-00 00:00:00', 0, 1, 1, 10, 17, 2, 0, '{\r\n"group_web_address":"",\r\n"group_email_address":"",\r\n"group_owner":"0",\r\n"group_collection_id":"0"\r\n}', '{}', '{}', 'en-GB', 0, 6),
  (7, 0, 13000, 13000, 'Publisher', ' ', '', 'publisher', '<p>Publisher group, typically configured to provide users assigned to the group with the ability to  <strong>create</strong>, <strong>update</strong> and <strong>publish</strong> content, but not delete or administer it. Note: use the Resource Options to enable all users to manage content they created.</p>', 0, 0, 0, 0, '2012-09-13 12:00:00', '0000-00-00 00:00:00', 1, 0, 0, '2012-09-13 12:00:00', 1, '2012-09-13 12:00:00', 1, '0000-00-00 00:00:00', 0, 1, 6, 11, 16, 3, 0, '{\r\n"group_web_address":"",\r\n"group_email_address":"",\r\n"group_owner":"0",\r\n"group_collection_id":"0"\r\n}', '{}', '{}', 'en-GB', 0, 7),
  (8, 0, 13000, 13000, 'Editor', ' ', '', 'editor', '<p>Editor group, typically configured to provide users assigned to the group with the ability to  <strong>create</strong> and <strong>update</strong> content, but not publish, delete or administer it. Note: use the Resource Options to enable all users to manage content they created.</p>', 0, 0, 0, 0, '2012-09-13 12:00:00', '0000-00-00 00:00:00', 1, 0, 0, '2012-09-13 12:00:00', 1, '2012-09-13 12:00:00', 1, '0000-00-00 00:00:00', 0, 1, 8, 12, 15, 4, 0, '{\r\n"group_web_address":"",\r\n"group_email_address":"",\r\n"group_owner":"0",\r\n"group_collection_id":"0"\r\n}', '{}', '{}', 'en-GB', 0, 8),
  (9, 0, 13000, 13000, 'Author', ' ', '', 'author', '<p>Author group, typically configured to provide users assigned to the group with the ability to  <strong>create</strong> content, but not update, publish, delete or administer it. Note: use the Resource Options to enable all users to manage content they created.</p>', 0, 0, 0, 0, '2012-09-13 12:00:00', '0000-00-00 00:00:00', 1, 0, 0, '2012-09-13 12:00:00', 1, '2012-09-13 12:00:00', 1, '0000-00-00 00:00:00', 0, 1, 9, 13, 14, 5, 0, '{\r\n"group_web_address":"",\r\n"group_email_address":"",\r\n"group_owner":"0",\r\n"group_collection_id":"0"\r\n}', '{}', '{}', 'en-GB', 0, 9);

INSERT INTO `molajo_view_groups` (`id`, `view_group_name_list`, `view_group_id_list`) VALUES
  (1, 'Public', '2'),
  (2, 'Guest', '3'),
  (3, 'Registered', '4'),
  (4, 'Special', '5,6,7,8,9'),
  (5, 'System', '8,9'),
  (6, 'System Administrator', '1');

INSERT INTO `molajo_group_view_groups` (`view_group_id`, `group_id`) VALUES
  (1, 2),
  (2, 3),
  (3, 4),
  (4, 5),
  (4, 6),
  (4, 7),
  (4, 8),
  (4, 9),
  (5, 8),
  (5, 9),
  (6, 1);

INSERT INTO `molajo_user_sites` (`user_id`, `site_id`) VALUES
  (0, 1),
  (1, 1);

INSERT INTO `molajo_user_groups` (`user_id`, `group_id`) VALUES
  (0, 2),
  (0, 3),
  (1, 1),
  (1, 3),
  (1, 4),
  (1, 5),
  (1, 6),
  (1, 7),
  (1, 8),
  (1, 9);

INSERT INTO `molajo_user_view_groups` (`user_id`, `view_group_id`) VALUES
  (0, 1),
  (0, 2),
  (1, 1),
  (1, 3),
  (1, 4),
  (1, 5),
  (1, 6);

INSERT INTO `molajo_user_applications` (`user_id`, `application_id`) VALUES
  (0, 1),
  (0, 2),
  (1, 1),
  (1, 2);

--
-- Data for `molajo_actions`
--

INSERT INTO `molajo_actions` (`id`, `title`, `protected`) VALUES
  (1, 'Login', 1),
  (2, 'Create', 1),
  (3, 'Read', 1),
  (4, 'Update', 1),
  (5, 'Publish', 1),
  (6, 'Delete', 1),
  (7, 'Administer', 1);


--
-- Permissions Extension
--

INSERT INTO `molajo_extensions` (`id`, `extension_site_id`, `catalog_type_id`, `name`, `subtitle`, `language`, `translation_of_id`, `ordering`) VALUES
  (4000, 1, 4000, 'Permissions', '', 'en-GB', 0, 1);

INSERT INTO `molajo_extension_instances` (`id`, `extension_id`, `catalog_type_id`, `title`, `subtitle`, `path`, `alias`, `menu`, `page_type`, `content_text`, `protected`, `featured`, `stickied`, `status`, `start_publishing_datetime`, `stop_publishing_datetime`, `version`, `version_of_id`, `status_prior_to_version`, `created_datetime`, `created_by`, `modified_datetime`, `modified_by`, `checked_out_datetime`, `checked_out_by`, `root`, `parent_id`, `lft`, `rgt`, `lvl`, `home`, `customfields`, `parameters`, `metadata`, `language`, `translation_of_id`, `ordering`) VALUES
  (4000, 4000, 4000, 'Permissions', '', '', 'permissions', '', 'List', '', 1, 0, 0, 1, '2015-01-15 08:00:00', '0000-00-00 00:00:00', 1, 0, 0, '2012-09-13 12:00:00', 0, '2012-09-13 12:00:00', 0, '0000-00-00 00:00:00', 0, 0, 0, 0, 0, 0, 0, '{}', '{\r\n   "criteria_title":"Permissions",\r\n   "criteria_catalog_type_id":"4000",\r\n   "criteria_extension_instance_id":"4000",\r\n   "criteria_source_id":"",\r\n   "criteria_status":"0,1,2",\r\n   "criteria_snippet_length":"200",\r\n   "criteria_display_view_on_no_results":"1",\r\n   "enable_content_draft_save":"1",\r\n   "enable_content_log_catalog_activity":"0",\r\n   "enable_content_maximum_version_count":"5",\r\n   "enable_content_retain_versions_after_delete":"1",\r\n   "enable_content_version_history":"1",\r\n   "enable_broadcast_notifications":"0",\r\n   "enable_broadcast_ping":"0",\r\n   "enable_broadcast_tweets":"0",\r\n   "enable_broadcast_feed":"0",\r\n   "enable_categorize_categories":"",\r\n   "enable_categorize_tags":"",\r\n   "enable_protection_bad_word_filter":"shoot",\r\n   "enable_protection_block_email_address":"joe@example.com",\r\n   "enable_protection_block_name":"Joe Smith,Betty Boop",\r\n   "enable_protection_flood_control_seconds":"120",\r\n   "enable_protection_ip_address":"",\r\n   "enable_protection_content_length":"1000",\r\n   "enable_protection_log_user_activity":"",\r\n   "enable_protection_spam_guard":"1",\r\n   "enable_response_comment_form_open_days":"90",\r\n   "enable_response_comments":"1",\r\n   "enable_response_hit_counts":"1",\r\n   "enable_response_ratings":"1",\r\n   "enable_response_subscriptions":"1",\r\n   "enable_response_vote_form_open_days":"90",\r\n   "enable_response_vote":"1",\r\n   "enable_system_ajax_access":"1",\r\n   "enable_system_search":"1",\r\n   "edit_toolbar_buttons_new":"save,cancel",\r\n   "edit_toolbar_buttons_edit":"save,saveas,cancel,delete",\r\n   "edit_title_column1":"title",\r\n   "edit_title_column2":"alias",\r\n   "edit_title_column3":"subtitle",\r\n   "edit_title_column4":"status",\r\n   "edit_title_column5":"",\r\n   "edit_title_column6":"",\r\n   "edit_editor_column1":"content_text",\r\n   "edit_editor_column2":"",\r\n   "edit_editor_column3":"",\r\n   "edit_editor_column4":"",\r\n   "edit_editor_column5":"",\r\n   "edit_editor_column6":"",\r\n   "edit_editor_column7":"",\r\n   "edit_editor_column8":"",\r\n   "edit_editor_column9":"",\r\n   "edit_editor_column10":"",\r\n   "edit_editor_column11":"",\r\n   "edit_editor_column12":"",\r\n   "edit_editor_column13":"",\r\n   "edit_editor_column14":"",\r\n   "edit_editor_column15":"",\r\n   "edit_subeditor_column1":"modified_by",\r\n   "edit_subeditor_column2":"modified_datetime",\r\n   "edit_subeditor_column3":"version",\r\n   "edit_subeditor_column4":"version_of_id",\r\n   "edit_subeditor_column5":"",\r\n   "edit_sidebar1_column1":"created_by",\r\n   "edit_sidebar1_column2":"created_datetime",\r\n   "edit_sidebar1_column3":"start_publishing_datetime",\r\n   "edit_sidebar1_column4":"stop_publishing_datetime",\r\n   "edit_sidebar1_column5":"ordering",\r\n   "edit_sidebar1_column6":"",\r\n   "edit_sidebar1_column7":"",\r\n   "edit_sidebar1_column8":"",\r\n   "edit_sidebar1_column9":"",\r\n   "edit_sidebar1_column10":"",\r\n   "edit_sidebar1_column11":"",\r\n   "edit_sidebar1_column12":"",\r\n   "edit_sidebar1_column13":"",\r\n   "edit_sidebar1_column14":"",\r\n   "edit_sidebar1_column15":"",\r\n   "edit_sidebar2_column1":"featured",\r\n   "edit_sidebar2_column2":"stickied",\r\n   "edit_sidebar2_column3":"tags",\r\n   "edit_sidebar2_column4":"categories",\r\n   "edit_sidebar2_column5":"language",\r\n   "edit_sidebar2_column6":"translation_of_id",\r\n   "edit_sidebar2_column7":"enable_system_search",\r\n   "edit_sidebar2_column8":"",\r\n   "edit_sidebar2_column9":"",\r\n   "edit_sidebar2_column10":"",\r\n   "edit_sidebar2_column11":"",\r\n   "edit_sidebar2_column12":"",\r\n   "edit_sidebar2_column13":"",\r\n   "edit_sidebar2_column14":"",\r\n   "edit_sidebar2_column15":"",\r\n   "edit_sidebar3_column1":"metadata_title",\r\n   "edit_sidebar3_column2":"metadata_description",\r\n   "edit_sidebar3_column3":"metadata_keywords",\r\n   "edit_sidebar3_column4":"metadata_robots",\r\n   "edit_sidebar3_column5":"metadata_author",\r\n   "edit_sidebar3_column6":"metadata_content_rights",\r\n   "edit_sidebar3_column7":"",\r\n   "edit_sidebar3_column8":"",\r\n   "edit_sidebar3_column9":"",\r\n   "edit_sidebar3_column10":"",\r\n   "edit_sidebar3_column11":"",\r\n   "edit_sidebar3_column12":"",\r\n   "edit_sidebar3_column13":"",\r\n   "edit_sidebar3_column14":"",\r\n   "edit_sidebar3_column15":"",\r\n   "edit_sidebar4_column1":"enable_response_comments",\r\n   "edit_sidebar4_column2":"enable_response_comment_form_open_days",\r\n   "edit_sidebar4_column3":"enable_response_hit_counts",\r\n   "edit_sidebar4_column4":"enable_response_ratings",\r\n   "edit_sidebar4_column5":"enable_response_subscriptions",\r\n   "edit_sidebar4_column6":"enable_response_vote",\r\n   "edit_sidebar4_column7":"enable_response_vote_form_open_days",\r\n   "edit_sidebar4_column8":"",\r\n   "edit_sidebar4_column9":"",\r\n   "edit_sidebar4_column10":"",\r\n   "edit_sidebar4_column11":"",\r\n   "edit_sidebar4_column12":"",\r\n   "edit_sidebar4_column13":"",\r\n   "edit_sidebar4_column14":"",\r\n   "edit_sidebar4_column15":"",\r\n   "edit_footer_column1":"",\r\n   "edit_footer_column2":"",\r\n   "edit_footer_column3":"",\r\n   "edit_footer_column4":"",\r\n   "edit_footer_column5":"",\r\n   "form_parent_menu_id":"11124",\r\n   "form_theme_id":"",\r\n   "form_page_view_id":"8050",\r\n   "form_page_view_css_id":"",\r\n   "form_page_view_css_class":"",\r\n   "form_template_view_id":"9310",\r\n   "form_template_view_css_id":"",\r\n   "form_template_view_css_class":"",\r\n   "form_wrap_view_id":"10140",\r\n   "form_wrap_view_css_id":"",\r\n   "form_wrap_view_css_class":"",\r\n   "form_wrap_view_role":"",\r\n   "form_wrap_view_property":"",\r\n   "form_model_name":"Permissions",\r\n   "form_model_type":"Resource",\r\n   "form_model_query_object":"item",\r\n   "item_parent_menu_id":"11124",\r\n   "item_theme_id":"",\r\n   "item_page_view_id":"8270",\r\n   "item_page_view_css_id":"",\r\n   "item_page_view_css_class":"",\r\n   "item_template_view_id":"9710",\r\n   "item_template_view_css_id":"",\r\n   "item_template_view_css_class":"",\r\n   "item_wrap_view_id":"",\r\n   "item_wrap_view_css_id":"",\r\n   "item_wrap_view_css_class":"",\r\n   "item_wrap_view_role":"",\r\n   "item_wrap_view_property":"",\r\n   "item_model_name":"Permissions",\r\n   "item_model_type":"Primary",\r\n   "item_model_query_object":"Item",\r\n   "list_parent_menu_id":"",\r\n   "list_theme_id":"",\r\n   "list_page_view_id":"",\r\n   "list_page_view_css_id":"",\r\n   "list_page_view_css_class":"",\r\n   "list_template_view_id":"",\r\n   "list_template_view_css_id":"",\r\n   "list_template_view_css_class":"",\r\n   "list_wrap_view_id":"",\r\n   "list_wrap_view_css_id":"",\r\n   "list_wrap_view_css_class":"",\r\n   "list_wrap_view_role":"",\r\n   "list_wrap_view_property":"",\r\n   "list_model_name":"Permissions",\r\n   "list_model_type":"Resource",\r\n   "list_model_query_object":"List",\r\n   "list_model_ordering":"",\r\n   "list_model_ordering_direction":"",\r\n   "list_model_offset":"0",\r\n   "list_model_count":"10",\r\n   "list_model_use_pagination":"1"\r\n}', '{\r\n   "metadata_title":"Permissions",\r\n   "metadata_description":"",\r\n   "metadata_keywords":"",\r\n   "metadata_robots":"follow,index",\r\n   "metadata_author":""\r\n}', 'en-GB', 0, 1);

INSERT INTO `molajo_extension_instances` (`id`, `extension_id`, `catalog_type_id`, `title`, `root`, `parent_id`, `lft`, `rgt`, `lvl`, `subtitle`, `path`, `alias`, `menu`, `page_type`, `content_text`, `protected`, `featured`, `stickied`, `status`, `start_publishing_datetime`, `stop_publishing_datetime`, `version`, `version_of_id`, `status_prior_to_version`, `created_datetime`, `created_by`, `modified_datetime`, `modified_by`, `checked_out_datetime`, `checked_out_by`, `home`, `customfields`, `parameters`, `metadata`, `language`, `translation_of_id`, `ordering`) VALUES
  (25064, 11100, 11000, 'Permissions', 11100, 11120, 110, 117, 3, '', '', 'permissions', 'Menuadmin', 'Grid', '', 1, 0, 0, 1, '2015-01-15 12:00:00', '0000-00-00 00:00:00', 1, 0, 0, '2015-01-15 12:00:00', 1, '0000-00-00 00:00:00', 0, '0000-00-00 00:00:00', 0, 0, '{}', '{\r\n        "criteria_title":"Permissions",\r\n        "criteria_display_view_on_no_results":"0",\r\n        "criteria_snippet_length":"150",\r\n        "criteria_status":"0,1,2",\r\n        "criteria_catalog_type_id":"3500",\r\n        "criteria_extension_instance_id":"3500",\r\n        "criteria_source_id":"",\r\n\r\n        "grid_action_archive":"1",\r\n        "grid_action_checkin":"1",\r\n        "grid_action_feature":"1",\r\n        "grid_action_publish":"1",\r\n        "grid_action_restore":"1",\r\n        "grid_action_sticky":"1",\r\n        "grid_action_trash":"1",\r\n        "grid_action_unpublish":"1",\r\n \r\n        "grid_toolbar_button_categories":"1",\r\n        "grid_toolbar_button_copy":"1",\r\n        "grid_toolbar_button_filter":"1",\r\n        "grid_toolbar_button_new":"1",\r\n        "grid_toolbar_button_permissions":"1",\r\n        "grid_toolbar_button_tags":"1",\r\n\r\n        "grid_batch_categories":"1",\r\n        "grid_batch_permissions":"1",\r\n        "grid_batch_tags":"1",\r\n\r\n        "grid_status":"2,1,0",\r\n        "grid_ordering":"title",\r\n        "grid_ordering_direction":"ASC",\r\n        "grid_items_per_page":"15",\r\n        "grid_use_pagination":"1",\r\n\r\n        "grid_filter_list1":"Filter_Status",\r\n        "grid_filter_list2":"Filter_Categories",\r\n        "grid_filter_list3":"Filter_Tags",\r\n        "grid_filter_list4":"Filter_Author",\r\n        "grid_filter_list5":"Filter_Featured",\r\n        "grid_filter_list6":"",\r\n        "grid_filter_list7":"",\r\n        "grid_filter_list8":"",\r\n        "grid_filter_list9":"",\r\n        "grid_filter_search":"1",\r\n\r\n        "grid_column1":"title",\r\n        "grid_column2":"created_by_full_name",\r\n        "grid_column3":"status_name",\r\n        "grid_column4":"featured",\r\n        "grid_column5":"start_publishing_datetime_ccyy_mm_dd",\r\n        "grid_column6":"ordering",\r\n        "grid_column7":"id",\r\n        "grid_column8":"",\r\n        "grid_column9":"",\r\n\r\n        "grid_pagination_ordering_column":"title",\r\n        "grid_pagination_use":"1",\r\n\r\n        "page_type":"Grid",\r\n\r\n        "menuitem_theme_id":"",\r\n\r\n        "menuitem_page_view_id":"8040",\r\n        "menuitem_page_view_css_id":"",\r\n        "menuitem_page_view_css_class":"",\r\n\r\n        "menuitem_template_view_id":"9050",\r\n        "menuitem_template_view_css_id":"",\r\n        "menuitem_template_view_css_class":"",\r\n\r\n        "menuitem_wrap_view_id":"10140",\r\n        "menuitem_wrap_view_css_id":"",\r\n        "menuitem_wrap_view_css_class":"",\r\n        "menuitem_wrap_view_role":"",\r\n        "menuitem_wrap_view_property":"",\r\n\r\n        "menuitem_model_type":"Resource",\r\n        "menuitem_model_name":"Permissions",\r\n        "menuitem_model_query_object":"list",\r\n        \r\n        "menuitem_model_offset":"0",\r\n        "menuitem_model_count":"10",\r\n        "menuitem_model_use_pagination":"1"\r\n}\r\n', '{\r\n   "metadata_title":"Permissions",\r\n   "metadata_description":"",\r\n   "metadata_keywords":"",\r\n   "metadata_robots":"follow,index",\r\n   "metadata_author":""\r\n}', 'en-GB', 0, 3),
  (25065, 11100, 11000, 'List', 11100, 11124, 111, 112, 4, '', 'permissions', 'list', 'Menuadmin', 'Link', '', 1, 0, 0, 1, '2015-01-15 12:00:00', '0000-00-00 00:00:00', 1, 0, 0, '2015-01-15 12:00:00', 1, '0000-00-00 00:00:00', 0, '0000-00-00 00:00:00', 0, 0, '', '', '', 'en-GB', 0, 1),
  (25066, 11100, 11000, 'New', 11100, 11124, 113, 114, 4, '', 'permissions', 'new', 'Menuadmin', 'New', '', 1, 0, 0, 1, '2015-01-15 12:00:00', '0000-00-00 00:00:00', 1, 0, 0, '2015-01-15 12:00:00', 1, '0000-00-00 00:00:00', 0, '0000-00-00 00:00:00', 0, 0, '', '{\r\n        "criteria_title":"New Permissions",\r\n        "criteria_display_view_on_no_results":"1",\r\n        "criteria_snippet_length":"",\r\n        "criteria_status":"",\r\n        "criteria_catalog_type_id":"3500",\r\n        "criteria_extension_instance_id":"3500",\r\n\r\n        "page_type":"new",\r\n\r\n        "menuitem_theme_id":"",\r\n\r\n        "menuitem_page_view_id":"8050",\r\n        "menuitem_page_view_css_id":"",\r\n        "menuitem_page_view_css_class":"",\r\n\r\n        "menuitem_template_view_id":"9310",\r\n        "menuitem_template_view_css_id":"",\r\n        "menuitem_template_view_css_class":"",\r\n\r\n        "menuitem_wrap_view_id":"",\r\n        "menuitem_wrap_view_css_id":"",\r\n        "menuitem_wrap_view_css_class":"",\r\n        "menuitem_wrap_view_role":"",\r\n        "menuitem_wrap_view_property":"",\r\n\r\n        "model_name":"Permissions",\r\n        "model_type":"Resource",\r\n        "model_query_object":"item",\r\n        \r\n        "model_offset":"0",\r\n        "model_count":"10",\r\n        "model_use_pagination":"1"\r\n}', '{\r\n   "metadata_title":"Permissions",\r\n   "metadata_description":"",\r\n   "metadata_keywords":"",\r\n   "metadata_robots":"follow,index",\r\n   "metadata_author":""\r\n}', 'en-GB', 0, 2),
  (25067, 11100, 11000, 'Configuration', 11100, 11124, 115, 116, 4, '', 'permissions', 'configuration', 'Menuadmin', 'Configuration', '', 1, 0, 0, 1, '2015-01-15 12:00:00', '0000-00-00 00:00:00', 1, 0, 0, '2015-01-15 12:00:00', 1, '0000-00-00 00:00:00', 0, '0000-00-00 00:00:00', 0, 0, '{}', '\r\n{\r\n        "criteria_title":"Permissions Configuration",\r\n        "criteria_display_view_on_no_results":"0",\r\n        "criteria_snippet_length":"100",\r\n        "criteria_status":"1,2",\r\n        "criteria_catalog_type_id":"3500",\r\n        "criteria_extension_instance_id":"3500",\r\n\r\n        "page_type":"configuration",\r\n\r\n        "menuitem_theme_id":"",\r\n\r\n        "menuitem_page_view_id":"8010",\r\n        "menuitem_page_view_css_id":"",\r\n        "menuitem_page_view_css_class":"",\r\n        "menuitem_template_view_id":"9025",\r\n        "menuitem_template_view_css_id":"",\r\n        "menuitem_template_view_css_class":"",\r\n\r\n        "menuitem_wrap_view_id":"",\r\n        "menuitem_wrap_view_css_id":"",\r\n        "menuitem_wrap_view_css_class":"",\r\n        "menuitem_wrap_view_role":"",\r\n        "menuitem_wrap_view_property":"",\r\n\r\n        "model_name":"Permissions",\r\n        "model_type":"Primary",\r\n        "model_query_object":"item",\r\n        \r\n        "model_offset":"0",\r\n        "model_count":"10",\r\n        "model_use_pagination":"1"\r\n}\r\n', '{\r\n   "metadata_title":"Permissions",\r\n   "metadata_description":"",\r\n   "metadata_keywords":"",\r\n   "metadata_robots":"follow,index",\r\n   "metadata_author":""\r\n}', 'en-GB', 0, 3);
