--
-- Data: `molajo`
--

SET SQL_MODE="NO_AUTO_VALUE_ON_ZERO";
SET time_zone = "+00:00";

--
-- Articles
--

INSERT INTO `molajo_catalog_types` (`id`, `primary_category_id`, `title`, `alias`, `model_type`, `model_name`, `protected`) VALUES
  (16000, 15, 'Articles', 'articles', 'Resource', 'Articles', 1);

INSERT INTO `molajo_extensions` (`id`, `extension_site_id`, `catalog_type_id`, `name`, `subtitle`, `language`, `translation_of_id`, `ordering`) VALUES
  (16000, 1, 12000, 'Articles', '', 'en-GB', 0, 16);

INSERT INTO `molajo_extension_instances` (`id`, `extension_id`, `catalog_type_id`, `title`, `subtitle`, `path`, `alias`, `menu`, `page_type`, `content_text`, `protected`, `featured`, `stickied`, `status`, `start_publishing_datetime`, `stop_publishing_datetime`, `version`, `version_of_id`, `status_prior_to_version`, `created_datetime`, `created_by`, `modified_datetime`, `modified_by`, `checked_out_datetime`, `checked_out_by`, `root`, `parent_id`, `lft`, `rgt`, `lvl`, `home`, `customfields`, `parameters`, `metadata`, `language`, `translation_of_id`, `ordering`) VALUES
  (16000, 16000, 12000, 'Articles', '', '', 'articles', '', 'List', '', 1, 0, 0, 1, '2014-02-14 08:00:00', '0000-00-00 00:00:00', 1, 0, 0, '2012-09-13 12:00:00', 0, '0000-00-00 00:00:00', 0, '0000-00-00 00:00:00', 0, 0, 0, 0, 0, 0, 0, '{}', '{\r\n   "criteria_title":"Articles",\r\n   "criteria_catalog_type_id":"16000",\r\n   "criteria_extension_instance_id":"16000",\r\n   "criteria_source_id":"",\r\n   "criteria_status":"0,1,2",\r\n   "criteria_snippet_length":"200",\r\n   "criteria_display_view_on_no_results":"1",\r\n   "enable_content_draft_save":"1",\r\n   "enable_content_log_catalog_activity":"0",\r\n   "enable_content_maximum_version_count":"5",\r\n   "enable_content_retain_versions_after_delete":"1",\r\n   "enable_content_version_history":"1",\r\n   "enable_broadcast_notifications":"0",\r\n   "enable_broadcast_ping":"0",\r\n   "enable_broadcast_tweets":"0",\r\n   "enable_broadcast_feed":"0",\r\n   "enable_categorize_categories":"",\r\n   "enable_categorize_tags":"",\r\n   "enable_protection_bad_word_filter":"shoot",\r\n   "enable_protection_block_email_address":"joe@example.com",\r\n   "enable_protection_block_name":"Joe Smith,Betty Boop",\r\n   "enable_protection_flood_control_seconds":"120",\r\n   "enable_protection_ip_address":"",\r\n   "enable_protection_content_length":"1000",\r\n   "enable_protection_log_user_activity":"",\r\n   "enable_protection_spam_guard":"1",\r\n   "enable_response_comment_form_open_days":"90",\r\n   "enable_response_comments":"1",\r\n   "enable_response_hit_counts":"1",\r\n   "enable_response_ratings":"1",\r\n   "enable_response_subscriptions":"1",\r\n   "enable_response_vote_form_open_days":"90",\r\n   "enable_response_vote":"1",\r\n   "enable_system_ajax_access":"1",\r\n   "enable_system_search":"1",\r\n   "edit_title_column1":"title",\r\n   "edit_title_column2":"alias",\r\n   "edit_title_column3":"subtitle",\r\n   "edit_title_column4":"status",\r\n   "edit_title_column5":"",\r\n   "edit_title_column6":"",\r\n   "edit_editor_column1":"content_text",\r\n   "edit_editor_column2":"",\r\n   "edit_editor_column3":"",\r\n   "edit_editor_column4":"",\r\n   "edit_editor_column5":"",\r\n   "edit_editor_column6":"",\r\n   "edit_editor_column7":"",\r\n   "edit_editor_column8":"",\r\n   "edit_editor_column9":"",\r\n   "edit_editor_column10":"",\r\n   "edit_editor_column11":"",\r\n   "edit_editor_column12":"",\r\n   "edit_editor_column13":"",\r\n   "edit_editor_column14":"",\r\n   "edit_editor_column15":"",\r\n   "edit_subeditor_column1":"modified_by",\r\n   "edit_subeditor_column2":"modified_datetime",\r\n   "edit_subeditor_column3":"version",\r\n   "edit_subeditor_column4":"version_of_id",\r\n   "edit_subeditor_column5":"",\r\n   "edit_sidebar1_column1":"created_by",\r\n   "edit_sidebar1_column2":"created_datetime",\r\n   "edit_sidebar1_column3":"start_publishing_datetime",\r\n   "edit_sidebar1_column4":"stop_publishing_datetime",\r\n   "edit_sidebar1_column5":"ordering",\r\n   "edit_sidebar1_column6":"",\r\n   "edit_sidebar1_column7":"",\r\n   "edit_sidebar1_column8":"",\r\n   "edit_sidebar1_column9":"",\r\n   "edit_sidebar1_column10":"",\r\n   "edit_sidebar1_column11":"",\r\n   "edit_sidebar1_column12":"",\r\n   "edit_sidebar1_column13":"",\r\n   "edit_sidebar1_column14":"",\r\n   "edit_sidebar1_column15":"",\r\n   "edit_sidebar2_column1":"featured",\r\n   "edit_sidebar2_column2":"stickied",\r\n   "edit_sidebar2_column3":"tags",\r\n   "edit_sidebar2_column4":"language",\r\n   "edit_sidebar2_column5":"translation_of_id",\r\n   "edit_sidebar2_column6":"enable_system_search",\r\n   "edit_sidebar2_column7":"",\r\n   "edit_sidebar2_column8":"",\r\n   "edit_sidebar2_column9":"",\r\n   "edit_sidebar2_column10":"",\r\n   "edit_sidebar2_column11":"",\r\n   "edit_sidebar2_column12":"",\r\n   "edit_sidebar2_column13":"",\r\n   "edit_sidebar2_column14":"",\r\n   "edit_sidebar2_column15":"",\r\n   "edit_sidebar3_column1":"metadata_title",\r\n   "edit_sidebar3_column2":"metadata_description",\r\n   "edit_sidebar3_column3":"metadata_keywords",\r\n   "edit_sidebar3_column4":"metadata_robots",\r\n   "edit_sidebar3_column5":"metadata_author",\r\n   "edit_sidebar3_column6":"metadata_content_rights",\r\n   "edit_sidebar3_column7":"",\r\n   "edit_sidebar3_column8":"",\r\n   "edit_sidebar3_column9":"",\r\n   "edit_sidebar3_column10":"",\r\n   "edit_sidebar3_column11":"",\r\n   "edit_sidebar3_column12":"",\r\n   "edit_sidebar3_column13":"",\r\n   "edit_sidebar3_column14":"",\r\n   "edit_sidebar3_column15":"",\r\n   "edit_sidebar4_column1":"enable_response_comments",\r\n   "edit_sidebar4_column2":"enable_response_comment_form_open_days",\r\n   "edit_sidebar4_column3":"enable_response_hit_counts",\r\n   "edit_sidebar4_column4":"enable_response_ratings",\r\n   "edit_sidebar4_column5":"enable_response_subscriptions",\r\n   "edit_sidebar4_column6":"enable_response_vote",\r\n   "edit_sidebar4_column7":"enable_response_vote_form_open_days",\r\n   "edit_sidebar4_column8":"",\r\n   "edit_sidebar4_column9":"",\r\n   "edit_sidebar4_column10":"",\r\n   "edit_sidebar4_column11":"",\r\n   "edit_sidebar4_column12":"",\r\n   "edit_sidebar4_column13":"",\r\n   "edit_sidebar4_column14":"",\r\n   "edit_sidebar4_column15":"",\r\n   "edit_footer_column1":"",\r\n   "edit_footer_column2":"",\r\n   "edit_footer_column3":"",\r\n   "edit_footer_column4":"",\r\n   "edit_footer_column5":"",\r\n   "form_parent_menu_id":"11102",\r\n   "form_theme_id":"",\r\n   "form_page_view_id":"8050",\r\n   "form_page_view_css_id":"",\r\n   "form_page_view_css_class":"",\r\n   "form_template_view_id":"9310",\r\n   "form_template_view_css_id":"",\r\n   "form_template_view_css_class":"",\r\n   "form_wrap_view_id":"10140",\r\n   "form_wrap_view_css_id":"",\r\n   "form_wrap_view_css_class":"",\r\n   "form_wrap_view_role":"",\r\n   "form_wrap_view_property":"",\r\n   "form_model_type":"Primary",\r\n   "form_model_name":"",\r\n   "form_model_query_object":"item",\r\n   "item_parent_menu_id":"11102",\r\n   "item_theme_id":"",\r\n   "item_page_view_id":"8230",\r\n   "item_page_view_css_id":"",\r\n   "item_page_view_css_class":"",\r\n   "item_template_view_id":"9086",\r\n   "item_template_view_css_id":"",\r\n   "item_template_view_css_class":"",\r\n   "item_wrap_view_id":"10010",\r\n   "item_wrap_view_css_id":"",\r\n   "item_wrap_view_css_class":"",\r\n   "item_wrap_view_role":"",\r\n   "item_wrap_view_property":"",\r\n   "item_model_type":"Primary",\r\n   "item_model_name":"",\r\n   "item_model_query_object":"item",\r\n   "list_parent_menu_id":"",\r\n   "list_theme_id":"",\r\n   "list_page_view_id":"",\r\n   "list_page_view_css_id":"",\r\n   "list_page_view_css_class":"",\r\n   "list_template_view_id":"",\r\n   "list_template_view_css_id":"",\r\n   "list_template_view_css_class":"",\r\n   "list_wrap_view_id":"",\r\n   "list_wrap_view_css_id":"",\r\n   "list_wrap_view_css_class":"",\r\n   "list_wrap_view_role":"",\r\n   "list_wrap_view_property":"",\r\n   "list_model_type":"Primary",\r\n   "list_model_name":"",\r\n   "list_model_query_object":"item",\r\n   "list_model_ordering":"",\r\n   "list_model_ordering_direction":"",\r\n   "list_model_offset":"0",\r\n   "list_model_count":"10",\r\n   "list_model_use_pagination":"1"\r\n}', '{\r\n   "metadata_title":"Articles",\r\n   "metadata_description":"",\r\n   "metadata_keywords":"",\r\n   "metadata_robots":"follow,index",\r\n   "metadata_author":""\r\n}', 'en-GB', 0, 17);

INSERT INTO `molajo_extension_instances` (`id`, `extension_id`, `catalog_type_id`, `title`, `root`, `parent_id`, `lft`, `rgt`, `lvl`, `subtitle`, `path`, `alias`, `menu`, `page_type`, `content_text`, `protected`, `featured`, `stickied`, `status`, `start_publishing_datetime`, `stop_publishing_datetime`, `version`, `version_of_id`, `status_prior_to_version`, `created_datetime`, `created_by`, `modified_datetime`, `modified_by`, `checked_out_datetime`, `checked_out_by`, `home`, `customfields`, `parameters`, `metadata`, `language`, `translation_of_id`, `ordering`) VALUES
  (11102, 11100, 11000, 'Articles', 11100, 11101, 3, 10, 3, '', '', 'articles', 'Menuadmin', 'Grid', '', 1, 0, 0, 1, '2015-01-15 12:00:00', '0000-00-00 00:00:00', 1, 0, 0, '2015-01-15 12:00:00', 1, '0000-00-00 00:00:00', 0, '0000-00-00 00:00:00', 0, 0, '{}', '{\r\n        "criteria_title":"Articles",\r\n        "criteria_display_view_on_no_results":"0",\r\n        "criteria_snippet_length":"150",\r\n        "criteria_status":"0,1,2",\r\n        "criteria_catalog_type_id":"16000",\r\n        "criteria_extension_instance_id":"16000",\r\n        "criteria_source_id":"",\r\n\r\n        "grid_action_archive":"1",\r\n        "grid_action_checkin":"1",\r\n        "grid_action_feature":"1",\r\n        "grid_action_publish":"1",\r\n        "grid_action_restore":"1",\r\n        "grid_action_sticky":"1",\r\n        "grid_action_trash":"1",\r\n        "grid_action_unpublish":"1",\r\n \r\n        "grid_toolbar_button_categories":"1",\r\n        "grid_toolbar_button_copy":"1",\r\n        "grid_toolbar_button_filter":"1",\r\n        "grid_toolbar_button_new":"1",\r\n        "grid_toolbar_button_permissions":"1",\r\n        "grid_toolbar_button_tags":"1",\r\n\r\n        "grid_batch_categories":"1",\r\n        "grid_batch_permissions":"1",\r\n        "grid_batch_tags":"1",\r\n\r\n        "grid_status":"2,1,0",\r\n        "grid_ordering":"title",\r\n        "grid_ordering_direction":"ASC",\r\n        "grid_items_per_page":"15",\r\n        "grid_use_pagination":"1",\r\n\r\n        "grid_filter_list1":"Filter_Status",\r\n        "grid_filter_list2":"Filter_Categories",\r\n        "grid_filter_list3":"Filter_Tags",\r\n        "grid_filter_list4":"Filter_Author",\r\n        "grid_filter_list5":"Filter_Featured",\r\n        "grid_filter_list6":"",\r\n        "grid_filter_list7":"",\r\n        "grid_filter_list8":"",\r\n        "grid_filter_list9":"",\r\n        "grid_filter_search":"1",\r\n\r\n        "grid_column1":"title",\r\n        "grid_column2":"content_text",\r\n        "grid_column3":"status_name",\r\n        "grid_column4":"start_publishing_datetime_ccyy_mm_dd",\r\n        "grid_column5":"stop_publishing_datetime_ccyy_mm_dd",\r\n        "grid_column6":"ordering",\r\n        "grid_column7":"id",\r\n        "grid_column8":"",\r\n        "grid_column9":"",\r\n\r\n        "grid_pagination_ordering_column":"title",\r\n        "grid_pagination_use":"1",\r\n\r\n        "page_type":"Grid",\r\n\r\n        "menuitem_theme_id":"",\r\n\r\n        "menuitem_page_view_id":"8040",\r\n        "menuitem_page_view_css_id":"",\r\n        "menuitem_page_view_css_class":"",\r\n\r\n        "menuitem_template_view_id":"9630",\r\n        "menuitem_template_view_css_id":"",\r\n        "menuitem_template_view_css_class":"",\r\n\r\n        "menuitem_wrap_view_id":"10140",\r\n        "menuitem_wrap_view_css_id":"",\r\n        "menuitem_wrap_view_css_class":"",\r\n        "menuitem_wrap_view_role":"",\r\n        "menuitem_wrap_view_property":"",\r\n\r\n        "menuitem_model_type":"Resource",\r\n        "menuitem_model_name":"Articles",\r\n        "menuitem_model_query_object":"list",\r\n        \r\n        "menuitem_model_offset":"0",\r\n        "menuitem_model_count":"10",\r\n        "menuitem_model_use_pagination":"1"\r\n}\r\n', '{"metadata_title":"Articles", \r\n"metadata_description":"", \r\n"metadata_keywords":"", \r\n"metadata_robots":"follow,index", \r\n"metadata_author":""}        ', 'en-GB', 0, 1),
  (25032, 11100, 11000, 'List', 11100, 11102, 4, 5, 4, '', 'articles', 'list', 'Menuadmin', 'Link', '', 1, 0, 0, 1, '2015-01-15 12:00:00', '0000-00-00 00:00:00', 1, 0, 0, '2015-01-15 12:00:00', 1, '0000-00-00 00:00:00', 0, '0000-00-00 00:00:00', 0, 0, '', '', '', 'en-GB', 0, 1),
  (25001, 11100, 11000, 'New', 11100, 11102, 6, 7, 4, '', 'articles', 'new', 'Menuadmin', 'New', '', 1, 0, 0, 1, '2015-01-15 12:00:00', '0000-00-00 00:00:00', 1, 0, 0, '2015-01-15 12:00:00', 1, '0000-00-00 00:00:00', 0, '0000-00-00 00:00:00', 0, 0, '', '{\r\n        "criteria_title":"New Financial",\r\n        "criteria_display_view_on_no_results":"1",\r\n        "criteria_snippet_length":"",\r\n        "criteria_status":"",\r\n        "criteria_catalog_type_id":"16000",\r\n        "criteria_extension_instance_id":"16000",\r\n\r\n        "page_type":"new",\r\n\r\n        "menuitem_theme_id":"",\r\n\r\n        "menuitem_page_view_id":"8050",\r\n        "menuitem_page_view_css_id":"",\r\n        "menuitem_page_view_css_class":"",\r\n        "menuitem_template_view_id":"9310",\r\n        "menuitem_template_view_css_id":"",\r\n        "menuitem_template_view_css_class":"",\r\n\r\n        "menuitem_wrap_view_id":"",\r\n        "menuitem_wrap_view_css_id":"",\r\n        "menuitem_wrap_view_css_class":"",\r\n        "menuitem_wrap_view_role":"",\r\n        "menuitem_wrap_view_property":"",\r\n\r\n        "model_name":"Articles",\r\n        "model_type":"Primary",\r\n        "model_query_object":"item",\r\n        \r\n        "model_offset":"0",\r\n        "model_count":"10",\r\n        "model_use_pagination":"1"\r\n}', '{\r\n   "metadata_title":"Articles",\r\n   "metadata_description":"",\r\n   "metadata_keywords":"",\r\n   "metadata_robots":"follow,index",\r\n   "metadata_author":""\r\n}', 'en-GB', 0, 2),
  (11140, 11100, 11000, 'Configuration', 11100, 11102, 8, 9, 4, '', 'articles', 'configuration', 'Menuadmin', 'Configuration', '', 1, 0, 0, 1, '2015-01-15 12:00:00', '0000-00-00 00:00:00', 1, 0, 0, '2015-01-15 12:00:00', 1, '0000-00-00 00:00:00', 0, '0000-00-00 00:00:00', 0, 0, '{}', '{\r\n        "criteria_title":"Article Configuration",\r\n        "criteria_display_view_on_no_results":"0",\r\n        "criteria_snippet_length":"100",\r\n        "criteria_status":"1,2",\r\n        "criteria_catalog_type_id":"16000",\r\n        "criteria_extension_instance_id":"16000",\r\n\r\n        "page_type":"configuration",\r\n\r\n        "menuitem_theme_id":"",\r\n\r\n        "menuitem_page_view_id":"8010",\r\n        "menuitem_page_view_css_id":"",\r\n        "menuitem_page_view_css_class":"",\r\n        "menuitem_template_view_id":"9025",\r\n        "menuitem_template_view_css_id":"",\r\n        "menuitem_template_view_css_class":"",\r\n\r\n        "menuitem_wrap_view_id":"10120",\r\n        "menuitem_wrap_view_css_id":"configuration",\r\n        "menuitem_wrap_view_css_class":"",\r\n        "menuitem_wrap_view_role":"",\r\n        "menuitem_wrap_view_property":"",\r\n\r\n        "model_type":"Resource",\r\n        "model_name":"Articles",\r\n        "model_query_object":"item",\r\n        \r\n        "model_offset":"0",\r\n        "model_count":"10",\r\n        "model_use_pagination":"1"\r\n}', '{\r\n   "metadata_title":"Articles",\r\n   "metadata_description":"",\r\n   "metadata_keywords":"",\r\n   "metadata_robots":"follow,index",\r\n   "metadata_author":"Amy"\r\n}', 'en-GB', 0, 3);

INSERT INTO `molajo_content` (`id`, `site_id`, `extension_instance_id`, `catalog_type_id`, `title`, `subtitle`, `path`, `alias`, `content_text`, `protected`, `featured`, `stickied`, `status`, `start_publishing_datetime`, `stop_publishing_datetime`, `version`, `version_of_id`, `status_prior_to_version`, `created_datetime`, `created_by`, `modified_datetime`, `modified_by`, `checked_out_datetime`, `checked_out_by`, `root`, `parent_id`, `lft`, `rgt`, `lvl`, `home`, `customfields`, `parameters`, `metadata`, `language`, `translation_of_id`, `ordering`) VALUES
  (51, 1, 16000, 16000, '91-3101-0100', '', '', 'article-1', 'EPSCoR (91-3101-0100)', 0, 0, 0, 1, '2015-01-15 08:00:00', '0000-00-00 00:00:00', 1, 0, 0, '2012-09-13 12:00:00', 1, '2012-09-13 12:00:00', 1, '0000-00-00 00:00:00', 0, 51, 0, 1, 8, 1, 0, '{"image1":"http://placehold.it/100x100&amp;text=[img]","image_caption1":"Caption for Image1","image2":"http://placehold.it/150x150&amp;text=[img]","image_caption2":"Caption for Image2","image3":"http://placehold.it/300x200&amp;text=[img]","image_caption3":"Caption for Image3"}', '{}', '{}', 'en-GB', 0, 1),
  (52, 1, 16000, 16000, '91-4450-0200', '', '', 'article-2', 'CSN Applications Team (91-4450-0200)', 0, 0, 0, 1, '2015-01-15 08:00:00', '0000-00-00 00:00:00', 1, 0, 0, '2012-09-13 12:00:00', 1, '2012-09-13 12:00:00', 1, '0000-00-00 00:00:00', 0, 52, 0, 1, 2, 1, 0, '', '{}', '{\r\n   "metadata_title":"Articles",\r\n   "metadata_description":"",\r\n   "metadata_keywords":"",\r\n   "metadata_robots":"follow,index",\r\n   "metadata_author":""\r\n}', 'en-GB', 0, 2),
  (53, 1, 16000, 16000, '91-4470-0310', '', '', 'article-3', 'CSN Operations - Infrastructure Upgrades (91-4470-0310)\r\n\r\n{blockquote}stuff{/blockquote}', 0, 0, 0, 1, '2015-01-15 08:00:00', '0000-00-00 00:00:00', 1, 0, 0, '2012-09-13 12:00:00', 1, '2012-09-13 12:00:00', 1, '0000-00-00 00:00:00', 0, 53, 0, 1, 2, 1, 0, '', '{}', '{}', 'en-GB', 0, 3),
  (54, 1, 16000, 16000, '94-5555-4444', '', '', 'article-4', 'QVC-Yellow (94-5555-4444)', 0, 0, 0, 1, '2015-01-15 08:00:00', '0000-00-00 00:00:00', 1, 0, 0, '2012-09-13 12:00:00', 1, '2012-09-13 12:00:00', 1, '0000-00-00 00:00:00', 0, 54, 0, 1, 2, 1, 0, '', '{}', '{}', 'en-GB', 0, 4),
  (55, 1, 16000, 16000, '91-4435-99999', '', '', 'article-5', 'QVX Blue (91-4450-0200)', 0, 0, 0, 1, '2015-01-15 08:00:00', '0000-00-00 00:00:00', 1, 0, 0, '2012-09-13 12:00:00', 1, '2012-09-13 12:00:00', 1, '0000-00-00 00:00:00', 0, 55, 0, 1, 4, 1, 0, '', '{}', '{}', 'en-GB', 0, 5),
  (56, 1, 16000, 16000, '96-4605-0001001', '', '', 'article-6', 'Zdkfdslkf sdfkljsadf (96-4605-0001001)', 0, 0, 0, 1, '2015-01-15 08:00:00', '0000-00-00 00:00:00', 1, 0, 0, '2012-09-13 12:00:00', 1, '2012-09-13 12:00:00', 1, '0000-00-00 00:00:00', 0, 56, 0, 1, 2, 1, 0, '', '{}', '{}', 'en-GB', 0, 6),
  (57, 1, 16000, 16000, '99-3101-0100', '', '', 'article-7', 'Nancy Patterson (99-3101-0100)', 0, 0, 0, 1, '2015-01-15 08:00:00', '0000-00-00 00:00:00', 1, 0, 0, '2012-09-13 12:00:00', 1, '2012-09-13 12:00:00', 1, '0000-00-00 00:00:00', 0, 57, 0, 1, 2, 1, 0, '', '{}', '{}', 'en-GB', 0, 7),
  (58, 1, 16000, 16000, '91-3333-105-0100', '', '', 'article-8', 'Jetsons (91-3333-105-0100)', 0, 0, 0, 1, '2015-01-15 08:00:00', '0000-00-00 00:00:00', 1, 0, 0, '2012-09-13 12:00:00', 1, '2012-09-13 12:00:00', 1, '0000-00-00 00:00:00', 0, 58, 0, 1, 2, 1, 0, '', '{}', '{}', 'en-GB', 0, 8),
  (59, 1, 16000, 16000, '93-3333-3333', '', '', 'article-9', 'Nine threes (93-3333-3333)', 0, 0, 0, 1, '2015-01-15 08:00:00', '0000-00-00 00:00:00', 1, 0, 0, '2012-09-13 12:00:00', 1, '2012-09-13 12:00:00', 1, '0000-00-00 00:00:00', 0, 59, 0, 1, 12, 1, 0, '', '{}', '{}', 'en-GB', 0, 9),
  (60, 1, 16000, 16000, '91-4105-0100', '', '', 'article-10', 'President''s Office\n(91-4105-0100)', 0, 0, 0, 1, '2015-01-15 08:00:00', '0000-00-00 00:00:00', 1, 0, 0, '2012-09-13 12:00:00', 1, '2012-09-13 12:00:00', 1, '0000-00-00 00:00:00', 0, 60, 0, 1, 12, 1, 0, '', '{}', '{}', 'en-GB', 0, 10),
  (61, 1, 16000, 16000, '96-4605-0001001', '', '', 'article-11', 'Daugherty\nWater for Food\n(96-4605-0001001)', 0, 0, 0, 1, '2015-01-15 08:00:00', '0000-00-00 00:00:00', 1, 0, 0, '2012-09-13 12:00:00', 1, '2012-09-13 12:00:00', 1, '0000-00-00 00:00:00', 0, 61, 0, 1, 2, 1, 0, '', '{}', '{}', 'en-GB', 0, 11),
  (62, 1, 16000, 16000, '91-4401-0100', '', '', 'article-12', 'CSN Director\nActivities\n(91-4401-0100)', 0, 1, 0, 1, '2015-01-15 08:00:00', '0000-00-00 00:00:00', 1, 0, 0, '2012-09-13 12:00:00', 1, '2012-09-13 12:00:00', 1, '0000-00-00 00:00:00', 0, 62, 0, 1, 2, 1, 0, '', '{}', '{}', 'en-GB', 0, 12),
  (63, 1, 16000, 16000, '91-4401-0200\n', '', '', 'article-13', 'Customer\nAdmin\n& Fin Mgmt (91-4401-0200)\n', 0, 0, 0, 1, '2015-01-15 08:00:00', '0000-00-00 00:00:00', 1, 0, 0, '2012-09-13 12:00:00', 1, '2012-09-13 12:00:00', 1, '0000-00-00 00:00:00', 0, 63, 0, 1, 6, 1, 0, '', '{}', '{}', 'en-GB', 0, 13),
  (64, 1, 16000, 16000, '91-4405-0200', '', '', 'article-14', 'CSN Director-\nAdmin Staff Operations\n(91-4405-0200)', 0, 0, 0, 1, '2015-01-15 08:00:00', '0000-00-00 00:00:00', 1, 0, 0, '2012-09-13 12:00:00', 1, '2012-09-13 12:00:00', 1, '0000-00-00 00:00:00', 0, 64, 0, 1, 2, 1, 0, '', '{}', '{}', 'en-GB', 0, 14),
  (65, 1, 16000, 16000, '91-4405-0900', '', '', 'article-15', 'Nebr Distance Educ LB1208 (91-4405-0900)', 0, 0, 0, 1, '2015-01-15 08:00:00', '0000-00-00 00:00:00', 1, 0, 0, '2012-09-13 12:00:00', 1, '2012-09-13 12:00:00', 1, '0000-00-00 00:00:00', 0, 65, 0, 1, 4, 1, 0, '', '{}', '{}', 'en-GB', 0, 15),
  (66, 1, 16000, 16000, '91-4415-0200\n', '', '', 'article-16', 'CSN\nTechnology\n-Info Network Comm (91-4415-0200)', 0, 0, 0, 1, '2015-01-15 08:00:00', '0000-00-00 00:00:00', 1, 0, 0, '2012-09-13 12:00:00', 1, '2012-09-13 12:00:00', 1, '0000-00-00 00:00:00', 0, 66, 0, 1, 2, 1, 0, '', '{}', '{}', 'en-GB', 0, 16),
  (67, 1, 16000, 16000, '91-4425-0100', '', '', 'article-17', 'CSN\nAdministration Team\n(91-4425-0100)', 0, 0, 0, 1, '2015-01-15 08:00:00', '0000-00-00 00:00:00', 1, 0, 0, '2012-09-13 12:00:00', 1, '2012-09-13 12:00:00', 1, '0000-00-00 00:00:00', 0, 67, 0, 1, 2, 1, 0, '', '{}', '{}', 'en-GB', 0, 17),
  (68, 1, 16000, 16000, '91-4435-0300', '', '', 'article-18', 'CSN Operations-\nTelcommunications\n(91-4435-0300)', 0, 0, 0, 1, '2015-01-15 08:00:00', '0000-00-00 00:00:00', 1, 0, 0, '2012-09-13 12:00:00', 1, '2012-09-13 12:00:00', 1, '0000-00-00 00:00:00', 0, 68, 0, 1, 2, 1, 0, '', '{}', '{}', 'en-GB', 0, 18),
  (69, 1, 16000, 16000, '91-4440-0100', '', '', 'article-19', 'CSN Operations-\nOperations\nTeam\n(91-4440-0100)', 0, 0, 0, 1, '2015-01-15 08:00:00', '0000-00-00 00:00:00', 1, 0, 0, '2012-09-13 12:00:00', 1, '2012-09-13 12:00:00', 1, '0000-00-00 00:00:00', 0, 69, 0, 1, 2, 1, 0, '', '{}', '{}', 'en-GB', 0, 19),
  (70, 1, 16000, 16000, '91-4470-0210', '', '', 'article-20', 'CSN Operations - Joint Study (91-4470-0210)', 0, 0, 0, 1, '2015-01-15 08:00:00', '0000-00-00 00:00:00', 1, 0, 0, '2012-09-13 12:00:00', 1, '2012-09-13 12:00:00', 1, '0000-00-00 00:00:00', 0, 70, 0, 1, 2, 1, 0, '', '{}', '{}', 'en-GB', 0, 20);

--
-- Pages
--

INSERT INTO `molajo_catalog_types` (`id`, `primary_category_id`, `title`, `alias`, `model_type`, `model_name`, `protected`) VALUES
  (20000, 15, 'Pages', 'pages', 'Resource', 'Pages', 1);

INSERT INTO `molajo_extensions` (`id`, `extension_site_id`, `catalog_type_id`, `name`, `subtitle`, `language`, `translation_of_id`, `ordering`) VALUES
  (20000, 1, 12000, 'Pages', '', 'en-GB', 0, 20);

INSERT INTO `molajo_extension_instances` (`id`, `extension_id`, `catalog_type_id`, `title`, `root`, `parent_id`, `lft`, `rgt`, `lvl`, `subtitle`, `path`, `alias`, `menu`, `page_type`, `content_text`, `protected`, `featured`, `stickied`, `status`, `start_publishing_datetime`, `stop_publishing_datetime`, `version`, `version_of_id`, `status_prior_to_version`, `created_datetime`, `created_by`, `modified_datetime`, `modified_by`, `checked_out_datetime`, `checked_out_by`, `home`, `customfields`, `parameters`, `metadata`, `language`, `translation_of_id`, `ordering`) VALUES
  (20000, 20000, 12000, 'Pages', '', '', 'pages', '', 'List', '', 1, 0, 0, 1, '2014-02-14 08:00:00', '0000-00-00 00:00:00', 1, 0, 0, '2012-09-13 12:00:00', 0, '0000-00-00 00:00:00', 0, '0000-00-00 00:00:00', 0, 0, 0, 0, 0, 0, 0, '{}', '{\r\n   "criteria_title":"Pagess",\r\n   "criteria_catalog_type_id":"20000",\r\n   "criteria_extension_instance_id":"20000",\r\n   "criteria_source_id":"",\r\n   "criteria_status":"0,1,2",\r\n   "criteria_snippet_length":"200",\r\n   "criteria_display_view_on_no_results":"1",\r\n   "enable_content_draft_save":"1",\r\n   "enable_content_log_catalog_activity":"0",\r\n   "enable_content_maximum_version_count":"5",\r\n   "enable_content_retain_versions_after_delete":"1",\r\n   "enable_content_version_history":"1",\r\n   "enable_broadcast_notifications":"0",\r\n   "enable_broadcast_ping":"0",\r\n   "enable_broadcast_tweets":"0",\r\n   "enable_broadcast_feed":"0",\r\n   "enable_categorize_categories":"",\r\n   "enable_categorize_tags":"",\r\n   "enable_protection_bad_word_filter":"shoot",\r\n   "enable_protection_block_email_address":"joe@example.com",\r\n   "enable_protection_block_name":"Joe Smith,Betty Boop",\r\n   "enable_protection_flood_control_seconds":"120",\r\n   "enable_protection_ip_address":"",\r\n   "enable_protection_content_length":"1000",\r\n   "enable_protection_log_user_activity":"",\r\n   "enable_protection_spam_guard":"1",\r\n   "enable_response_comment_form_open_days":"90",\r\n   "enable_response_comments":"1",\r\n   "enable_response_hit_counts":"1",\r\n   "enable_response_ratings":"1",\r\n   "enable_response_subscriptions":"1",\r\n   "enable_response_vote_form_open_days":"90",\r\n   "enable_response_vote":"1",\r\n   "enable_system_ajax_access":"1",\r\n   "enable_system_search":"1",\r\n   "edit_toolbar_buttons_new":"save,cancel",\r\n   "edit_toolbar_buttons_edit":"save,saveas,cancel,delete",\r\n   "edit_title_column1":"title",\r\n   "edit_title_column2":"alias",\r\n   "edit_title_column3":"subtitle",\r\n   "edit_title_column4":"status",\r\n   "edit_title_column5":"",\r\n   "edit_title_column6":"",\r\n   "edit_editor_column1":"content_text",\r\n   "edit_editor_column2":"",\r\n   "edit_editor_column3":"",\r\n   "edit_editor_column4":"",\r\n   "edit_editor_column5":"",\r\n   "edit_editor_column6":"",\r\n   "edit_editor_column7":"",\r\n   "edit_editor_column8":"",\r\n   "edit_editor_column9":"",\r\n   "edit_editor_column10":"",\r\n   "edit_editor_column11":"",\r\n   "edit_editor_column12":"",\r\n   "edit_editor_column13":"",\r\n   "edit_editor_column14":"",\r\n   "edit_editor_column15":"",\r\n   "edit_subeditor_column1":"modified_by",\r\n   "edit_subeditor_column2":"modified_datetime",\r\n   "edit_subeditor_column3":"version",\r\n   "edit_subeditor_column4":"version_of_id",\r\n   "edit_subeditor_column5":"",\r\n   "edit_sidebar1_column1":"created_by",\r\n   "edit_sidebar1_column2":"created_datetime",\r\n   "edit_sidebar1_column3":"start_publishing_datetime",\r\n   "edit_sidebar1_column4":"stop_publishing_datetime",\r\n   "edit_sidebar1_column5":"ordering",\r\n   "edit_sidebar1_column6":"",\r\n   "edit_sidebar1_column7":"",\r\n   "edit_sidebar1_column8":"",\r\n   "edit_sidebar1_column9":"",\r\n   "edit_sidebar1_column10":"",\r\n   "edit_sidebar1_column11":"",\r\n   "edit_sidebar1_column12":"",\r\n   "edit_sidebar1_column13":"",\r\n   "edit_sidebar1_column14":"",\r\n   "edit_sidebar1_column15":"",\r\n   "edit_sidebar2_column1":"featured",\r\n   "edit_sidebar2_column2":"stickied",\r\n   "edit_sidebar2_column3":"tags",\r\n   "edit_sidebar2_column4":"categories",\r\n   "edit_sidebar2_column5":"language",\r\n   "edit_sidebar2_column6":"translation_of_id",\r\n   "edit_sidebar2_column7":"enable_system_search",\r\n   "edit_sidebar2_column8":"",\r\n   "edit_sidebar2_column9":"",\r\n   "edit_sidebar2_column10":"",\r\n   "edit_sidebar2_column11":"",\r\n   "edit_sidebar2_column12":"",\r\n   "edit_sidebar2_column13":"",\r\n   "edit_sidebar2_column14":"",\r\n   "edit_sidebar2_column15":"",\r\n   "edit_sidebar3_column1":"metadata_title",\r\n   "edit_sidebar3_column2":"metadata_description",\r\n   "edit_sidebar3_column3":"metadata_keywords",\r\n   "edit_sidebar3_column4":"metadata_robots",\r\n   "edit_sidebar3_column5":"metadata_author",\r\n   "edit_sidebar3_column6":"metadata_content_rights",\r\n   "edit_sidebar3_column7":"",\r\n   "edit_sidebar3_column8":"",\r\n   "edit_sidebar3_column9":"",\r\n   "edit_sidebar3_column10":"",\r\n   "edit_sidebar3_column11":"",\r\n   "edit_sidebar3_column12":"",\r\n   "edit_sidebar3_column13":"",\r\n   "edit_sidebar3_column14":"",\r\n   "edit_sidebar3_column15":"",\r\n   "edit_sidebar4_column1":"enable_response_comments",\r\n   "edit_sidebar4_column2":"enable_response_comment_form_open_days",\r\n   "edit_sidebar4_column3":"enable_response_hit_counts",\r\n   "edit_sidebar4_column4":"enable_response_ratings",\r\n   "edit_sidebar4_column5":"enable_response_subscriptions",\r\n   "edit_sidebar4_column6":"enable_response_vote",\r\n   "edit_sidebar4_column7":"enable_response_vote_form_open_days",\r\n   "edit_sidebar4_column8":"",\r\n   "edit_sidebar4_column9":"",\r\n   "edit_sidebar4_column10":"",\r\n   "edit_sidebar4_column11":"",\r\n   "edit_sidebar4_column12":"",\r\n   "edit_sidebar4_column13":"",\r\n   "edit_sidebar4_column14":"",\r\n   "edit_sidebar4_column15":"",\r\n   "edit_footer_column1":"",\r\n   "edit_footer_column2":"",\r\n   "edit_footer_column3":"",\r\n   "edit_footer_column4":"",\r\n   "edit_footer_column5":"",\r\n   "form_parent_menu_id":"11103",\r\n   "form_theme_id":"",\r\n   "form_page_view_id":"8050",\r\n   "form_page_view_css_id":"",\r\n   "form_page_view_css_class":"",\r\n   "form_template_view_id":"9310",\r\n   "form_template_view_css_id":"",\r\n   "form_template_view_css_class":"",\r\n   "form_wrap_view_id":"10140",\r\n   "form_wrap_view_css_id":"",\r\n   "form_wrap_view_css_class":"",\r\n   "form_wrap_view_role":"",\r\n   "form_wrap_view_property":"",\r\n   "form_model_name":"Pages",\r\n   "form_model_type":"Resource",\r\n   "form_model_query_object":"item",\r\n   "item_parent_menu_id":"11103",\r\n   "item_theme_id":"",\r\n   "item_page_view_id":"8270",\r\n   "item_page_view_css_id":"",\r\n   "item_page_view_css_class":"",\r\n   "item_template_view_id":"9390",\r\n   "item_template_view_css_id":"",\r\n   "item_template_view_css_class":"",\r\n   "item_wrap_view_id":"10010",\r\n   "item_wrap_view_css_id":"",\r\n   "item_wrap_view_css_class":"",\r\n   "item_wrap_view_role":"",\r\n   "item_wrap_view_property":"",\r\n   "item_model_name":"Pages",\r\n   "item_model_type":"Resource",\r\n   "item_model_query_object":"item",\r\n   "list_parent_menu_id":"",\r\n   "list_theme_id":"",\r\n   "list_page_view_id":"",\r\n   "list_page_view_css_id":"",\r\n   "list_page_view_css_class":"",\r\n   "list_template_view_id":"",\r\n   "list_template_view_css_id":"",\r\n   "list_template_view_css_class":"",\r\n   "list_wrap_view_id":"",\r\n   "list_wrap_view_css_id":"",\r\n   "list_wrap_view_css_class":"",\r\n   "list_wrap_view_role":"",\r\n   "list_wrap_view_property":"",\r\n   "list_model_name":"",\r\n   "list_model_type":"",\r\n   "list_model_query_object":"",\r\n   "list_model_ordering":"",\r\n   "list_model_ordering_direction":"",\r\n   "list_model_offset":"0",\r\n   "list_model_count":"10",\r\n   "list_model_use_pagination":"1"\r\n}', '{\r\n   "metadata_title":"Pages",\r\n   "metadata_description":"",\r\n   "metadata_keywords":"",\r\n   "metadata_robots":"follow,index",\r\n   "metadata_author":""\r\n}', 'en-GB', 0, 20);

INSERT INTO `molajo_extension_instances` (`id`, `extension_id`, `catalog_type_id`, `title`, `root`, `parent_id`, `lft`, `rgt`, `lvl`, `subtitle`, `path`, `alias`, `menu`, `page_type`, `content_text`, `protected`, `featured`, `stickied`, `status`, `start_publishing_datetime`, `stop_publishing_datetime`, `version`, `version_of_id`, `status_prior_to_version`, `created_datetime`, `created_by`, `modified_datetime`, `modified_by`, `checked_out_datetime`, `checked_out_by`, `home`, `customfields`, `parameters`, `metadata`, `language`, `translation_of_id`, `ordering`) VALUES
  (11103, 11100, 11000, 'Pages', 11100, 11101, 11, 18, 3, '', '', 'pages', 'Menuadmin', 'Grid', '', 1, 0, 0, 1, '2015-01-15 12:00:00', '0000-00-00 00:00:00', 1, 0, 0, '2015-01-15 12:00:00', 1, '0000-00-00 00:00:00', 0, '0000-00-00 00:00:00', 0, 0, '{}', '{\r\n        "criteria_title":"Pages",\r\n        "criteria_display_view_on_no_results":"0",\r\n        "criteria_snippet_length":"150",\r\n        "criteria_status":"0,1,2",\r\n        "criteria_catalog_type_id":"20000",\r\n        "criteria_extension_instance_id":"20000",\r\n        "criteria_source_id":"",\r\n\r\n        "grid_action_archive":"1",\r\n        "grid_action_checkin":"1",\r\n        "grid_action_feature":"1",\r\n        "grid_action_publish":"1",\r\n        "grid_action_restore":"1",\r\n        "grid_action_sticky":"1",\r\n        "grid_action_trash":"1",\r\n        "grid_action_unpublish":"1",\r\n \r\n        "grid_toolbar_button_categories":"1",\r\n        "grid_toolbar_button_copy":"1",\r\n        "grid_toolbar_button_filter":"1",\r\n        "grid_toolbar_button_new":"1",\r\n        "grid_toolbar_button_permissions":"1",\r\n        "grid_toolbar_button_tags":"1",\r\n\r\n        "grid_batch_categories":"1",\r\n        "grid_batch_permissions":"1",\r\n        "grid_batch_tags":"1",\r\n\r\n        "grid_status":"2,1,0",\r\n        "grid_ordering":"title",\r\n        "grid_ordering_direction":"ASC",\r\n        "grid_items_per_page":"15",\r\n        "grid_use_pagination":"1",\r\n\r\n        "grid_filter_list1":"Filter_Status",\r\n        "grid_filter_list2":"Filter_Categories",\r\n        "grid_filter_list3":"Filter_Tags",\r\n        "grid_filter_list4":"Filter_Author",\r\n        "grid_filter_list5":"Filter_Featured",\r\n        "grid_filter_list6":"",\r\n        "grid_filter_list7":"",\r\n        "grid_filter_list8":"",\r\n        "grid_filter_list9":"",\r\n        "grid_filter_search":"1",\r\n\r\n         "grid_column1":"title",\r\n        "grid_column2":"content_text",\r\n        "grid_column3":"status_name",\r\n        "grid_column4":"start_publishing_datetime_ccyy_mm_dd",\r\n        "grid_column5":"stop_publishing_datetime_ccyy_mm_dd",\r\n        "grid_column6":"ordering",\r\n        "grid_column7":"id",\r\n        "grid_column8":"",\r\n        "grid_column9":"",\r\n\r\n        "grid_pagination_ordering_column":"title",\r\n        "grid_pagination_use":"1",\r\n\r\n        "page_type":"Grid",\r\n\r\n        "menuitem_theme_id":"",\r\n\r\n        "menuitem_page_view_id":"8040",\r\n        "menuitem_page_view_css_id":"",\r\n        "menuitem_page_view_css_class":"",\r\n\r\n        "menuitem_template_view_id":"9630",\r\n        "menuitem_template_view_css_id":"",\r\n        "menuitem_template_view_css_class":"",\r\n\r\n        "menuitem_wrap_view_id":"10140",\r\n        "menuitem_wrap_view_css_id":"",\r\n        "menuitem_wrap_view_css_class":"",\r\n        "menuitem_wrap_view_role":"",\r\n        "menuitem_wrap_view_property":"",\r\n\r\n        "menuitem_model_type":"Resource",\r\n        "menuitem_model_name":"Pages",\r\n        "menuitem_model_query_object":"list",\r\n        \r\n        "menuitem_model_offset":"0",\r\n        "menuitem_model_count":"10",\r\n        "menuitem_model_use_pagination":"1"\r\n}\r\n', '{"metadata_title":"Pages", \r\n"metadata_description":"", \r\n"metadata_keywords":"", \r\n"metadata_robots":"follow,index", \r\n"metadata_author":""}        ', 'en-GB', 0, 2),
  (25033, 11100, 11000, 'List', 11100, 11103, 12, 13, 4, '', 'pages', 'list', 'Menuadmin', 'Link', '', 1, 0, 0, 1, '2015-01-15 12:00:00', '0000-00-00 00:00:00', 1, 0, 0, '2015-01-15 12:00:00', 1, '0000-00-00 00:00:00', 0, '0000-00-00 00:00:00', 0, 0, '', '', '', 'en-GB', 0, 1),
  (25010, 11100, 11000, 'New', 11100, 11103, 14, 15, 4, '', 'pages', 'new', 'Menuadmin', 'New', '', 1, 0, 0, 1, '2015-01-15 12:00:00', '0000-00-00 00:00:00', 1, 0, 0, '2015-01-15 12:00:00', 1, '0000-00-00 00:00:00', 0, '0000-00-00 00:00:00', 0, 0, '', '{\r\n        "criteria_title":"New Pages",\r\n        "criteria_display_view_on_no_results":"1",\r\n        "criteria_snippet_length":"",\r\n        "criteria_status":"",\r\n        "criteria_catalog_type_id":"20000",\r\n        "criteria_extension_instance_id":"20000",\r\n\r\n        "page_type":"new",\r\n\r\n        "menuitem_theme_id":"",\r\n\r\n        "menuitem_page_view_id":"8050",\r\n        "menuitem_page_view_css_id":"",\r\n        "menuitem_page_view_css_class":"",\r\n\r\n        "menuitem_template_view_id":"9310",\r\n        "menuitem_template_view_css_id":"",\r\n        "menuitem_template_view_css_class":"",\r\n\r\n        "menuitem_wrap_view_id":"",\r\n        "menuitem_wrap_view_css_id":"",\r\n        "menuitem_wrap_view_css_class":"",\r\n        "menuitem_wrap_view_role":"",\r\n        "menuitem_wrap_view_property":"",\r\n\r\n        "model_name":"Pages",\r\n        "model_type":"Primary",\r\n        "model_query_object":"item",\r\n        \r\n        "model_offset":"0",\r\n        "model_count":"10",\r\n        "model_use_pagination":"1"\r\n}', '{\r\n   "metadata_title":"Pages",\r\n   "metadata_description":"",\r\n   "metadata_keywords":"",\r\n   "metadata_robots":"follow,index",\r\n   "metadata_author":""\r\n}', 'en-GB', 0, 2),
  (11150, 11100, 11000, 'Configuration', 11100, 11103, 16, 17, 4, '', 'pages', 'configuration', 'Menuadmin', 'Configuration', '', 1, 0, 0, 1, '2015-01-15 12:00:00', '0000-00-00 00:00:00', 1, 0, 0, '2015-01-15 12:00:00', 1, '0000-00-00 00:00:00', 0, '0000-00-00 00:00:00', 0, 0, '{}', '{\r\n        "criteria_title":"Pages Configuration",\r\n        "criteria_display_view_on_no_results":"0",\r\n        "criteria_snippet_length":"100",\r\n        "criteria_status":"1,2",\r\n        "criteria_catalog_type_id":"20000",\r\n        "criteria_extension_instance_id":"20000",\r\n\r\n        "page_type":"configuration",\r\n\r\n        "menuitem_theme_id":"",\r\n\r\n        "menuitem_page_view_id":"8010",\r\n        "menuitem_page_view_css_id":"",\r\n        "menuitem_page_view_css_class":"",\r\n        "menuitem_template_view_id":"9025",\r\n        "menuitem_template_view_css_id":"",\r\n        "menuitem_template_view_css_class":"",\r\n\r\n        "menuitem_wrap_view_id":"",\r\n        "menuitem_wrap_view_css_id":"configuration",\r\n        "menuitem_wrap_view_css_class":"",\r\n        "menuitem_wrap_view_role":"",\r\n        "menuitem_wrap_view_property":"",\r\n\r\n        "model_name":"Pages",\r\n        "model_type":"Primary",\r\n        "model_query_object":"item",\r\n        \r\n        "model_offset":"0",\r\n        "model_count":"10",\r\n        "model_use_pagination":"1"\r\n}', '{"metadata_title":"Pages", \r\n"metadata_description":"", \r\n"metadata_keywords":"", \r\n"metadata_robots":"follow,index", \r\n"metadata_author":"", \r\n"metadata_content_rights":""}        ', 'en-GB', 0, 3);

INSERT INTO `molajo_content` (`id`, `site_id`, `extension_instance_id`, `catalog_type_id`, `title`, `subtitle`, `path`, `alias`, `content_text`, `protected`, `featured`, `stickied`, `status`, `start_publishing_datetime`, `stop_publishing_datetime`, `version`, `version_of_id`, `status_prior_to_version`, `created_datetime`, `created_by`, `modified_datetime`, `modified_by`, `checked_out_datetime`, `checked_out_by`, `root`, `parent_id`, `lft`, `rgt`, `lvl`, `home`, `customfields`, `parameters`, `metadata`, `language`, `translation_of_id`, `ordering`) VALUES
  (100, 1, 20000, 20000, '111111', '', '', 'about-us', 'HR Code 1 (111111)', 0, 0, 0, 1, '2015-01-15 08:00:00', '0000-00-00 00:00:00', 1, 0, 0, '2012-09-13 12:00:00', 1, '2012-09-13 12:00:00', 1, '0000-00-00 00:00:00', 0, 0, 0, 0, 0, 0, 0, '', '{}', '{}', 'en-GB', 0, 1),
  (101, 1, 20000, 20000, '222222', '', '', 'contact-us', 'HR Code 2 (222222)', 0, 0, 0, 1, '2015-01-15 08:00:00', '0000-00-00 00:00:00', 1, 0, 0, '2012-09-13 12:00:00', 1, '2012-09-13 12:00:00', 1, '0000-00-00 00:00:00', 0, 0, 0, 0, 0, 0, 0, '', '{}', '{}', 'en-GB', 0, 2),
  (102, 1, 20000, 20000, '333333', '', '', 'privacy-policy', 'HR Code 3 (333333)', 0, 0, 0, 1, '2015-01-15 08:00:00', '0000-00-00 00:00:00', 1, 0, 0, '2012-09-13 12:00:00', 1, '2012-09-13 12:00:00', 1, '0000-00-00 00:00:00', 0, 0, 0, 0, 0, 0, 0, '', '{}', '{}', 'en-GB', 0, 3),
  (103, 1, 20000, 20000, '4444444', '', '', 'not-found', 'HR Code 4 (4444444)', 0, 0, 0, 1, '2015-01-15 08:00:00', '0000-00-00 00:00:00', 1, 0, 0, '2012-09-13 12:00:00', 1, '2012-09-13 12:00:00', 1, '0000-00-00 00:00:00', 0, 0, 0, 0, 0, 0, 0, '', '{}', '{}', 'en-GB', 0, 4),
  (104, 1, 20000, 20000, '5555555', '', '', 'site-map', 'HR Code 5 (5555555)\n\n', 0, 0, 0, 1, '2015-01-15 08:00:00', '0000-00-00 00:00:00', 1, 0, 0, '2012-09-13 12:00:00', 1, '2012-09-13 12:00:00', 1, '0000-00-00 00:00:00', 0, 0, 0, 0, 0, 0, 0, '', '{}', '{}', 'en-GB', 0, 5),
  (105, 1, 20000, 20000, '6666666', '', '', 'style-guide', 'HR Code 6 (6666666)\n\n', 0, 0, 0, 1, '2015-01-15 08:00:00', '0000-00-00 00:00:00', 1, 0, 0, '2012-09-13 12:00:00', 1, '2012-09-13 12:00:00', 1, '0000-00-00 00:00:00', 0, 0, 0, 0, 0, 0, 0, '', '{}', '{}', 'en-GB', 0, 6);

--
-- Contacts
--

INSERT INTO `molajo_catalog_types` (`id`, `primary_category_id`, `title`, `alias`, `model_type`, `model_name`, `protected`) VALUES
  (18000, 15, 'Contacts', 'contacts', 'Resource', 'Contacts', 1);

INSERT INTO `molajo_extensions` (`id`, `extension_site_id`, `catalog_type_id`, `name`, `subtitle`, `language`, `translation_of_id`, `ordering`) VALUES
  (18000, 1, 12000, 'Contacts', '', 'en-GB', 0, 18);

INSERT INTO `molajo_extension_instances` (`id`, `extension_id`, `catalog_type_id`, `title`, `root`, `parent_id`, `lft`, `rgt`, `lvl`, `subtitle`, `path`, `alias`, `menu`, `page_type`, `content_text`, `protected`, `featured`, `stickied`, `status`, `start_publishing_datetime`, `stop_publishing_datetime`, `version`, `version_of_id`, `status_prior_to_version`, `created_datetime`, `created_by`, `modified_datetime`, `modified_by`, `checked_out_datetime`, `checked_out_by`, `home`, `customfields`, `parameters`, `metadata`, `language`, `translation_of_id`, `ordering`) VALUES
  (18000, 18000, 12000, 'Contacts', '', '', 'contacts', '', 'List', '', 1, 0, 0, 1, '2014-02-14 08:00:00', '0000-00-00 00:00:00', 1, 0, 0, '2012-09-13 12:00:00', 0, '0000-00-00 00:00:00', 0, '0000-00-00 00:00:00', 0, 0, 0, 0, 0, 0, 0, '{}', '{\r\n   "criteria_title":"Student System",\r\n   "criteria_catalog_type_id":"18000",\r\n   "criteria_extension_instance_id":"18000",\r\n   "criteria_source_id":"",\r\n   "criteria_status":"0,1,2",\r\n   "criteria_snippet_length":"200",\r\n   "criteria_display_view_on_no_results":"1",\r\n   "enable_content_draft_save":"1",\r\n   "enable_content_log_catalog_activity":"0",\r\n   "enable_content_maximum_version_count":"5",\r\n   "enable_content_retain_versions_after_delete":"1",\r\n   "enable_content_version_history":"1",\r\n   "enable_broadcast_notifications":"0",\r\n   "enable_broadcast_ping":"0",\r\n   "enable_broadcast_tweets":"0",\r\n   "enable_broadcast_feed":"0",\r\n   "enable_categorize_categories":"",\r\n   "enable_categorize_tags":"",\r\n   "enable_protection_bad_word_filter":"shoot",\r\n   "enable_protection_block_email_address":"joe@example.com",\r\n   "enable_protection_block_name":"Joe Smith,Betty Boop",\r\n   "enable_protection_flood_control_seconds":"120",\r\n   "enable_protection_ip_address":"",\r\n   "enable_protection_content_length":"1000",\r\n   "enable_protection_log_user_activity":"",\r\n   "enable_protection_spam_guard":"1",\r\n   "enable_response_comment_form_open_days":"90",\r\n   "enable_response_comments":"1",\r\n   "enable_response_hit_counts":"1",\r\n   "enable_response_ratings":"1",\r\n   "enable_response_subscriptions":"1",\r\n   "enable_response_vote_form_open_days":"90",\r\n   "enable_response_vote":"1",\r\n   "enable_system_ajax_access":"1",\r\n   "enable_system_search":"1",\r\n   "edit_toolbar_buttons_new":"save,cancel",\r\n   "edit_toolbar_buttons_edit":"save,saveas,cancel,delete",\r\n   "edit_title_column1":"title",\r\n   "edit_title_column2":"alias",\r\n   "edit_title_column3":"subtitle",\r\n   "edit_title_column4":"status",\r\n   "edit_title_column5":"",\r\n   "edit_title_column6":"",\r\n   "edit_editor_column1":"content_text",\r\n   "edit_editor_column2":"",\r\n   "edit_editor_column3":"",\r\n   "edit_editor_column4":"",\r\n   "edit_editor_column5":"",\r\n   "edit_editor_column6":"",\r\n   "edit_editor_column7":"",\r\n   "edit_editor_column8":"",\r\n   "edit_editor_column9":"",\r\n   "edit_editor_column10":"",\r\n   "edit_editor_column11":"",\r\n   "edit_editor_column12":"",\r\n   "edit_editor_column13":"",\r\n   "edit_editor_column14":"",\r\n   "edit_editor_column15":"",\r\n   "edit_subeditor_column1":"modified_by",\r\n   "edit_subeditor_column2":"modified_datetime",\r\n   "edit_subeditor_column3":"version",\r\n   "edit_subeditor_column4":"version_of_id",\r\n   "edit_subeditor_column5":"",\r\n   "edit_sidebar1_column1":"created_by",\r\n   "edit_sidebar1_column2":"created_datetime",\r\n   "edit_sidebar1_column3":"start_publishing_datetime",\r\n   "edit_sidebar1_column4":"stop_publishing_datetime",\r\n   "edit_sidebar1_column5":"ordering",\r\n   "edit_sidebar1_column6":"",\r\n   "edit_sidebar1_column7":"",\r\n   "edit_sidebar1_column8":"",\r\n   "edit_sidebar1_column9":"",\r\n   "edit_sidebar1_column10":"",\r\n   "edit_sidebar1_column11":"",\r\n   "edit_sidebar1_column12":"",\r\n   "edit_sidebar1_column13":"",\r\n   "edit_sidebar1_column14":"",\r\n   "edit_sidebar1_column15":"",\r\n   "edit_sidebar2_column1":"featured",\r\n   "edit_sidebar2_column2":"stickied",\r\n   "edit_sidebar2_column3":"tags",\r\n   "edit_sidebar2_column4":"categories",\r\n   "edit_sidebar2_column5":"language",\r\n   "edit_sidebar2_column6":"translation_of_id",\r\n   "edit_sidebar2_column7":"enable_system_search",\r\n   "edit_sidebar2_column8":"",\r\n   "edit_sidebar2_column9":"",\r\n   "edit_sidebar2_column10":"",\r\n   "edit_sidebar2_column11":"",\r\n   "edit_sidebar2_column12":"",\r\n   "edit_sidebar2_column13":"",\r\n   "edit_sidebar2_column14":"",\r\n   "edit_sidebar2_column15":"",\r\n   "edit_sidebar3_column1":"metadata_title",\r\n   "edit_sidebar3_column2":"metadata_description",\r\n   "edit_sidebar3_column3":"metadata_keywords",\r\n   "edit_sidebar3_column4":"metadata_robots",\r\n   "edit_sidebar3_column5":"metadata_author",\r\n   "edit_sidebar3_column6":"metadata_content_rights",\r\n   "edit_sidebar3_column7":"",\r\n   "edit_sidebar3_column8":"",\r\n   "edit_sidebar3_column9":"",\r\n   "edit_sidebar3_column10":"",\r\n   "edit_sidebar3_column11":"",\r\n   "edit_sidebar3_column12":"",\r\n   "edit_sidebar3_column13":"",\r\n   "edit_sidebar3_column14":"",\r\n   "edit_sidebar3_column15":"",\r\n   "edit_sidebar4_column1":"enable_response_comments",\r\n   "edit_sidebar4_column2":"enable_response_comment_form_open_days",\r\n   "edit_sidebar4_column3":"enable_response_hit_counts",\r\n   "edit_sidebar4_column4":"enable_response_ratings",\r\n   "edit_sidebar4_column5":"enable_response_subscriptions",\r\n   "edit_sidebar4_column6":"enable_response_vote",\r\n   "edit_sidebar4_column7":"enable_response_vote_form_open_days",\r\n   "edit_sidebar4_column8":"",\r\n   "edit_sidebar4_column9":"",\r\n   "edit_sidebar4_column10":"",\r\n   "edit_sidebar4_column11":"",\r\n   "edit_sidebar4_column12":"",\r\n   "edit_sidebar4_column13":"",\r\n   "edit_sidebar4_column14":"",\r\n   "edit_sidebar4_column15":"",\r\n   "edit_footer_column1":"",\r\n   "edit_footer_column2":"",\r\n   "edit_footer_column3":"",\r\n   "edit_footer_column4":"",\r\n   "edit_footer_column5":"",\r\n   "form_parent_menu_id":"11104",\r\n   "form_theme_id":"",\r\n   "form_page_view_id":"8050",\r\n   "form_page_view_css_id":"",\r\n   "form_page_view_css_class":"",\r\n   "form_template_view_id":"9310",\r\n   "form_template_view_css_id":"",\r\n   "form_template_view_css_class":"",\r\n   "form_wrap_view_id":"10140",\r\n   "form_wrap_view_css_id":"",\r\n   "form_wrap_view_css_class":"",\r\n   "form_wrap_view_role":"",\r\n   "form_wrap_view_property":"",\r\n   "form_model_name":"Contacts",\r\n   "form_model_type":"Resource",\r\n   "form_model_query_object":"item",\r\n   "item_parent_menu_id":"11104",\r\n   "item_theme_id":"",\r\n   "item_page_view_id":"8270",\r\n   "item_page_view_css_id":"",\r\n   "item_page_view_css_class":"",\r\n   "item_template_view_id":"9390",\r\n   "item_template_view_css_id":"",\r\n   "item_template_view_css_class":"",\r\n   "item_wrap_view_id":"10010",\r\n   "item_wrap_view_css_id":"",\r\n   "item_wrap_view_css_class":"",\r\n   "item_wrap_view_role":"",\r\n   "item_wrap_view_property":"",\r\n   "item_model_name":"Contacts",\r\n   "item_model_type":"Resource",\r\n   "item_model_query_object":"item",\r\n   "list_parent_menu_id":"",\r\n   "list_theme_id":"",\r\n   "list_page_view_id":"",\r\n   "list_page_view_css_id":"",\r\n   "list_page_view_css_class":"",\r\n   "list_template_view_id":"",\r\n   "list_template_view_css_id":"",\r\n   "list_template_view_css_class":"",\r\n   "list_wrap_view_id":"",\r\n   "list_wrap_view_css_id":"",\r\n   "list_wrap_view_css_class":"",\r\n   "list_wrap_view_role":"",\r\n   "list_wrap_view_property":"",\r\n   "list_model_name":"",\r\n   "list_model_type":"",\r\n   "list_model_query_object":"",\r\n   "list_model_ordering":"",\r\n   "list_model_ordering_direction":"",\r\n   "list_model_offset":"0",\r\n   "list_model_count":"10",\r\n   "list_model_use_pagination":"1"\r\n}', '{\r\n   "metadata_title":"Student System",\r\n   "metadata_description":"",\r\n   "metadata_keywords":"",\r\n   "metadata_robots":"follow,index",\r\n   "metadata_author":""\r\n}', 'en-GB', 0, 19);

INSERT INTO `molajo_extension_instances` (`id`, `extension_id`, `catalog_type_id`, `title`, `root`, `parent_id`, `lft`, `rgt`, `lvl`, `subtitle`, `path`, `alias`, `menu`, `page_type`, `content_text`, `protected`, `featured`, `stickied`, `status`, `start_publishing_datetime`, `stop_publishing_datetime`, `version`, `version_of_id`, `status_prior_to_version`, `created_datetime`, `created_by`, `modified_datetime`, `modified_by`, `checked_out_datetime`, `checked_out_by`, `home`, `customfields`, `parameters`, `metadata`, `language`, `translation_of_id`, `ordering`) VALUES
  (11104, 11100, 11000, 'Contacts', 11100, 11101, 19, 26, 3, '', '', 'contacts', 'Menuadmin', 'Grid', '', 1, 0, 0, 1, '2015-01-15 12:00:00', '0000-00-00 00:00:00', 1, 0, 0, '2015-01-15 12:00:00', 1, '0000-00-00 00:00:00', 0, '0000-00-00 00:00:00', 0, 0, '{}', '{\r\n        "criteria_title":"Contacts",\r\n        "criteria_display_view_on_no_results":"0",\r\n        "criteria_snippet_length":"150",\r\n        "criteria_status":"0,1,2",\r\n        "criteria_catalog_type_id":"18000",\r\n        "criteria_extension_instance_id":"18000",\r\n        "criteria_source_id":"",\r\n\r\n        "grid_action_archive":"1",\r\n        "grid_action_checkin":"1",\r\n        "grid_action_feature":"1",\r\n        "grid_action_publish":"1",\r\n        "grid_action_restore":"1",\r\n        "grid_action_sticky":"1",\r\n        "grid_action_trash":"1",\r\n        "grid_action_unpublish":"1",\r\n \r\n        "grid_toolbar_button_categories":"1",\r\n        "grid_toolbar_button_copy":"1",\r\n        "grid_toolbar_button_filter":"1",\r\n        "grid_toolbar_button_new":"1",\r\n        "grid_toolbar_button_permissions":"1",\r\n        "grid_toolbar_button_tags":"1",\r\n\r\n        "grid_batch_categories":"1",\r\n        "grid_batch_permissions":"1",\r\n        "grid_batch_tags":"1",\r\n\r\n        "grid_status":"2,1,0",\r\n        "grid_ordering":"title",\r\n        "grid_ordering_direction":"ASC",\r\n        "grid_items_per_page":"15",\r\n        "grid_use_pagination":"1",\r\n\r\n        "grid_filter_list1":"Filter_Status",\r\n        "grid_filter_list2":"Filter_Categories",\r\n        "grid_filter_list3":"Filter_Tags",\r\n        "grid_filter_list4":"Filter_Author",\r\n        "grid_filter_list5":"Filter_Featured",\r\n        "grid_filter_list6":"",\r\n        "grid_filter_list7":"",\r\n        "grid_filter_list8":"",\r\n        "grid_filter_list9":"",\r\n        "grid_filter_search":"1",\r\n\r\n         "grid_column1":"title",\r\n        "grid_column2":"content_text",\r\n        "grid_column3":"status_name",\r\n        "grid_column4":"start_publishing_datetime_ccyy_mm_dd",\r\n        "grid_column5":"stop_publishing_datetime_ccyy_mm_dd",\r\n        "grid_column6":"ordering",\r\n        "grid_column7":"id",\r\n        "grid_column8":"",\r\n        "grid_column9":"",\r\n\r\n        "grid_pagination_ordering_column":"title",\r\n        "grid_pagination_use":"1",\r\n\r\n        "page_type":"Grid",\r\n\r\n        "menuitem_theme_id":"",\r\n\r\n        "menuitem_page_view_id":"8040",\r\n        "menuitem_page_view_css_id":"",\r\n        "menuitem_page_view_css_class":"",\r\n\r\n        "menuitem_template_view_id":"9630",\r\n        "menuitem_template_view_css_id":"",\r\n        "menuitem_template_view_css_class":"",\r\n\r\n        "menuitem_wrap_view_id":"10140",\r\n        "menuitem_wrap_view_css_id":"",\r\n        "menuitem_wrap_view_css_class":"",\r\n        "menuitem_wrap_view_role":"",\r\n        "menuitem_wrap_view_property":"",\r\n\r\n        "menuitem_model_type":"Resource",\r\n        "menuitem_model_name":"Contacts",\r\n        "menuitem_model_query_object":"list",\r\n        \r\n        "menuitem_model_offset":"0",\r\n        "menuitem_model_count":"10",\r\n        "menuitem_model_use_pagination":"1"\r\n}\r\n', '{"metadata_title":"Contacts", \r\n"metadata_description":"Contacts", \r\n"metadata_keywords":"", \r\n"metadata_robots":"follow,index", \r\n"metadata_author":""}        ', 'en-GB', 0, 3),
  (25034, 11100, 11000, 'List', 11100, 11104, 20, 21, 4, '', 'contacts', 'list', 'Menuadmin', 'Link', '', 1, 0, 0, 1, '2015-01-15 12:00:00', '0000-00-00 00:00:00', 1, 0, 0, '2015-01-15 12:00:00', 1, '0000-00-00 00:00:00', 0, '0000-00-00 00:00:00', 0, 0, '', '', '', 'en-GB', 0, 1),
  (25005, 11100, 11000, 'New', 11100, 11104, 22, 23, 4, '', 'contacts', 'new', 'Menuadmin', 'New', '', 1, 0, 0, 1, '2015-01-15 12:00:00', '0000-00-00 00:00:00', 1, 0, 0, '2015-01-15 12:00:00', 1, '0000-00-00 00:00:00', 0, '0000-00-00 00:00:00', 0, 0, '', '{\r\n        "criteria_title":"New Contact",\r\n        "criteria_display_view_on_no_results":"1",\r\n        "criteria_snippet_length":"",\r\n        "criteria_status":"",\r\n        "criteria_catalog_type_id":"18000",\r\n        "criteria_extension_instance_id":"18000",\r\n\r\n        "page_type":"new",\r\n\r\n        "menuitem_theme_id":"",\r\n\r\n        "menuitem_page_view_id":"8050",\r\n        "menuitem_page_view_css_id":"",\r\n        "menuitem_page_view_css_class":"",\r\n\r\n        "menuitem_template_view_id":"9310",\r\n        "menuitem_template_view_css_id":"",\r\n        "menuitem_template_view_css_class":"",\r\n\r\n        "menuitem_wrap_view_id":"",\r\n        "menuitem_wrap_view_css_id":"",\r\n        "menuitem_wrap_view_css_class":"",\r\n        "menuitem_wrap_view_role":"",\r\n        "menuitem_wrap_view_property":"",\r\n\r\n        "model_name":"Contacts",\r\n        "model_type":"Primary",\r\n        "model_query_object":"item",\r\n        \r\n        "model_offset":"0",\r\n        "model_count":"10",\r\n        "model_use_pagination":"1"\r\n}', '{\r\n   "metadata_title":"Contacts",\r\n   "metadata_description":"",\r\n   "metadata_keywords":"",\r\n   "metadata_robots":"follow,index",\r\n   "metadata_author":""\r\n}', 'en-GB', 0, 2),
  (11145, 11100, 11000, 'Configuration', 11100, 11104, 24, 25, 4, '', 'contacts', 'configuration', 'Menuadmin', 'Configuration', '', 1, 0, 0, 1, '2015-01-15 12:00:00', '0000-00-00 00:00:00', 1, 0, 0, '2015-01-15 12:00:00', 1, '0000-00-00 00:00:00', 0, '0000-00-00 00:00:00', 0, 0, '{}', '{\r\n        "criteria_title":"Contacts Configuration",\r\n        "criteria_display_view_on_no_results":"0",\r\n        "criteria_snippet_length":"100",\r\n        "criteria_status":"1,2",\r\n        "criteria_catalog_type_id":"18000",\r\n        "criteria_extension_instance_id":"18000",\r\n\r\n        "page_type":"configuration",\r\n\r\n        "menuitem_theme_id":"",\r\n\r\n        "menuitem_page_view_id":"8010",\r\n        "menuitem_page_view_css_id":"",\r\n        "menuitem_page_view_css_class":"",\r\n        "menuitem_template_view_id":"9025",\r\n        "menuitem_template_view_css_id":"",\r\n        "menuitem_template_view_css_class":"",\r\n\r\n        "menuitem_wrap_view_id":"10120",\r\n        "menuitem_wrap_view_css_id":"configuration",\r\n        "menuitem_wrap_view_css_class":"",\r\n        "menuitem_wrap_view_role":"",\r\n        "menuitem_wrap_view_property":"",\r\n\r\n        "model_name":"Contacts",\r\n        "model_type":"Primary",\r\n        "model_query_object":"item",\r\n        \r\n        "model_offset":"0",\r\n        "model_count":"10",\r\n        "model_use_pagination":"1"\r\n}', '{"metadata_title":"Contacts", \r\n"metadata_description":"", \r\n"metadata_keywords":"", \r\n"metadata_robots":"follow,index", \r\n"metadata_author":"", \r\n"metadata_content_rights":""}        ', 'en-GB', 0, 3);

INSERT INTO `molajo_content` (`id`, `site_id`, `extension_instance_id`, `catalog_type_id`, `title`, `subtitle`, `path`, `alias`, `content_text`, `protected`, `featured`, `stickied`, `status`, `start_publishing_datetime`, `stop_publishing_datetime`, `version`, `version_of_id`, `status_prior_to_version`, `created_datetime`, `created_by`, `modified_datetime`, `modified_by`, `checked_out_datetime`, `checked_out_by`, `root`, `parent_id`, `lft`, `rgt`, `lvl`, `home`, `customfields`, `parameters`, `metadata`, `language`, `translation_of_id`, `ordering`) VALUES
  (91, 1, 18000, 18000, '11-111', '', '', 'contact-1', 'SIS Code 1 (11-111)', 0, 0, 0, 1, '2015-01-15 08:00:00', '0000-00-00 00:00:00', 1, 0, 0, '2012-09-13 12:00:00', 1, '2012-09-13 12:00:00', 1, '0000-00-00 00:00:00', 0, 0, 0, 0, 0, 0, 0, '{"contact_name":"Contact Name",\r\n"userid":"1",\r\n"website":"http://example.com/",\r\n"image":"",\r\n"email_address":"Name@example.com",\r\n"mailing_address":"123 Dodge Street&lt;br/&gt;Omaha, NE  68534",\r\n"country":"United States",\r\n"phone_number":"(402) 555-1212"}', '{}', '{}', 'en-GB', 0, 1),
  (92, 1, 18000, 18000, '22-222', '', '', 'contact-2', 'SIS Code 2 (22-222)', 0, 0, 0, 1, '2015-01-15 08:00:00', '0000-00-00 00:00:00', 1, 0, 0, '2012-09-13 12:00:00', 1, '2012-09-13 12:00:00', 1, '0000-00-00 00:00:00', 0, 0, 0, 0, 0, 0, 0, '{"contact_name":"Contact Name",\r\n"userid":"1",\r\n"website":"http://example.com/",\r\n"image":"",\r\n"email_address":"Name@example.com",\r\n"mailing_address":"123 Dodge Street&lt;br/&gt;Omaha, NE  68534",\r\n"country":"United States",\r\n"phone_number":"(402) 555-1212"}', '{}', '{}', 'en-GB', 0, 2),
  (93, 1, 18000, 18000, '33-333', '', '', 'contact-3', 'SIS Code 3 (33-333)', 0, 0, 0, 1, '2015-01-15 08:00:00', '0000-00-00 00:00:00', 1, 0, 0, '2012-09-13 12:00:00', 1, '2012-09-13 12:00:00', 1, '0000-00-00 00:00:00', 0, 0, 0, 0, 0, 0, 0, '{"contact_name":"Contact Name",\r\n"userid":"1",\r\n"website":"http://example.com/",\r\n"image":"",\r\n"email_address":"Name@example.com",\r\n"mailing_address":"123 Dodge Street&lt;br/&gt;Omaha, NE  68534",\r\n"country":"United States",\r\n"phone_number":"(402) 555-1212"}', '{}', '{}', 'en-GB', 0, 3),
  (94, 1, 18000, 18000, '44-444', '', '', 'contact-4', 'SIS Code 4 (44-444)', 0, 0, 0, 1, '2015-01-15 08:00:00', '0000-00-00 00:00:00', 1, 0, 0, '2012-09-13 12:00:00', 1, '2012-09-13 12:00:00', 1, '0000-00-00 00:00:00', 0, 0, 0, 0, 0, 0, 0, '{"contact_name":"Contact Name",\r\n"userid":"1",\r\n"website":"http://example.com/",\r\n"image":"",\r\n"email_address":"Name@example.com",\r\n"mailing_address":"123 Dodge Street&lt;br/&gt;Omaha, NE  68534",\r\n"country":"United States",\r\n"phone_number":"(402) 555-1212"}', '{}', '{}', 'en-GB', 0, 4),
  (95, 1, 18000, 18000, '55-555', '', '', 'contact-5', 'SIS Code 5 (55-555)', 0, 0, 0, 1, '2015-01-15 08:00:00', '0000-00-00 00:00:00', 1, 0, 0, '2012-09-13 12:00:00', 1, '2012-09-13 12:00:00', 1, '0000-00-00 00:00:00', 0, 0, 0, 0, 0, 0, 0, '{"contact_name":"Contact Name",\r\n"userid":"1",\r\n"website":"http://example.com/",\r\n"image":"",\r\n"email_address":"Name@example.com",\r\n"mailing_address":"123 Dodge Street&lt;br/&gt;Omaha, NE  68534",\r\n"country":"United States",\r\n"phone_number":"(402) 555-1212"}', '{}', '{}', 'en-GB', 0, 5);

--
-- Comments
--

INSERT INTO `molajo_catalog_types` (`id`, `primary_category_id`, `title`, `alias`, `model_type`, `model_name`, `protected`) VALUES
  (17000, 16, 'Comments', 'comments', 'Resource', 'Comments', 1);

INSERT INTO `molajo_extensions` (`id`, `extension_site_id`, `catalog_type_id`, `name`, `subtitle`, `language`, `translation_of_id`, `ordering`) VALUES
  (17000, 1, 12000, 'Comments', '', 'en-GB', 0, 17);

INSERT INTO `molajo_extension_instances` (`id`, `extension_id`, `catalog_type_id`, `title`, `root`, `parent_id`, `lft`, `rgt`, `lvl`, `subtitle`, `path`, `alias`, `menu`, `page_type`, `content_text`, `protected`, `featured`, `stickied`, `status`, `start_publishing_datetime`, `stop_publishing_datetime`, `version`, `version_of_id`, `status_prior_to_version`, `created_datetime`, `created_by`, `modified_datetime`, `modified_by`, `checked_out_datetime`, `checked_out_by`, `home`, `customfields`, `parameters`, `metadata`, `language`, `translation_of_id`, `ordering`) VALUES
  (17000, 17000, 12000, 'Comments', '', '', 'comments', '', 'List', '', 1, 0, 0, 1, '2014-02-14 08:00:00', '0000-00-00 00:00:00', 1, 0, 0, '2012-09-13 12:00:00', 0, '0000-00-00 00:00:00', 0, '0000-00-00 00:00:00', 0, 0, 0, 0, 0, 0, 0, '{}', '{\r\n   "criteria_title":"Comments",\r\n   "criteria_catalog_type_id":"17000",\r\n   "criteria_extension_instance_id":"17000",\r\n   "criteria_source_id":"",\r\n   "criteria_status":"0,1,2",\r\n   "criteria_snippet_length":"200",\r\n   "criteria_display_view_on_no_results":"1",\r\n   "enable_content_draft_save":"1",\r\n   "enable_content_log_catalog_activity":"0",\r\n   "enable_content_maximum_version_count":"5",\r\n   "enable_content_retain_versions_after_delete":"1",\r\n   "enable_content_version_history":"1",\r\n   "enable_broadcast_notifications":"0",\r\n   "enable_broadcast_ping":"0",\r\n   "enable_broadcast_tweets":"0",\r\n   "enable_broadcast_feed":"0",\r\n   "enable_categorize_categories":"",\r\n   "enable_categorize_tags":"",\r\n   "enable_protection_bad_word_filter":"shoot",\r\n   "enable_protection_block_email_address":"joe@example.com",\r\n   "enable_protection_block_name":"Joe Smith,Betty Boop",\r\n   "enable_protection_flood_control_seconds":"120",\r\n   "enable_protection_ip_address":"",\r\n   "enable_protection_content_length":"1000",\r\n   "enable_protection_log_user_activity":"",\r\n   "enable_protection_spam_guard":"1",\r\n   "enable_response_comment_form_open_days":"90",\r\n   "enable_response_comments":"1",\r\n   "enable_response_hit_counts":"1",\r\n   "enable_response_ratings":"1",\r\n   "enable_response_subscriptions":"1",\r\n   "enable_response_vote_form_open_days":"90",\r\n   "enable_response_vote":"1",\r\n   "enable_system_ajax_access":"1",\r\n   "enable_system_search":"1",\r\n   "edit_toolbar_buttons_new":"save,cancel",\r\n   "edit_toolbar_buttons_edit":"save,saveas,cancel,delete",\r\n   "edit_title_column1":"title",\r\n   "edit_title_column2":"alias",\r\n   "edit_title_column3":"subtitle",\r\n   "edit_title_column4":"status",\r\n   "edit_title_column5":"",\r\n   "edit_title_column6":"",\r\n   "edit_editor_column1":"content_text",\r\n   "edit_editor_column2":"",\r\n   "edit_editor_column3":"",\r\n   "edit_editor_column4":"",\r\n   "edit_editor_column5":"",\r\n   "edit_editor_column6":"",\r\n   "edit_editor_column7":"",\r\n   "edit_editor_column8":"",\r\n   "edit_editor_column9":"",\r\n   "edit_editor_column10":"",\r\n   "edit_editor_column11":"",\r\n   "edit_editor_column12":"",\r\n   "edit_editor_column13":"",\r\n   "edit_editor_column14":"",\r\n   "edit_editor_column15":"",\r\n   "edit_subeditor_column1":"modified_by",\r\n   "edit_subeditor_column2":"modified_datetime",\r\n   "edit_subeditor_column3":"version",\r\n   "edit_subeditor_column4":"version_of_id",\r\n   "edit_subeditor_column5":"",\r\n   "edit_sidebar1_column1":"created_by",\r\n   "edit_sidebar1_column2":"created_datetime",\r\n   "edit_sidebar1_column3":"start_publishing_datetime",\r\n   "edit_sidebar1_column4":"stop_publishing_datetime",\r\n   "edit_sidebar1_column5":"ordering",\r\n   "edit_sidebar1_column6":"",\r\n   "edit_sidebar1_column7":"",\r\n   "edit_sidebar1_column8":"",\r\n   "edit_sidebar1_column9":"",\r\n   "edit_sidebar1_column10":"",\r\n   "edit_sidebar1_column11":"",\r\n   "edit_sidebar1_column12":"",\r\n   "edit_sidebar1_column13":"",\r\n   "edit_sidebar1_column14":"",\r\n   "edit_sidebar1_column15":"",\r\n   "edit_sidebar2_column1":"featured",\r\n   "edit_sidebar2_column2":"stickied",\r\n   "edit_sidebar2_column3":"tags",\r\n   "edit_sidebar2_column4":"categories",\r\n   "edit_sidebar2_column5":"language",\r\n   "edit_sidebar2_column6":"translation_of_id",\r\n   "edit_sidebar2_column7":"enable_system_search",\r\n   "edit_sidebar2_column8":"",\r\n   "edit_sidebar2_column9":"",\r\n   "edit_sidebar2_column10":"",\r\n   "edit_sidebar2_column11":"",\r\n   "edit_sidebar2_column12":"",\r\n   "edit_sidebar2_column13":"",\r\n   "edit_sidebar2_column14":"",\r\n   "edit_sidebar2_column15":"",\r\n   "edit_sidebar3_column1":"metadata_title",\r\n   "edit_sidebar3_column2":"metadata_description",\r\n   "edit_sidebar3_column3":"metadata_keywords",\r\n   "edit_sidebar3_column4":"metadata_robots",\r\n   "edit_sidebar3_column5":"metadata_author",\r\n   "edit_sidebar3_column6":"metadata_content_rights",\r\n   "edit_sidebar3_column7":"",\r\n   "edit_sidebar3_column8":"",\r\n   "edit_sidebar3_column9":"",\r\n   "edit_sidebar3_column10":"",\r\n   "edit_sidebar3_column11":"",\r\n   "edit_sidebar3_column12":"",\r\n   "edit_sidebar3_column13":"",\r\n   "edit_sidebar3_column14":"",\r\n   "edit_sidebar3_column15":"",\r\n   "edit_sidebar4_column1":"enable_response_comments",\r\n   "edit_sidebar4_column2":"enable_response_comment_form_open_days",\r\n   "edit_sidebar4_column3":"enable_response_hit_counts",\r\n   "edit_sidebar4_column4":"enable_response_ratings",\r\n   "edit_sidebar4_column5":"enable_response_subscriptions",\r\n   "edit_sidebar4_column6":"enable_response_vote",\r\n   "edit_sidebar4_column7":"enable_response_vote_form_open_days",\r\n   "edit_sidebar4_column8":"",\r\n   "edit_sidebar4_column9":"",\r\n   "edit_sidebar4_column10":"",\r\n   "edit_sidebar4_column11":"",\r\n   "edit_sidebar4_column12":"",\r\n   "edit_sidebar4_column13":"",\r\n   "edit_sidebar4_column14":"",\r\n   "edit_sidebar4_column15":"",\r\n   "edit_footer_column1":"",\r\n   "edit_footer_column2":"",\r\n   "edit_footer_column3":"",\r\n   "edit_footer_column4":"",\r\n   "edit_footer_column5":"",\r\n   "form_parent_menu_id":"11105",\r\n   "form_theme_id":"",\r\n   "form_page_view_id":"8050",\r\n   "form_page_view_css_id":"",\r\n   "form_page_view_css_class":"",\r\n   "form_template_view_id":"9310",\r\n   "form_template_view_css_id":"",\r\n   "form_template_view_css_class":"",\r\n   "form_wrap_view_id":"10140",\r\n   "form_wrap_view_css_id":"",\r\n   "form_wrap_view_css_class":"",\r\n   "form_wrap_view_role":"",\r\n   "form_wrap_view_property":"",\r\n   "form_model_name":"Comments",\r\n   "form_model_type":"Resource",\r\n   "form_model_query_object":"item",\r\n   "item_parent_menu_id":"11105",\r\n   "item_theme_id":"",\r\n   "item_page_view_id":"8230",\r\n   "item_page_view_css_id":"",\r\n   "item_page_view_css_class":"",\r\n   "item_template_view_id":"9086",\r\n   "item_template_view_css_id":"",\r\n   "item_template_view_css_class":"",\r\n   "item_wrap_view_id":"10010",\r\n   "item_wrap_view_css_id":"",\r\n   "item_wrap_view_css_class":"",\r\n   "item_wrap_view_role":"",\r\n   "item_wrap_view_property":"",\r\n   "item_model_name":"Comments",\r\n   "item_model_type":"Resource",\r\n   "item_model_query_object":"item",\r\n   "list_parent_menu_id":"",\r\n   "list_theme_id":"",\r\n   "list_page_view_id":"",\r\n   "list_page_view_css_id":"",\r\n   "list_page_view_css_class":"",\r\n   "list_template_view_id":"",\r\n   "list_template_view_css_id":"",\r\n   "list_template_view_css_class":"",\r\n   "list_wrap_view_id":"",\r\n   "list_wrap_view_css_id":"",\r\n   "list_wrap_view_css_class":"",\r\n   "list_wrap_view_role":"",\r\n   "list_wrap_view_property":"",\r\n   "list_model_name":"",\r\n   "list_model_type":"",\r\n   "list_model_query_object":"",\r\n   "list_model_ordering":"",\r\n   "list_model_ordering_direction":"",\r\n   "list_model_offset":"0",\r\n   "list_model_count":"10",\r\n   "list_model_use_pagination":"1"\r\n}', '{\r\n   "metadata_title":"Comments",\r\n   "metadata_description":"",\r\n   "metadata_keywords":"",\r\n   "metadata_robots":"follow,index",\r\n   "metadata_author":""\r\n}', 'en-GB', 0, 18);

INSERT INTO `molajo_extension_instances` (`id`, `extension_id`, `catalog_type_id`, `title`, `root`, `parent_id`, `lft`, `rgt`, `lvl`, `subtitle`, `path`, `alias`, `menu`, `page_type`, `content_text`, `protected`, `featured`, `stickied`, `status`, `start_publishing_datetime`, `stop_publishing_datetime`, `version`, `version_of_id`, `status_prior_to_version`, `created_datetime`, `created_by`, `modified_datetime`, `modified_by`, `checked_out_datetime`, `checked_out_by`, `home`, `customfields`, `parameters`, `metadata`, `language`, `translation_of_id`, `ordering`) VALUES
  (11105, 11100, 11000, 'Comments', 11100, 11101, 27, 34, 3, '', '', 'comments', 'Menuadmin', 'Grid', '', 1, 0, 0, 1, '2015-01-15 12:00:00', '0000-00-00 00:00:00', 1, 0, 0, '2015-01-15 12:00:00', 1, '0000-00-00 00:00:00', 0, '0000-00-00 00:00:00', 0, 0, '{}', '{\r\n        "criteria_title":"Comments",\r\n        "criteria_display_view_on_no_results":"0",\r\n        "criteria_snippet_length":"150",\r\n        "criteria_status":"0,1,2",\r\n        "criteria_catalog_type_id":"17000",\r\n        "criteria_extension_instance_id":"17000",\r\n        "criteria_source_id":"",\r\n\r\n        "grid_action_archive":"1",\r\n        "grid_action_checkin":"1",\r\n        "grid_action_feature":"1",\r\n        "grid_action_publish":"1",\r\n        "grid_action_restore":"1",\r\n        "grid_action_sticky":"1",\r\n        "grid_action_trash":"1",\r\n        "grid_action_unpublish":"1",\r\n \r\n        "grid_toolbar_button_categories":"1",\r\n        "grid_toolbar_button_copy":"1",\r\n        "grid_toolbar_button_filter":"1",\r\n        "grid_toolbar_button_new":"1",\r\n        "grid_toolbar_button_permissions":"1",\r\n        "grid_toolbar_button_tags":"1",\r\n\r\n        "grid_batch_categories":"1",\r\n        "grid_batch_permissions":"1",\r\n        "grid_batch_tags":"1",\r\n\r\n        "grid_status":"2,1,0",\r\n        "grid_ordering":"title",\r\n        "grid_ordering_direction":"ASC",\r\n        "grid_items_per_page":"15",\r\n        "grid_use_pagination":"1",\r\n\r\n        "grid_filter_list1":"Filter_Status",\r\n        "grid_filter_list2":"Filter_Categories",\r\n        "grid_filter_list3":"Filter_Tags",\r\n        "grid_filter_list4":"Filter_Author",\r\n        "grid_filter_list5":"Filter_Featured",\r\n        "grid_filter_list6":"",\r\n        "grid_filter_list7":"",\r\n        "grid_filter_list8":"",\r\n        "grid_filter_list9":"",\r\n        "grid_filter_search":"1",\r\n\r\n        "grid_column1":"title",\r\n        "grid_column2":"status_name",\r\n        "grid_column3":"start_publishing_datetime_ccyy_mm_dd",\r\n        "grid_column4":"parent_id",\r\n        "grid_column5":"lft",\r\n        "grid_column6":"rgt",\r\n        "grid_column7":"id",\r\n        "grid_column8":"",\r\n        "grid_column9":"",\r\n\r\n        "grid_pagination_ordering_column":"lft",\r\n        "grid_pagination_use":"1",\r\n\r\n        "page_type":"Grid",\r\n\r\n        "menuitem_theme_id":"",\r\n\r\n        "menuitem_page_view_id":"8040",\r\n        "menuitem_page_view_css_id":"",\r\n        "menuitem_page_view_css_class":"",\r\n\r\n        "menuitem_template_view_id":"9630",\r\n        "menuitem_template_view_css_id":"",\r\n        "menuitem_template_view_css_class":"",\r\n\r\n        "menuitem_wrap_view_id":"10140",\r\n        "menuitem_wrap_view_css_id":"",\r\n        "menuitem_wrap_view_css_class":"",\r\n        "menuitem_wrap_view_role":"",\r\n        "menuitem_wrap_view_property":"",\r\n\r\n        "menuitem_model_type":"Resource",\r\n        "menuitem_model_name":"Comments",\r\n        "menuitem_model_query_object":"list",\r\n        \r\n        "menuitem_model_offset":"0",\r\n        "menuitem_model_count":"10",\r\n        "menuitem_model_use_pagination":"1"\r\n}\r\n', '{"metadata_title":"Comments", \r\n"metadata_description":"Comments", \r\n"metadata_keywords":"", \r\n"metadata_robots":"follow,index", \r\n"metadata_author":""}        ', 'en-GB', 0, 4),
  (25035, 11100, 11000, 'List', 11100, 11105, 28, 29, 4, '', 'comments', 'list', 'Menuadmin', 'Link', '', 1, 0, 0, 1, '2015-01-15 12:00:00', '0000-00-00 00:00:00', 1, 0, 0, '2015-01-15 12:00:00', 1, '0000-00-00 00:00:00', 0, '0000-00-00 00:00:00', 0, 0, '', '', '', 'en-GB', 0, 1),
  (25004, 11100, 11000, 'New', 11100, 11105, 30, 31, 4, '', 'comments', 'new', 'Menuadmin', 'New', '', 1, 0, 0, 1, '2015-01-15 12:00:00', '0000-00-00 00:00:00', 1, 0, 0, '2015-01-15 12:00:00', 1, '0000-00-00 00:00:00', 0, '0000-00-00 00:00:00', 0, 0, '', '{\r\n        "criteria_title":"Comments",\r\n        "criteria_display_view_on_no_results":"1",\r\n        "criteria_snippet_length":"",\r\n        "criteria_status":"",\r\n        "criteria_catalog_type_id":"17000",\r\n        "criteria_extension_instance_id":"17000",\r\n\r\n        "page_type":"new",\r\n\r\n        "menuitem_theme_id":"",\r\n\r\n        "menuitem_page_view_id":"8050",\r\n        "menuitem_page_view_css_id":"",\r\n        "menuitem_page_view_css_class":"",\r\n\r\n        "menuitem_template_view_id":"9310",\r\n        "menuitem_template_view_css_id":"",\r\n        "menuitem_template_view_css_class":"",\r\n\r\n        "menuitem_wrap_view_id":"",\r\n        "menuitem_wrap_view_css_id":"",\r\n        "menuitem_wrap_view_css_class":"",\r\n        "menuitem_wrap_view_role":"",\r\n        "menuitem_wrap_view_property":"",\r\n\r\n        "model_name":"Comments",\r\n        "model_type":"Primary",\r\n        "model_query_object":"item",\r\n        \r\n        "model_offset":"0",\r\n        "model_count":"10",\r\n        "model_use_pagination":"1"\r\n}', '{\r\n   "metadata_title":"Comments",\r\n   "metadata_description":"",\r\n   "metadata_keywords":"",\r\n   "metadata_robots":"follow,index",\r\n   "metadata_author":""\r\n}', 'en-GB', 0, 2),
  (11144, 11100, 11000, 'Configuration', 11100, 11105, 32, 33, 4, '', 'comments', 'configuration', 'Menuadmin', 'Configuration', '', 1, 0, 0, 1, '2015-01-15 12:00:00', '0000-00-00 00:00:00', 1, 0, 0, '2015-01-15 12:00:00', 1, '0000-00-00 00:00:00', 0, '0000-00-00 00:00:00', 0, 0, '{}', '{\r\n        "criteria_title":"Comments Configuration",\r\n        "criteria_display_view_on_no_results":"0",\r\n        "criteria_snippet_length":"100",\r\n        "criteria_status":"1,2",\r\n        "criteria_catalog_type_id":"17000",\r\n        "criteria_extension_instance_id":"17000",\r\n\r\n        "page_type":"configuration",\r\n\r\n        "menuitem_theme_id":"",\r\n\r\n        "menuitem_page_view_id":"8010",\r\n        "menuitem_page_view_css_id":"",\r\n        "menuitem_page_view_css_class":"",\r\n        "menuitem_template_view_id":"9025",\r\n        "menuitem_template_view_css_id":"",\r\n        "menuitem_template_view_css_class":"",\r\n\r\n        "menuitem_wrap_view_id":"10120",\r\n        "menuitem_wrap_view_css_id":"",\r\n        "menuitem_wrap_view_css_class":"",\r\n        "menuitem_wrap_view_role":"",\r\n        "menuitem_wrap_view_property":"",\r\n\r\n        "model_name":"Comments",\r\n        "model_type":"Primary",\r\n        "model_query_object":"item",\r\n        \r\n        "model_offset":"0",\r\n        "model_count":"10",\r\n        "model_use_pagination":"1"\r\n}', '{"metadata_title":"Comments", \r\n"metadata_description":"", \r\n"metadata_keywords":"", \r\n"metadata_robots":"follow,index", \r\n"metadata_author":"", \r\n"metadata_content_rights":""}        ', 'en-GB', 0, 3);

INSERT INTO `molajo_content` (`id`, `site_id`, `extension_instance_id`, `catalog_type_id`, `title`, `subtitle`, `path`, `alias`, `content_text`, `protected`, `featured`, `stickied`, `status`, `start_publishing_datetime`, `stop_publishing_datetime`, `version`, `version_of_id`, `status_prior_to_version`, `created_datetime`, `created_by`, `modified_datetime`, `modified_by`, `checked_out_datetime`, `checked_out_by`, `root`, `parent_id`, `lft`, `rgt`, `lvl`, `home`, `customfields`, `parameters`, `metadata`, `language`, `translation_of_id`, `ordering`) VALUES
  (71, 1, 17000, 17000, 'University of Nebraska', '', '', 'comment-71', 'The University of Nebraska offers students the opportunity to choose a learning environment that suits their personal needs. The best way to find out more about each of the university''s four campuses is to visit and experience it for yourself.', 0, 0, 0, 1, '2015-01-15 08:00:00', '0000-00-00 00:00:00', 1, 0, 0, '2012-09-13 12:00:00', 1, '2012-09-13 12:00:00', 1, '0000-00-00 00:00:00', 0, 71, 0, 1, 40, 1, 0, '{"visitor_name":"Name",\r\n        "email_address":"name@example.com",\r\n        "website":"http://example.com/",\r\n        "ip_address":"127.0.0.1"}', '{}', '{}', 'en-GB', 0, 1),
  (72, 1, 17000, 17000, 'Campus A', '', '', 'comment-72', 'More than 24,000 students attend the University of Nebraska-Lincoln, the NU system''s flagship campus and one of the nation''s top 50 public universities. UNL offers more than 150 undergraduate majors, a wide range of graduate programs and opportunities to learn from and work with some of the country''s best researchers -- not to mention an award-winning Division of General Studies for those students who haven''t yet settled on a major.', 0, 0, 0, 1, '2015-01-15 08:00:00', '0000-00-00 00:00:00', 1, 0, 0, '2012-09-13 12:00:00', 1, '2012-09-13 12:00:00', 1, '0000-00-00 00:00:00', 0, 71, 71, 2, 39, 2, 0, '{"visitor_name":"Name",\r\n        "email_address":"name@example.com",\r\n        "website":"http://example.com/",\r\n        "ip_address":"127.0.0.1"}', '{}', '{}', 'en-GB', 0, 2),
  (73, 1, 17000, 17000, 'VC/VP A', '', '', 'comment-73', 'Sample VC/VP Area', 0, 0, 0, 1, '2015-01-15 08:00:00', '0000-00-00 00:00:00', 1, 0, 0, '2012-09-13 12:00:00', 1, '2012-09-13 12:00:00', 1, '0000-00-00 00:00:00', 0, 71, 72, 3, 38, 3, 0, '{"visitor_name":"Name",\r\n        "email_address":"name@example.com",\r\n        "website":"http://example.com/",\r\n        "ip_address":"127.0.0.1"}', '{}', '{}', 'en-GB', 0, 3),
  (74, 1, 17000, 17000, 'Department A College A ', '', '', 'comment-74', 'College A Department A Muffin wafer muffin icing pastry sweet roll. Brownie dessert I love dessert sesame snaps cupcake caramels croissant. Dessert tart chocolate bar faworki I love I love.', 0, 0, 0, 1, '2015-01-15 08:00:00', '0000-00-00 00:00:00', 1, 0, 0, '2012-09-13 12:00:00', 1, '2012-09-13 12:00:00', 1, '0000-00-00 00:00:00', 0, 71, 73, 5, 6, 5, 0, '{"visitor_name":"Name",\r\n        "email_address":"name@example.com",\r\n        "website":"http://example.com/",\r\n        "ip_address":"127.0.0.1"}', '{}', '{}', 'en-GB', 0, 5),
  (75, 1, 17000, 17000, 'Department B College A ', '', '', 'comment-75', 'College A Department B Jelly beans pastry cotton candy croissant gummi bears. ', 0, 0, 0, 1, '2015-01-15 08:00:00', '0000-00-00 00:00:00', 1, 0, 0, '2012-09-13 12:00:00', 1, '2012-09-13 12:00:00', 1, '0000-00-00 00:00:00', 0, 71, 73, 7, 8, 5, 0, '{"visitor_name":"Name",\r\n        "email_address":"name@example.com",\r\n        "website":"http://example.com/",\r\n        "ip_address":"127.0.0.1"}', '{}', '{}', 'en-GB', 0, 6),
  (76, 1, 17000, 17000, 'Department D College B', '', '', 'comment-76', 'Department D College B Bear claw cookie cookie cupcake marshmallow icing. ', 0, 0, 0, 1, '2015-01-15 08:00:00', '0000-00-00 00:00:00', 1, 0, 0, '2012-09-13 12:00:00', 1, '2012-09-13 12:00:00', 1, '0000-00-00 00:00:00', 0, 71, 89, 18, 19, 5, 0, '{"visitor_name":"Name",\r\n        "email_address":"name@example.com",\r\n        "website":"http://example.com/",\r\n        "ip_address":"127.0.0.1"}', '{}', '{}', 'en-GB', 0, 12),
  (77, 1, 17000, 17000, 'Department B College C ', '', '', 'comment-77', 'Department B College C  Sesame snaps macaroon faworki brownie topping apple pie sweet lollipop sweet. Topping pie brownie sesame snaps sesame snaps.', 0, 0, 0, 1, '2015-01-15 08:00:00', '0000-00-00 00:00:00', 1, 0, 0, '2012-09-13 12:00:00', 1, '2012-09-13 12:00:00', 1, '0000-00-00 00:00:00', 0, 71, 90, 25, 26, 5, 0, '{"visitor_name":"Name",\r\n        "email_address":"name@example.com",\r\n        "website":"http://example.com/",\r\n        "ip_address":"127.0.0.1"}', '{}', '{}', 'en-GB', 0, 16),
  (78, 1, 17000, 17000, 'Department D College C ', '', '', 'comment-78', 'Department D College C Biscuit drage candy I love. I love applicake donut I love donut bonbon lemon drops muffin. I love toffee sweet roll. Danish I love liquorice applicake donut wypas toffee.', 0, 0, 0, 1, '2015-01-15 08:00:00', '0000-00-00 00:00:00', 1, 0, 0, '2012-09-13 12:00:00', 1, '2012-09-13 12:00:00', 1, '0000-00-00 00:00:00', 0, 71, 90, 29, 30, 5, 0, '{"visitor_name":"Name",\r\n        "email_address":"name@example.com",\r\n        "website":"http://example.com/",\r\n        "ip_address":"127.0.0.1"}', '{}', '{}', 'en-GB', 0, 18),
  (79, 1, 17000, 17000, 'Department E College C', '', '', 'comment-79', 'Department E College C Halvah powder sweet cheesecake bear claw sweet biscuit sweet. ', 0, 0, 0, 1, '2015-01-15 08:00:00', '0000-00-00 00:00:00', 1, 0, 0, '2012-09-13 12:00:00', 1, '2012-09-13 12:00:00', 1, '0000-00-00 00:00:00', 0, 71, 90, 31, 32, 5, 0, '{"visitor_name":"Name",\r\n        "email_address":"name@example.com",\r\n        "website":"http://example.com/",\r\n        "ip_address":"127.0.0.1"}', '{}', '{}', 'en-GB', 0, 19),
  (80, 1, 17000, 17000, 'Department C College A ', '', '', 'comment-80', 'College A Department C Dessert ice cream chocolate icing. Gummies wafer cookie wypas sugar plum donut cheesecake ice cream candy. ', 0, 0, 0, 1, '2015-01-15 08:00:00', '0000-00-00 00:00:00', 1, 0, 0, '2012-09-13 12:00:00', 1, '2012-09-13 12:00:00', 1, '0000-00-00 00:00:00', 0, 71, 73, 9, 10, 5, 0, '{"visitor_name":"Name",\r\n        "email_address":"name@example.com",\r\n        "website":"http://example.com/",\r\n        "ip_address":"127.0.0.1"}', '{}', '{}', 'en-GB', 0, 7),
  (81, 1, 17000, 17000, 'Department A College B ', '', '', 'comment-81', 'Department A College B Lemon drops marzipan jujubes muffin tart jelly apple pie.', 0, 0, 0, 1, '2015-01-15 08:00:00', '0000-00-00 00:00:00', 1, 0, 0, '2012-09-13 12:00:00', 1, '2012-09-13 12:00:00', 1, '0000-00-00 00:00:00', 0, 71, 89, 12, 13, 5, 0, '{"visitor_name":"Name",\r\n        "email_address":"name@example.com",\r\n        "website":"http://example.com/",\r\n        "ip_address":"127.0.0.1"}', '{}', '{}', 'en-GB', 0, 9),
  (82, 1, 17000, 17000, 'Department E College B', '', '', 'comment-82', 'Department E College B Powder jujubes sesame snaps halvah marshmallow caramels chocolate bar. ', 0, 0, 0, 1, '2015-01-15 08:00:00', '0000-00-00 00:00:00', 1, 0, 0, '2012-09-13 12:00:00', 1, '2012-09-13 12:00:00', 1, '0000-00-00 00:00:00', 0, 71, 89, 20, 21, 5, 0, '{"visitor_name":"Name",\r\n        "email_address":"name@example.com",\r\n        "website":"http://example.com/",\r\n        "ip_address":"127.0.0.1"}', '{}', '{}', 'en-GB', 0, 13),
  (83, 1, 17000, 17000, 'Department C College C ', '', '', 'comment-83', 'Department C College C I love croissant tootsie roll. ', 0, 0, 0, 1, '2015-01-15 08:00:00', '0000-00-00 00:00:00', 1, 0, 0, '2012-09-13 12:00:00', 1, '2012-09-13 12:00:00', 1, '0000-00-00 00:00:00', 0, 71, 90, 27, 28, 5, 0, '{"visitor_name":"Name",\r\n        "email_address":"name@example.com",\r\n        "website":"http://example.com/",\r\n        "ip_address":"127.0.0.1"}', '{}', '{}', 'en-GB', 0, 17),
  (84, 1, 17000, 17000, 'Department F College C', '', '', 'comment-84', 'Department E College D Sweet roll I love I love chocolate cake marzipan liquorice candy. Cheesecake cake candy canes jelly beans carrot cake bonbon caramels icing.', 0, 0, 0, 1, '2015-01-15 08:00:00', '0000-00-00 00:00:00', 1, 0, 0, '2012-09-13 12:00:00', 1, '2012-09-13 12:00:00', 1, '0000-00-00 00:00:00', 0, 71, 90, 33, 34, 5, 0, '{"visitor_name":"Name",\r\n        "email_address":"name@example.com",\r\n        "website":"http://example.com/",\r\n        "ip_address":"127.0.0.1"}', '{}', '{}', 'en-GB', 0, 20),
  (85, 1, 17000, 17000, 'Department B College B ', '', '', 'comment-85', 'Department B College B Apple pie applicake carrot cake tiramisu.', 0, 0, 0, 1, '2015-01-15 08:00:00', '0000-00-00 00:00:00', 1, 0, 0, '2012-09-13 12:00:00', 1, '2012-09-13 12:00:00', 1, '0000-00-00 00:00:00', 0, 71, 89, 14, 15, 5, 0, '{"visitor_name":"Name",\r\n        "email_address":"name@example.com",\r\n        "website":"http://example.com/",\r\n        "ip_address":"127.0.0.1"}', '{}', '{}', 'en-GB', 0, 10),
  (86, 1, 17000, 17000, 'Department A College C ', '', '', 'comment-86', ' Department A College C  Gingerbread I love apple pie I love. ', 0, 0, 0, 1, '2015-01-15 08:00:00', '0000-00-00 00:00:00', 1, 0, 0, '2012-09-13 12:00:00', 1, '2012-09-13 12:00:00', 1, '0000-00-00 00:00:00', 0, 71, 90, 23, 24, 5, 0, '{"visitor_name":"Name",\r\n        "email_address":"name@example.com",\r\n        "website":"http://example.com/",\r\n        "ip_address":"127.0.0.1"}', '{}', '{}', 'en-GB', 0, 15),
  (87, 1, 17000, 17000, 'Department C College B', '', '', 'comment-87', 'Department B College C Marzipan I love topping drage chocolate cake halvah icing chocolate bar. Lemon drops muffin danish tootsie roll.', 0, 0, 0, 1, '2015-01-15 08:00:00', '0000-00-00 00:00:00', 1, 0, 0, '2012-09-13 12:00:00', 1, '2012-09-13 12:00:00', 1, '0000-00-00 00:00:00', 0, 71, 89, 16, 17, 5, 0, '{"visitor_name":"Name",\r\n        "email_address":"name@example.com",\r\n        "website":"http://example.com/",\r\n        "ip_address":"127.0.0.1"}', '{}', '{}', 'en-GB', 0, 11),
  (88, 1, 17000, 17000, 'College A', '', '', 'comment-88', 'College A Wafer tiramisu gummi bears jelly.', 0, 0, 0, 1, '2015-01-15 08:00:00', '0000-00-00 00:00:00', 1, 0, 0, '2012-09-13 12:00:00', 1, '2012-09-13 12:00:00', 1, '0000-00-00 00:00:00', 0, 71, 73, 4, 37, 4, 0, '{"visitor_name":"Name",\r\n        "email_address":"name@example.com",\r\n        "website":"http://example.com/",\r\n        "ip_address":"127.0.0.1"}', '{}', '{}', 'en-GB', 0, 4),
  (89, 1, 17000, 17000, 'College B', '', '', 'comment-89', 'College B Jelly-o tart biscuit I love tiramisu danish.', 0, 0, 0, 1, '2015-01-15 08:00:00', '0000-00-00 00:00:00', 1, 0, 0, '2012-09-13 12:00:00', 1, '2012-09-13 12:00:00', 1, '0000-00-00 00:00:00', 0, 71, 73, 11, 36, 4, 0, '{"visitor_name":"Name",\r\n        "email_address":"name@example.com",\r\n        "website":"http://example.com/",\r\n        "ip_address":"127.0.0.1"}', '{}', '{}', 'en-GB', 0, 8),
  (90, 1, 17000, 17000, 'College C', '', '', 'comment-90', 'College C Wypas toffee pudding faworki chupa chups lollipop I love sweet sugar plum. Candy sugar plum apple pie jelly beans cupcake croissant.', 0, 0, 0, 1, '2015-01-15 08:00:00', '0000-00-00 00:00:00', 1, 0, 0, '2012-09-13 12:00:00', 1, '2012-09-13 12:00:00', 1, '0000-00-00 00:00:00', 0, 71, 73, 22, 35, 4, 0, '{"visitor_name":"Name",\r\n        "email_address":"name@example.com",\r\n        "website":"http://example.com/",\r\n        "ip_address":"127.0.0.1"}', '{}', '{}', 'en-GB', 0, 14);

--
-- Categories
--

INSERT INTO `molajo_catalog_types` (`id`, `primary_category_id`, `title`, `alias`, `model_type`, `model_name`, `protected`) VALUES
  (14000, 14, 'Categories', 'categories', 'Resource', 'Categories', 1);

INSERT INTO `molajo_extensions` (`id`, `extension_site_id`, `catalog_type_id`, `name`, `subtitle`, `language`, `translation_of_id`, `ordering`) VALUES
  (14000, 1, 12000, 'Categories', '', 'en-GB', 0, 14);

INSERT INTO `molajo_extension_instances` (`id`, `extension_id`, `catalog_type_id`, `title`, `root`, `parent_id`, `lft`, `rgt`, `lvl`, `subtitle`, `path`, `alias`, `menu`, `page_type`, `content_text`, `protected`, `featured`, `stickied`, `status`, `start_publishing_datetime`, `stop_publishing_datetime`, `version`, `version_of_id`, `status_prior_to_version`, `created_datetime`, `created_by`, `modified_datetime`, `modified_by`, `checked_out_datetime`, `checked_out_by`, `home`, `customfields`, `parameters`, `metadata`, `language`, `translation_of_id`, `ordering`) VALUES
  (14000, 14000, 12000, 'Categories', '', '', 'categories', '', 'List', '', 1, 0, 0, 1, '2014-02-14 08:00:00', '0000-00-00 00:00:00', 1, 0, 0, '2012-09-13 12:00:00', 0, '0000-00-00 00:00:00', 0, '0000-00-00 00:00:00', 0, 0, 0, 0, 0, 0, 0, '{}', '{\r\n   "criteria_title":"Categories",\r\n   "criteria_catalog_type_id":"14000",\r\n   "criteria_extension_instance_id":"14000",\r\n   "criteria_source_id":"",\r\n   "criteria_status":"0,1,2",\r\n   "criteria_snippet_length":"200",\r\n   "criteria_display_view_on_no_results":"1",\r\n   "enable_content_draft_save":"1",\r\n   "enable_content_log_catalog_activity":"0",\r\n   "enable_content_maximum_version_count":"5",\r\n   "enable_content_retain_versions_after_delete":"1",\r\n   "enable_content_version_history":"1",\r\n   "enable_broadcast_notifications":"0",\r\n   "enable_broadcast_ping":"0",\r\n   "enable_broadcast_tweets":"0",\r\n   "enable_broadcast_feed":"0",\r\n   "enable_categorize_categories":"",\r\n   "enable_categorize_tags":"",\r\n   "enable_protection_bad_word_filter":"shoot",\r\n   "enable_protection_block_email_address":"joe@example.com",\r\n   "enable_protection_block_name":"Joe Smith,Betty Boop",\r\n   "enable_protection_flood_control_seconds":"120",\r\n   "enable_protection_ip_address":"",\r\n   "enable_protection_content_length":"1000",\r\n   "enable_protection_log_user_activity":"",\r\n   "enable_protection_spam_guard":"1",\r\n   "enable_response_comment_form_open_days":"90",\r\n   "enable_response_comments":"1",\r\n   "enable_response_hit_counts":"1",\r\n   "enable_response_ratings":"1",\r\n   "enable_response_subscriptions":"1",\r\n   "enable_response_vote_form_open_days":"90",\r\n   "enable_response_vote":"1",\r\n   "enable_system_ajax_access":"1",\r\n   "enable_system_search":"1",\r\n   "edit_toolbar_buttons_new":"save,cancel",\r\n   "edit_toolbar_buttons_edit":"save,saveas,cancel,delete",\r\n   "edit_title_column1":"title",\r\n   "edit_title_column2":"alias",\r\n   "edit_title_column3":"subtitle",\r\n   "edit_title_column4":"status",\r\n   "edit_title_column5":"",\r\n   "edit_title_column6":"",\r\n   "edit_editor_column1":"content_text",\r\n   "edit_editor_column2":"",\r\n   "edit_editor_column3":"",\r\n   "edit_editor_column4":"",\r\n   "edit_editor_column5":"",\r\n   "edit_editor_column6":"",\r\n   "edit_editor_column7":"",\r\n   "edit_editor_column8":"",\r\n   "edit_editor_column9":"",\r\n   "edit_editor_column10":"",\r\n   "edit_editor_column11":"",\r\n   "edit_editor_column12":"",\r\n   "edit_editor_column13":"",\r\n   "edit_editor_column14":"",\r\n   "edit_editor_column15":"",\r\n   "edit_subeditor_column1":"modified_by",\r\n   "edit_subeditor_column2":"modified_datetime",\r\n   "edit_subeditor_column3":"version",\r\n   "edit_subeditor_column4":"version_of_id",\r\n   "edit_subeditor_column5":"",\r\n   "edit_sidebar1_column1":"created_by",\r\n   "edit_sidebar1_column2":"created_datetime",\r\n   "edit_sidebar1_column3":"start_publishing_datetime",\r\n   "edit_sidebar1_column4":"stop_publishing_datetime",\r\n   "edit_sidebar1_column5":"ordering",\r\n   "edit_sidebar1_column6":"",\r\n   "edit_sidebar1_column7":"",\r\n   "edit_sidebar1_column8":"",\r\n   "edit_sidebar1_column9":"",\r\n   "edit_sidebar1_column10":"",\r\n   "edit_sidebar1_column11":"",\r\n   "edit_sidebar1_column12":"",\r\n   "edit_sidebar1_column13":"",\r\n   "edit_sidebar1_column14":"",\r\n   "edit_sidebar1_column15":"",\r\n   "edit_sidebar2_column1":"featured",\r\n   "edit_sidebar2_column2":"stickied",\r\n   "edit_sidebar2_column3":"tags",\r\n   "edit_sidebar2_column4":"categories",\r\n   "edit_sidebar2_column5":"language",\r\n   "edit_sidebar2_column6":"translation_of_id",\r\n   "edit_sidebar2_column7":"enable_system_search",\r\n   "edit_sidebar2_column8":"",\r\n   "edit_sidebar2_column9":"",\r\n   "edit_sidebar2_column10":"",\r\n   "edit_sidebar2_column11":"",\r\n   "edit_sidebar2_column12":"",\r\n   "edit_sidebar2_column13":"",\r\n   "edit_sidebar2_column14":"",\r\n   "edit_sidebar2_column15":"",\r\n   "edit_sidebar3_column1":"metadata_title",\r\n   "edit_sidebar3_column2":"metadata_description",\r\n   "edit_sidebar3_column3":"metadata_keywords",\r\n   "edit_sidebar3_column4":"metadata_robots",\r\n   "edit_sidebar3_column5":"metadata_author",\r\n   "edit_sidebar3_column6":"metadata_content_rights",\r\n   "edit_sidebar3_column7":"",\r\n   "edit_sidebar3_column8":"",\r\n   "edit_sidebar3_column9":"",\r\n   "edit_sidebar3_column10":"",\r\n   "edit_sidebar3_column11":"",\r\n   "edit_sidebar3_column12":"",\r\n   "edit_sidebar3_column13":"",\r\n   "edit_sidebar3_column14":"",\r\n   "edit_sidebar3_column15":"",\r\n   "edit_sidebar4_column1":"enable_response_comments",\r\n   "edit_sidebar4_column2":"enable_response_comment_form_open_days",\r\n   "edit_sidebar4_column3":"enable_response_hit_counts",\r\n   "edit_sidebar4_column4":"enable_response_ratings",\r\n   "edit_sidebar4_column5":"enable_response_subscriptions",\r\n   "edit_sidebar4_column6":"enable_response_vote",\r\n   "edit_sidebar4_column7":"enable_response_vote_form_open_days",\r\n   "edit_sidebar4_column8":"",\r\n   "edit_sidebar4_column9":"",\r\n   "edit_sidebar4_column10":"",\r\n   "edit_sidebar4_column11":"",\r\n   "edit_sidebar4_column12":"",\r\n   "edit_sidebar4_column13":"",\r\n   "edit_sidebar4_column14":"",\r\n   "edit_sidebar4_column15":"",\r\n   "edit_footer_column1":"",\r\n   "edit_footer_column2":"",\r\n   "edit_footer_column3":"",\r\n   "edit_footer_column4":"",\r\n   "edit_footer_column5":"",\r\n   "form_parent_menu_id":"11106",\r\n   "form_theme_id":"",\r\n   "form_page_view_id":"8050",\r\n   "form_page_view_css_id":"",\r\n   "form_page_view_css_class":"",\r\n   "form_template_view_id":"9310",\r\n   "form_template_view_css_id":"",\r\n   "form_template_view_css_class":"",\r\n   "form_wrap_view_id":"10140",\r\n   "form_wrap_view_css_id":"",\r\n   "form_wrap_view_css_class":"",\r\n   "form_wrap_view_role":"",\r\n   "form_wrap_view_property":"",\r\n   "form_model_name":"Categories",\r\n   "form_model_type":"Resource",\r\n   "form_model_query_object":"item",\r\n   "item_parent_menu_id":"11106",\r\n   "item_theme_id":"",\r\n   "item_page_view_id":"8270",\r\n   "item_page_view_css_id":"",\r\n   "item_page_view_css_class":"",\r\n   "item_template_view_id":"9390",\r\n   "item_template_view_css_id":"",\r\n   "item_template_view_css_class":"",\r\n   "item_wrap_view_id":"",\r\n   "item_wrap_view_css_id":"",\r\n   "item_wrap_view_css_class":"",\r\n   "item_wrap_view_role":"",\r\n   "item_wrap_view_property":"",\r\n   "item_model_name":"Categories",\r\n   "item_model_type":"Primary",\r\n   "item_model_query_object":"Item",\r\n   "list_parent_menu_id":"11106",\r\n   "list_theme_id":"",\r\n   "list_page_view_id":"",\r\n   "list_page_view_css_id":"",\r\n   "list_page_view_css_class":"",\r\n   "list_template_view_id":"",\r\n   "list_template_view_css_id":"",\r\n   "list_template_view_css_class":"",\r\n   "list_wrap_view_id":"",\r\n   "list_wrap_view_css_id":"",\r\n   "list_wrap_view_css_class":"",\r\n   "list_wrap_view_role":"",\r\n   "list_wrap_view_property":"",\r\n   "list_model_name":"Categories",\r\n   "list_model_type":"Resource",\r\n   "list_model_query_object":"List",\r\n   "list_model_ordering":"",\r\n   "list_model_ordering_direction":"",\r\n   "list_model_offset":"0",\r\n   "list_model_count":"10",\r\n   "list_model_use_pagination":"1"\r\n}', '{\r\n   "metadata_title":"Categories",\r\n   "metadata_description":"",\r\n   "metadata_keywords":"",\r\n   "metadata_robots":"follow,index",\r\n   "metadata_author":""\r\n}', 'en-GB', 0, 15);

INSERT INTO `molajo_extension_instances` (`id`, `extension_id`, `catalog_type_id`, `title`, `root`, `parent_id`, `lft`, `rgt`, `lvl`, `subtitle`, `path`, `alias`, `menu`, `page_type`, `content_text`, `protected`, `featured`, `stickied`, `status`, `start_publishing_datetime`, `stop_publishing_datetime`, `version`, `version_of_id`, `status_prior_to_version`, `created_datetime`, `created_by`, `modified_datetime`, `modified_by`, `checked_out_datetime`, `checked_out_by`, `home`, `customfields`, `parameters`, `metadata`, `language`, `translation_of_id`, `ordering`) VALUES
  (11106, 11100, 11000, 'Categories', 11100, 11101, 35, 42, 3, '', '', 'categories', 'Menuadmin', 'Grid', '', 1, 0, 0, 1, '2015-01-15 12:00:00', '0000-00-00 00:00:00', 1, 0, 0, '2015-01-15 12:00:00', 1, '0000-00-00 00:00:00', 0, '0000-00-00 00:00:00', 0, 0, '{}', '{\r\n        "criteria_title":"Categories",\r\n        "criteria_display_view_on_no_results":"0",\r\n        "criteria_snippet_length":"150",\r\n        "criteria_status":"0,1,2",\r\n        "criteria_catalog_type_id":"14000",\r\n        "criteria_extension_instance_id":"14000",\r\n        "criteria_source_id":"",\r\n\r\n        "grid_action_archive":"1",\r\n        "grid_action_checkin":"1",\r\n        "grid_action_feature":"1",\r\n        "grid_action_publish":"1",\r\n        "grid_action_restore":"1",\r\n        "grid_action_sticky":"1",\r\n        "grid_action_trash":"1",\r\n        "grid_action_unpublish":"1",\r\n \r\n        "grid_toolbar_button_categories":"1",\r\n        "grid_toolbar_button_copy":"1",\r\n        "grid_toolbar_button_filter":"1",\r\n        "grid_toolbar_button_new":"1",\r\n        "grid_toolbar_button_permissions":"1",\r\n        "grid_toolbar_button_tags":"1",\r\n\r\n        "grid_batch_categories":"1",\r\n        "grid_batch_permissions":"1",\r\n        "grid_batch_tags":"1",\r\n\r\n        "grid_status":"2,1,0",\r\n        "grid_ordering":"title",\r\n        "grid_ordering_direction":"ASC",\r\n        "grid_items_per_page":"15",\r\n        "grid_use_pagination":"1",\r\n\r\n        "grid_filter_list1":"Filter_Status",\r\n        "grid_filter_list2":"Filter_Categories",\r\n        "grid_filter_list3":"Filter_Tags",\r\n        "grid_filter_list4":"Filter_Author",\r\n        "grid_filter_list5":"Filter_Featured",\r\n        "grid_filter_list6":"",\r\n        "grid_filter_list7":"",\r\n        "grid_filter_list8":"",\r\n        "grid_filter_list9":"",\r\n        "grid_filter_search":"1",\r\n\r\n        "grid_column1":"title",\r\n        "grid_column2":"created_by_full_name",\r\n        "grid_column3":"status_name",\r\n        "grid_column4":"featured",\r\n        "grid_column5":"start_publishing_datetime_ccyy_mm_dd",\r\n        "grid_column6":"ordering",\r\n        "grid_column7":"id",\r\n        "grid_column8":"",\r\n        "grid_column9":"",\r\n\r\n        "grid_pagination_ordering_column":"title",\r\n        "grid_pagination_use":"1",\r\n\r\n        "page_type":"Grid",\r\n\r\n        "menuitem_theme_id":"",\r\n\r\n        "menuitem_page_view_id":"8040",\r\n        "menuitem_page_view_css_id":"",\r\n        "menuitem_page_view_css_class":"",\r\n\r\n        "menuitem_template_view_id":"9630",\r\n        "menuitem_template_view_css_id":"",\r\n        "menuitem_template_view_css_class":"",\r\n\r\n        "menuitem_wrap_view_id":"10140",\r\n        "menuitem_wrap_view_css_id":"",\r\n        "menuitem_wrap_view_css_class":"",\r\n        "menuitem_wrap_view_role":"",\r\n        "menuitem_wrap_view_property":"",\r\n\r\n        "menuitem_model_type":"Resource",\r\n        "menuitem_model_name":"Categories",\r\n        "menuitem_model_query_object":"list",\r\n        \r\n        "menuitem_model_offset":"0",\r\n        "menuitem_model_count":"10",\r\n        "menuitem_model_use_pagination":"1"\r\n}\r\n', NULL, 'en-GB', 0, 5),
  (25036, 11100, 11000, 'List', 11100, 11106, 36, 37, 4, '', 'categories', 'list', 'Menuadmin', 'Link', '', 1, 0, 0, 1, '2015-01-15 12:00:00', '0000-00-00 00:00:00', 1, 0, 0, '2015-01-15 12:00:00', 1, '0000-00-00 00:00:00', 0, '0000-00-00 00:00:00', 0, 0, '', '', '', 'en-GB', 0, 1),
  (25003, 11100, 11000, 'New', 11100, 11106, 38, 39, 4, '', 'categories', 'new', 'Menuadmin', 'New', '', 1, 0, 0, 1, '2015-01-15 12:00:00', '0000-00-00 00:00:00', 1, 0, 0, '2015-01-15 12:00:00', 1, '0000-00-00 00:00:00', 0, '0000-00-00 00:00:00', 0, 0, '', '{\r\n        "criteria_title":"New Category",\r\n        "criteria_display_view_on_no_results":"1",\r\n        "criteria_snippet_length":"",\r\n        "criteria_status":"",\r\n        "criteria_catalog_type_id":"14000",\r\n        "criteria_extension_instance_id":"14000",\r\n\r\n        "page_type":"new",\r\n\r\n        "menuitem_theme_id":"",\r\n\r\n        "menuitem_page_view_id":"8050",\r\n        "menuitem_page_view_css_id":"",\r\n        "menuitem_page_view_css_class":"",\r\n\r\n        "menuitem_template_view_id":"9310",\r\n        "menuitem_template_view_css_id":"",\r\n        "menuitem_template_view_css_class":"",\r\n\r\n        "menuitem_wrap_view_id":"",\r\n        "menuitem_wrap_view_css_id":"",\r\n        "menuitem_wrap_view_css_class":"",\r\n        "menuitem_wrap_view_role":"",\r\n        "menuitem_wrap_view_property":"",\r\n\r\n        "model_name":"Category",\r\n        "model_type":"Primary",\r\n        "model_query_object":"item",\r\n        \r\n        "model_offset":"0",\r\n        "model_count":"10",\r\n        "model_use_pagination":"1"\r\n}', '{\r\n   "metadata_title":"Category",\r\n   "metadata_description":"",\r\n   "metadata_keywords":"",\r\n   "metadata_robots":"follow,index",\r\n   "metadata_author":""\r\n}', 'en-GB', 0, 2),
  (11143, 11100, 11000, 'Configuration', 11100, 11106, 40, 41, 4, '', 'categories', 'configuration', 'Menuadmin', 'Configuration', '', 1, 0, 0, 1, '2015-01-15 12:00:00', '0000-00-00 00:00:00', 1, 0, 0, '2015-01-15 12:00:00', 1, '0000-00-00 00:00:00', 0, '0000-00-00 00:00:00', 0, 0, '{}', '{\r\n        "criteria_title":"Categories Configuration",\r\n        "criteria_display_view_on_no_results":"0",\r\n        "criteria_snippet_length":"100",\r\n        "criteria_status":"1,2",\r\n        "criteria_catalog_type_id":"14000",\r\n        "criteria_extension_instance_id":"14000",\r\n\r\n        "page_type":"configuration",\r\n\r\n        "menuitem_theme_id":"",\r\n\r\n        "menuitem_page_view_id":"8010",\r\n        "menuitem_page_view_css_id":"",\r\n        "menuitem_page_view_css_class":"",\r\n        "menuitem_template_view_id":"9025",\r\n        "menuitem_template_view_css_id":"",\r\n        "menuitem_template_view_css_class":"",\r\n\r\n        "menuitem_wrap_view_id":"10120",\r\n        "menuitem_wrap_view_css_id":"configuration",\r\n        "menuitem_wrap_view_css_class":"",\r\n        "menuitem_wrap_view_role":"",\r\n        "menuitem_wrap_view_property":"",\r\n\r\n        "model_name":"Categories",\r\n        "model_type":"Primary",\r\n        "model_query_object":"item",\r\n        \r\n        "model_offset":"0",\r\n        "model_count":"10",\r\n        "model_use_pagination":"1"\r\n}', '{"metadata_title":"Articles", \r\n"metadata_description":"", \r\n"metadata_keywords":"", \r\n"metadata_robots":"follow,index", \r\n"metadata_author":"", \r\n"metadata_content_rights":""}        ', 'en-GB', 0, 3);

INSERT INTO `molajo_content` (`id`, `site_id`, `extension_instance_id`, `catalog_type_id`, `title`, `subtitle`, `path`, `alias`, `content_text`, `protected`, `featured`, `stickied`, `status`, `start_publishing_datetime`, `stop_publishing_datetime`, `version`, `version_of_id`, `status_prior_to_version`, `created_datetime`, `created_by`, `modified_datetime`, `modified_by`, `checked_out_datetime`, `checked_out_by`, `root`, `parent_id`, `lft`, `rgt`, `lvl`, `home`, `customfields`, `parameters`, `metadata`, `language`, `translation_of_id`, `ordering`) VALUES
  (10, 1, 14000, 14000, 'Site Category', ' ', '', 'acl-site', '<p>Site category is the highest level category used for permission assignment. Any unassigned content defaults to this category.</p>', 2, 0, 0, 1, '2015-01-15 08:00:00', '0000-00-00 00:00:00', 1, 0, 0, '2012-09-13 12:00:00', 1, '2012-09-13 12:00:00', 1, '0000-00-00 00:00:00', 0, 0, 0, 0, 0, 0, 0, '', '{}', '{}', 'en-GB', 0, 1),
  (11, 1, 14000, 14000, 'Application Category', ' ', '', 'acl-application', '<p>Application category is the second highest category for permission assignment.Can be used to separate site-wide from application-specific permissioning requirements.</p>', 2, 0, 0, 1, '2015-01-15 08:00:00', '0000-00-00 00:00:00', 1, 0, 0, '2012-09-13 12:00:00', 1, '2012-09-13 12:00:00', 1, '0000-00-00 00:00:00', 0, 0, 0, 0, 0, 0, 0, '', '{}', '{}', 'en-GB', 0, 2),
  (12, 1, 14000, 14000, 'Extension Category', ' ', '', 'acl-extension', '<p>The Extension Category provides default permissions for Extensions and related content.</p>', 2, 0, 0, 1, '2015-01-15 08:00:00', '0000-00-00 00:00:00', 1, 0, 0, '2012-09-13 12:00:00', 1, '2012-09-13 12:00:00', 1, '0000-00-00 00:00:00', 0, 0, 0, 0, 0, 0, 0, '', '{}', '{}', 'en-GB', 0, 3),
  (13, 1, 14000, 14000, 'Content Category', ' ', '', 'acl-content-all', '<p>The Content Category can be used to provide permissions to those who oversee all content production and maintenance on the site.</p>', 2, 0, 0, 1, '2015-01-15 08:00:00', '0000-00-00 00:00:00', 1, 0, 0, '2012-09-13 12:00:00', 1, '2012-09-13 12:00:00', 1, '0000-00-00 00:00:00', 0, 0, 0, 0, 0, 0, 0, '', '{}', '{}', 'en-GB', 0, 4),
  (14, 1, 14000, 14000, 'User and Categorization Category', ' ', '', 'acl-content-categorization', '<p>The User and Categorization Category covers creation and maintenance of User, Group, Category, and Tag data.</p>', 2, 0, 0, 1, '2015-01-15 08:00:00', '0000-00-00 00:00:00', 1, 0, 0, '2012-09-13 12:00:00', 1, '2012-09-13 12:00:00', 1, '0000-00-00 00:00:00', 0, 0, 0, 0, 0, 0, 0, '', '{}', '{}', 'en-GB', 0, 5),
  (15, 1, 14000, 14000, 'Primary Data Category', ' ', '', 'acl-content', '<p>Includes all primary resource content but not categories, tags, users and groups or response content.</p>', 2, 0, 0, 1, '2015-01-15 08:00:00', '0000-00-00 00:00:00', 1, 0, 0, '2012-09-13 12:00:00', 1, '2012-09-13 12:00:00', 1, '0000-00-00 00:00:00', 0, 0, 0, 0, 0, 0, 0, '', '{}', '{}', 'en-GB', 0, 6),
  (16, 1, 14000, 14000, 'Response Element Category', ' ', '', 'acl-response', '<p>Default permissions for all response elements, like ratings, comments, and notifications.</p>', 2, 0, 0, 1, '2015-01-15 08:00:00', '0000-00-00 00:00:00', 1, 0, 0, '2012-09-13 12:00:00', 1, '2012-09-13 12:00:00', 1, '0000-00-00 00:00:00', 0, 0, 0, 0, 0, 0, 0, '', '{}', '{}', 'en-GB', 0, 7),
  (20, 1, 14000, 14000, 'Category 1', '', '', 'category-1', 'Tart apple pie brownie tootsie roll pastry sugar plum marzipan. Chocolate bar cotton candy chupa chups. Brownie I love lollipop', 0, 0, 0, 1, '2015-01-15 08:00:00', '0000-00-00 00:00:00', 1, 0, 0, '2012-09-13 12:00:00', 1, '2012-09-13 12:00:00', 1, '0000-00-00 00:00:00', 0, 0, 0, 0, 0, 0, 0, '', '{}', '{}', 'en-GB', 0, 1),
  (21, 1, 14000, 14000, 'Category 2', '', '', 'category-2', 'Applicake tiramisu marshmallow macaroon I love tart chocolate souffl. Jelly-o wypas dessert. Jelly-o cheesecake cheesecake. Carrot cake bear claw tart chupa chups topping.', 0, 0, 0, 1, '2015-01-15 08:00:00', '0000-00-00 00:00:00', 1, 0, 0, '2012-09-13 12:00:00', 1, '2012-09-13 12:00:00', 1, '0000-00-00 00:00:00', 0, 0, 0, 0, 0, 0, 0, '', '{}', '{}', 'en-GB', 0, 2),
  (22, 1, 14000, 14000, 'Category 3', '', '', 'category-3', 'Tart apple pie brownie tootsie roll pastry sugar plum marzipan. Chocolate bar cotton candy chupa chups. Brownie I love lollipop.', 0, 0, 0, 1, '2015-01-15 08:00:00', '0000-00-00 00:00:00', 1, 0, 0, '2012-09-13 12:00:00', 1, '2012-09-13 12:00:00', 1, '0000-00-00 00:00:00', 0, 0, 0, 0, 0, 0, 0, '', '{}', '{}', 'en-GB', 0, 3),
  (23, 1, 14000, 14000, 'Category 4', '', '', 'category-4', 'Applicake tiramisu marshmallow macaroon I love tart chocolate souffl. Jelly-o wypas dessert. Jelly-o cheesecake cheesecake. Carrot cake bear claw tart chupa chups topping.', 0, 0, 0, 1, '2015-01-15 08:00:00', '0000-00-00 00:00:00', 1, 0, 0, '2012-09-13 12:00:00', 1, '2012-09-13 12:00:00', 1, '0000-00-00 00:00:00', 0, 0, 0, 0, 0, 0, 0, '', '{}', '{}', 'en-GB', 0, 4),
  (24, 1, 14000, 14000, 'Category 5', '', '', 'category-5', 'Halvah powder sweet cheesecake bear claw sweet biscuit sweet. Dessert ice cream chocolate icing. Gummies wafer cookie wypas sugar plum donut cheesecake ice cream candy. Lemon drops marzipan jujubes muffin tart jelly apple pie.', 0, 0, 0, 1, '2015-01-15 08:00:00', '0000-00-00 00:00:00', 1, 0, 0, '2012-09-13 12:00:00', 1, '2012-09-13 12:00:00', 1, '0000-00-00 00:00:00', 0, 0, 0, 0, 0, 0, 0, '', '{}', '{}', 'en-GB', 0, 5),
  (25, 1, 14000, 14000, 'Category 6', '', '', 'category-6', 'Powder tart ice cream applicake toffee dessert apple pie. Pie I love marshmallow drage candy canes cheesecake gingerbread. Icing cupcake pastry biscuit I love cotton candy macaroon sugar plum gummies. Icing cheesecake chupa chups caramels toffee gummies halvah jelly.', 0, 0, 0, 1, '2015-01-15 08:00:00', '0000-00-00 00:00:00', 1, 0, 0, '2012-09-13 12:00:00', 1, '2012-09-13 12:00:00', 1, '0000-00-00 00:00:00', 0, 0, 0, 0, 0, 0, 0, '', '{}', '{}', 'en-GB', 0, 6),
  (26, 1, 14000, 14000, 'Category 7', '', '', 'category-7', 'Oat cake wypas tootsie roll lemon drops sugar plum applicake jelly brownie gummi bears. I love cookie topping ice cream jelly I love powder. Jujubes topping wafer liquorice chocolate fruitcake.', 0, 0, 0, 1, '2015-01-15 08:00:00', '0000-00-00 00:00:00', 1, 0, 0, '2012-09-13 12:00:00', 1, '2012-09-13 12:00:00', 1, '0000-00-00 00:00:00', 0, 0, 0, 0, 0, 0, 0, '', '{}', '{}', 'en-GB', 0, 7),
  (27, 1, 14000, 14000, 'Category 8', '', '', 'category-8', 'Cake I love sweet roll halvah I love chocolate. Sweet brownie jelly lollipop powder jelly wafer cupcake. Cake marzipan chocolate cookie. Danish oat cake croissant muffin icing jujubes biscuit.', 0, 0, 0, 1, '2015-01-15 08:00:00', '0000-00-00 00:00:00', 1, 0, 0, '2012-09-13 12:00:00', 1, '2012-09-13 12:00:00', 1, '0000-00-00 00:00:00', 0, 0, 0, 0, 0, 0, 0, '', '{}', '{}', 'en-GB', 0, 8),
  (28, 1, 14000, 14000, 'Category 9', '', '', 'category-9', 'Halvah powder sweet cheesecake bear claw sweet biscuit sweet. Dessert ice cream chocolate icing. Gummies wafer cookie wypas sugar plum donut cheesecake ice cream candy. Lemon drops marzipan jujubes muffin tart jelly apple pie.', 0, 0, 0, 1, '2015-01-15 08:00:00', '0000-00-00 00:00:00', 1, 0, 0, '2012-09-13 12:00:00', 1, '2012-09-13 12:00:00', 1, '0000-00-00 00:00:00', 0, 0, 0, 0, 0, 0, 0, '', '{}', '{}', 'en-GB', 0, 9),
  (29, 1, 14000, 14000, 'Category 10', '', '', 'category-10', 'Applicake tiramisu marshmallow macaroon I love tart chocolate souffl. Jelly-o wypas dessert. Jelly-o cheesecake cheesecake. Carrot cake bear claw tart chupa chups topping.', 0, 0, 0, 1, '2015-01-15 08:00:00', '0000-00-00 00:00:00', 1, 0, 0, '2012-09-13 12:00:00', 1, '2012-09-13 12:00:00', 1, '0000-00-00 00:00:00', 0, 0, 0, 0, 0, 0, 0, '', '{}', '{}', 'en-GB', 0, 10);

--
-- Tags
--

INSERT INTO `molajo_catalog_types` (`id`, `primary_category_id`, `title`, `alias`, `model_type`, `model_name`, `protected`) VALUES
  (15000, 14, 'Tags', 'tags', 'Resource', 'Tags', 1);

INSERT INTO `molajo_extensions` (`id`, `extension_site_id`, `catalog_type_id`, `name`, `subtitle`, `language`, `translation_of_id`, `ordering`) VALUES
  (15000, 1, 12000, 'Tags', '', 'en-GB', 0, 15);

INSERT INTO `molajo_extension_instances` (`id`, `extension_id`, `catalog_type_id`, `title`, `root`, `parent_id`, `lft`, `rgt`, `lvl`, `subtitle`, `path`, `alias`, `menu`, `page_type`, `content_text`, `protected`, `featured`, `stickied`, `status`, `start_publishing_datetime`, `stop_publishing_datetime`, `version`, `version_of_id`, `status_prior_to_version`, `created_datetime`, `created_by`, `modified_datetime`, `modified_by`, `checked_out_datetime`, `checked_out_by`, `home`, `customfields`, `parameters`, `metadata`, `language`, `translation_of_id`, `ordering`) VALUES
  (15000, 15000, 12000, 'Tags', '', '', 'tags', '', 'List', '', 1, 0, 0, 1, '2014-02-14 08:00:00', '0000-00-00 00:00:00', 1, 0, 0, '2012-09-13 12:00:00', 0, '0000-00-00 00:00:00', 0, '0000-00-00 00:00:00', 0, 0, 0, 0, 0, 0, 0, '{}', '{\r\n   "criteria_title":"Tags",\r\n   "criteria_catalog_type_id":"15000",\r\n   "criteria_extension_instance_id":"15000",\r\n   "criteria_source_id":"",\r\n   "criteria_status":"0,1,2",\r\n   "criteria_snippet_length":"200",\r\n   "criteria_display_view_on_no_results":"1",\r\n   "enable_content_draft_save":"1",\r\n   "enable_content_log_catalog_activity":"0",\r\n   "enable_content_maximum_version_count":"5",\r\n   "enable_content_retain_versions_after_delete":"1",\r\n   "enable_content_version_history":"1",\r\n   "enable_broadcast_notifications":"0",\r\n   "enable_broadcast_ping":"0",\r\n   "enable_broadcast_tweets":"0",\r\n   "enable_broadcast_feed":"0",\r\n   "enable_categorize_categories":"",\r\n   "enable_categorize_tags":"",\r\n   "enable_protection_bad_word_filter":"shoot",\r\n   "enable_protection_block_email_address":"joe@example.com",\r\n   "enable_protection_block_name":"Joe Smith,Betty Boop",\r\n   "enable_protection_flood_control_seconds":"120",\r\n   "enable_protection_ip_address":"",\r\n   "enable_protection_content_length":"1000",\r\n   "enable_protection_log_user_activity":"",\r\n   "enable_protection_spam_guard":"1",\r\n   "enable_response_comment_form_open_days":"90",\r\n   "enable_response_comments":"1",\r\n   "enable_response_hit_counts":"1",\r\n   "enable_response_ratings":"1",\r\n   "enable_response_subscriptions":"1",\r\n   "enable_response_vote_form_open_days":"90",\r\n   "enable_response_vote":"1",\r\n   "enable_system_ajax_access":"1",\r\n   "enable_system_search":"1",\r\n   "edit_toolbar_buttons_new":"save,cancel",\r\n   "edit_toolbar_buttons_edit":"save,saveas,cancel,delete",\r\n   "edit_title_column1":"title",\r\n   "edit_title_column2":"alias",\r\n   "edit_title_column3":"subtitle",\r\n   "edit_title_column4":"status",\r\n   "edit_title_column5":"",\r\n   "edit_title_column6":"",\r\n   "edit_editor_column1":"content_text",\r\n   "edit_editor_column2":"",\r\n   "edit_editor_column3":"",\r\n   "edit_editor_column4":"",\r\n   "edit_editor_column5":"",\r\n   "edit_editor_column6":"",\r\n   "edit_editor_column7":"",\r\n   "edit_editor_column8":"",\r\n   "edit_editor_column9":"",\r\n   "edit_editor_column10":"",\r\n   "edit_editor_column11":"",\r\n   "edit_editor_column12":"",\r\n   "edit_editor_column13":"",\r\n   "edit_editor_column14":"",\r\n   "edit_editor_column15":"",\r\n   "edit_subeditor_column1":"modified_by",\r\n   "edit_subeditor_column2":"modified_datetime",\r\n   "edit_subeditor_column3":"version",\r\n   "edit_subeditor_column4":"version_of_id",\r\n   "edit_subeditor_column5":"",\r\n   "edit_sidebar1_column1":"created_by",\r\n   "edit_sidebar1_column2":"created_datetime",\r\n   "edit_sidebar1_column3":"start_publishing_datetime",\r\n   "edit_sidebar1_column4":"stop_publishing_datetime",\r\n   "edit_sidebar1_column5":"ordering",\r\n   "edit_sidebar1_column6":"",\r\n   "edit_sidebar1_column7":"",\r\n   "edit_sidebar1_column8":"",\r\n   "edit_sidebar1_column9":"",\r\n   "edit_sidebar1_column10":"",\r\n   "edit_sidebar1_column11":"",\r\n   "edit_sidebar1_column12":"",\r\n   "edit_sidebar1_column13":"",\r\n   "edit_sidebar1_column14":"",\r\n   "edit_sidebar1_column15":"",\r\n   "edit_sidebar2_column1":"featured",\r\n   "edit_sidebar2_column2":"stickied",\r\n   "edit_sidebar2_column3":"tags",\r\n   "edit_sidebar2_column4":"categories",\r\n   "edit_sidebar2_column5":"language",\r\n   "edit_sidebar2_column6":"translation_of_id",\r\n   "edit_sidebar2_column7":"enable_system_search",\r\n   "edit_sidebar2_column8":"",\r\n   "edit_sidebar2_column9":"",\r\n   "edit_sidebar2_column10":"",\r\n   "edit_sidebar2_column11":"",\r\n   "edit_sidebar2_column12":"",\r\n   "edit_sidebar2_column13":"",\r\n   "edit_sidebar2_column14":"",\r\n   "edit_sidebar2_column15":"",\r\n   "edit_sidebar3_column1":"metadata_title",\r\n   "edit_sidebar3_column2":"metadata_description",\r\n   "edit_sidebar3_column3":"metadata_keywords",\r\n   "edit_sidebar3_column4":"metadata_robots",\r\n   "edit_sidebar3_column5":"metadata_author",\r\n   "edit_sidebar3_column6":"metadata_content_rights",\r\n   "edit_sidebar3_column7":"",\r\n   "edit_sidebar3_column8":"",\r\n   "edit_sidebar3_column9":"",\r\n   "edit_sidebar3_column10":"",\r\n   "edit_sidebar3_column11":"",\r\n   "edit_sidebar3_column12":"",\r\n   "edit_sidebar3_column13":"",\r\n   "edit_sidebar3_column14":"",\r\n   "edit_sidebar3_column15":"",\r\n   "edit_sidebar4_column1":"enable_response_comments",\r\n   "edit_sidebar4_column2":"enable_response_comment_form_open_days",\r\n   "edit_sidebar4_column3":"enable_response_hit_counts",\r\n   "edit_sidebar4_column4":"enable_response_ratings",\r\n   "edit_sidebar4_column5":"enable_response_subscriptions",\r\n   "edit_sidebar4_column6":"enable_response_vote",\r\n   "edit_sidebar4_column7":"enable_response_vote_form_open_days",\r\n   "edit_sidebar4_column8":"",\r\n   "edit_sidebar4_column9":"",\r\n   "edit_sidebar4_column10":"",\r\n   "edit_sidebar4_column11":"",\r\n   "edit_sidebar4_column12":"",\r\n   "edit_sidebar4_column13":"",\r\n   "edit_sidebar4_column14":"",\r\n   "edit_sidebar4_column15":"",\r\n   "edit_footer_column1":"",\r\n   "edit_footer_column2":"",\r\n   "edit_footer_column3":"",\r\n   "edit_footer_column4":"",\r\n   "edit_footer_column5":"",\r\n   "form_parent_menu_id":"11107",\r\n   "form_theme_id":"",\r\n   "form_page_view_id":"8050",\r\n   "form_page_view_css_id":"",\r\n   "form_page_view_css_class":"",\r\n   "form_template_view_id":"9310",\r\n   "form_template_view_css_id":"",\r\n   "form_template_view_css_class":"",\r\n   "form_wrap_view_id":"10140",\r\n   "form_wrap_view_css_id":"",\r\n   "form_wrap_view_css_class":"",\r\n   "form_wrap_view_role":"",\r\n   "form_wrap_view_property":"",\r\n   "form_model_name":"Tags",\r\n   "form_model_type":"Resource",\r\n   "form_model_query_object":"item",\r\n   "item_parent_menu_id":"11107",\r\n   "item_theme_id":"",\r\n   "item_page_view_id":"8270",\r\n   "item_page_view_css_id":"",\r\n   "item_page_view_css_class":"",\r\n   "item_template_view_id":"9390",\r\n   "item_template_view_css_id":"",\r\n   "item_template_view_css_class":"",\r\n   "item_wrap_view_id":"10010",\r\n   "item_wrap_view_css_id":"",\r\n   "item_wrap_view_css_class":"",\r\n   "item_wrap_view_role":"",\r\n   "item_wrap_view_property":"",\r\n   "item_model_name":"Tags",\r\n   "item_model_type":"Resource",\r\n   "item_model_query_object":"item",\r\n   "list_parent_menu_id":"",\r\n   "list_theme_id":"",\r\n   "list_page_view_id":"",\r\n   "list_page_view_css_id":"",\r\n   "list_page_view_css_class":"",\r\n   "list_template_view_id":"",\r\n   "list_template_view_css_id":"",\r\n   "list_template_view_css_class":"",\r\n   "list_wrap_view_id":"",\r\n   "list_wrap_view_css_id":"",\r\n   "list_wrap_view_css_class":"",\r\n   "list_wrap_view_role":"",\r\n   "list_wrap_view_property":"",\r\n   "list_model_name":"",\r\n   "list_model_type":"",\r\n   "list_model_query_object":"",\r\n   "list_model_ordering":"",\r\n   "list_model_ordering_direction":"",\r\n   "list_model_offset":"0",\r\n   "list_model_count":"10",\r\n   "list_model_use_pagination":"1"\r\n}', '{\r\n   "metadata_title":"Tags",\r\n   "metadata_description":"",\r\n   "metadata_keywords":"",\r\n   "metadata_robots":"follow,index",\r\n   "metadata_author":""\r\n}', 'en-GB', 0, 16);

INSERT INTO `molajo_extension_instances` (`id`, `extension_id`, `catalog_type_id`, `title`, `root`, `parent_id`, `lft`, `rgt`, `lvl`, `subtitle`, `path`, `alias`, `menu`, `page_type`, `content_text`, `protected`, `featured`, `stickied`, `status`, `start_publishing_datetime`, `stop_publishing_datetime`, `version`, `version_of_id`, `status_prior_to_version`, `created_datetime`, `created_by`, `modified_datetime`, `modified_by`, `checked_out_datetime`, `checked_out_by`, `home`, `customfields`, `parameters`, `metadata`, `language`, `translation_of_id`, `ordering`) VALUES
  (11107, 11100, 11000, 'Tags', 11100, 11101, 43, 50, 3, '', '', 'tags', 'Menuadmin', 'Grid', '', 1, 0, 0, 1, '2015-01-15 12:00:00', '0000-00-00 00:00:00', 1, 0, 0, '2015-01-15 12:00:00', 1, '0000-00-00 00:00:00', 0, '0000-00-00 00:00:00', 0, 0, '{}', '{\r\n        "criteria_title":"Tags",\r\n        "criteria_display_view_on_no_results":"0",\r\n        "criteria_snippet_length":"150",\r\n        "criteria_status":"0,1,2",\r\n        "criteria_catalog_type_id":"15000",\r\n        "criteria_extension_instance_id":"15000",\r\n        "criteria_source_id":"",\r\n\r\n        "grid_action_archive":"1",\r\n        "grid_action_checkin":"1",\r\n        "grid_action_feature":"1",\r\n        "grid_action_publish":"1",\r\n        "grid_action_restore":"1",\r\n        "grid_action_sticky":"1",\r\n        "grid_action_trash":"1",\r\n        "grid_action_unpublish":"1",\r\n \r\n        "grid_toolbar_button_categories":"1",\r\n        "grid_toolbar_button_copy":"1",\r\n        "grid_toolbar_button_filter":"1",\r\n        "grid_toolbar_button_new":"1",\r\n        "grid_toolbar_button_permissions":"1",\r\n        "grid_toolbar_button_tags":"1",\r\n\r\n        "grid_batch_categories":"1",\r\n        "grid_batch_permissions":"1",\r\n        "grid_batch_tags":"1",\r\n\r\n        "grid_status":"2,1,0",\r\n        "grid_ordering":"title",\r\n        "grid_ordering_direction":"ASC",\r\n        "grid_items_per_page":"15",\r\n        "grid_use_pagination":"1",\r\n\r\n        "grid_filter_list1":"Filter_Status",\r\n        "grid_filter_list2":"Filter_Categories",\r\n        "grid_filter_list3":"Filter_Tags",\r\n        "grid_filter_list4":"Filter_Author",\r\n        "grid_filter_list5":"Filter_Featured",\r\n        "grid_filter_list6":"",\r\n        "grid_filter_list7":"",\r\n        "grid_filter_list8":"",\r\n        "grid_filter_list9":"",\r\n        "grid_filter_search":"1",\r\n\r\n        "grid_column1":"title",\r\n        "grid_column2":"created_by_full_name",\r\n        "grid_column3":"status_name",\r\n        "grid_column4":"featured",\r\n        "grid_column5":"start_publishing_datetime_ccyy_mm_dd",\r\n        "grid_column6":"ordering",\r\n        "grid_column7":"id",\r\n        "grid_column8":"",\r\n        "grid_column9":"",\r\n\r\n        "grid_pagination_ordering_column":"title",\r\n        "grid_pagination_use":"1",\r\n\r\n        "page_type":"Grid",\r\n\r\n        "menuitem_theme_id":"",\r\n\r\n        "menuitem_page_view_id":"8040",\r\n        "menuitem_page_view_css_id":"",\r\n        "menuitem_page_view_css_class":"",\r\n\r\n        "menuitem_template_view_id":"9630",\r\n        "menuitem_template_view_css_id":"",\r\n        "menuitem_template_view_css_class":"",\r\n\r\n        "menuitem_wrap_view_id":"10140",\r\n        "menuitem_wrap_view_css_id":"",\r\n        "menuitem_wrap_view_css_class":"",\r\n        "menuitem_wrap_view_role":"",\r\n        "menuitem_wrap_view_property":"",\r\n\r\n        "menuitem_model_type":"Resource",\r\n        "menuitem_model_name":"Tags",\r\n        "menuitem_model_query_object":"list",\r\n        \r\n        "menuitem_model_offset":"0",\r\n        "menuitem_model_count":"10",\r\n        "menuitem_model_use_pagination":"1"\r\n}\r\n', '{"metadata_title":"Tags", \r\n"metadata_description":"", \r\n"metadata_keywords":"", \r\n"metadata_robots":"follow,index", \r\n"metadata_author":""}        ', 'en-GB', 0, 6),
  (25037, 11100, 11000, 'List', 11100, 11107, 44, 45, 4, '', 'tags', 'list', 'Menuadmin', 'Link', '', 1, 0, 0, 1, '2015-01-15 12:00:00', '0000-00-00 00:00:00', 1, 0, 0, '2015-01-15 12:00:00', 1, '0000-00-00 00:00:00', 0, '0000-00-00 00:00:00', 0, 0, '', '', '', 'en-GB', 0, 1),
  (25011, 11100, 11000, 'New', 11100, 11107, 46, 47, 4, '', 'tags', 'new', 'Menuadmin', 'New', '', 1, 0, 0, 1, '2015-01-15 12:00:00', '0000-00-00 00:00:00', 1, 0, 0, '2015-01-15 12:00:00', 1, '0000-00-00 00:00:00', 0, '0000-00-00 00:00:00', 0, 0, '', '{\r\n        "criteria_title":"New Tag",\r\n        "criteria_display_view_on_no_results":"1",\r\n        "criteria_snippet_length":"",\r\n        "criteria_status":"",\r\n        "criteria_catalog_type_id":"15000",\r\n        "criteria_extension_instance_id":"15000",\r\n\r\n        "page_type":"new",\r\n\r\n        "menuitem_theme_id":"",\r\n\r\n        "menuitem_page_view_id":"8050",\r\n        "menuitem_page_view_css_id":"",\r\n        "menuitem_page_view_css_class":"",\r\n\r\n        "menuitem_template_view_id":"9310",\r\n        "menuitem_template_view_css_id":"",\r\n        "menuitem_template_view_css_class":"",\r\n\r\n        "menuitem_wrap_view_id":"",\r\n        "menuitem_wrap_view_css_id":"",\r\n        "menuitem_wrap_view_css_class":"",\r\n        "menuitem_wrap_view_role":"",\r\n        "menuitem_wrap_view_property":"",\r\n\r\n        "model_name":"Tags",\r\n        "model_type":"Primary",\r\n        "model_query_object":"item",\r\n        \r\n        "model_offset":"0",\r\n        "model_count":"10",\r\n        "model_use_pagination":"1"\r\n}', '{\r\n   "metadata_title":"Tags",\r\n   "metadata_description":"",\r\n   "metadata_keywords":"",\r\n   "metadata_robots":"follow,index",\r\n   "metadata_author":""\r\n}', 'en-GB', 0, 2),
  (11151, 11100, 11000, 'Configuration', 11100, 11107, 48, 49, 4, '', 'tags', 'configuration', 'Menuadmin', 'Configuration', '', 1, 0, 0, 1, '2015-01-15 12:00:00', '0000-00-00 00:00:00', 1, 0, 0, '2015-01-15 12:00:00', 1, '0000-00-00 00:00:00', 0, '0000-00-00 00:00:00', 0, 0, '{}', '{\r\n        "criteria_title":"Tags Configuration",\r\n        "criteria_display_view_on_no_results":"0",\r\n        "criteria_snippet_length":"100",\r\n        "criteria_status":"1,2",\r\n        "criteria_catalog_type_id":"15000",\r\n        "criteria_extension_instance_id":"15000",\r\n\r\n        "page_type":"configuration",\r\n\r\n        "menuitem_theme_id":"",\r\n\r\n        "menuitem_page_view_id":"8010",\r\n        "menuitem_page_view_css_id":"",\r\n        "menuitem_page_view_css_class":"",\r\n        "menuitem_template_view_id":"9025",\r\n        "menuitem_template_view_css_id":"",\r\n        "menuitem_template_view_css_class":"",\r\n\r\n        "menuitem_wrap_view_id":"",\r\n        "menuitem_wrap_view_css_id":"configuration",\r\n        "menuitem_wrap_view_css_class":"",\r\n        "menuitem_wrap_view_role":"",\r\n        "menuitem_wrap_view_property":"",\r\n\r\n        "model_name":"Tags",\r\n        "model_type":"Primary",\r\n        "model_query_object":"item",\r\n        \r\n        "model_offset":"0",\r\n        "model_count":"10",\r\n        "model_use_pagination":"1"\r\n}', '{"metadata_title":"Tags", \r\n"metadata_description":"", \r\n"metadata_keywords":"", \r\n"metadata_robots":"follow,index", \r\n"metadata_author":"", \r\n"metadata_content_rights":""}     ', 'en-GB', 0, 3);

INSERT INTO `molajo_content` (`id`, `site_id`, `extension_instance_id`, `catalog_type_id`, `title`, `subtitle`, `path`, `alias`, `content_text`, `protected`, `featured`, `stickied`, `status`, `start_publishing_datetime`, `stop_publishing_datetime`, `version`, `version_of_id`, `status_prior_to_version`, `created_datetime`, `created_by`, `modified_datetime`, `modified_by`, `checked_out_datetime`, `checked_out_by`, `root`, `parent_id`, `lft`, `rgt`, `lvl`, `home`, `customfields`, `parameters`, `metadata`, `language`, `translation_of_id`, `ordering`) VALUES
  (31, 1, 15000, 15000, 'Tag 1', '', '', 'tag-1', 'Topping sweet roll dessert', 0, 0, 0, 1, '2015-01-15 08:00:00', '0000-00-00 00:00:00', 1, 0, 0, '2012-09-13 12:00:00', 1, '2012-09-13 12:00:00', 1, '0000-00-00 00:00:00', 0, 0, 0, 0, 0, 0, 0, '', '{}', '{}', 'en-GB', 0, 1),
  (32, 1, 15000, 15000, 'Tag 2', '', '', 'tag-2', 'pudding souffl', 0, 0, 0, 1, '2015-01-15 08:00:00', '0000-00-00 00:00:00', 1, 0, 0, '2012-09-13 12:00:00', 1, '2012-09-13 12:00:00', 1, '0000-00-00 00:00:00', 0, 0, 0, 0, 0, 0, 0, '', '{}', '{}', 'en-GB', 0, 2),
  (33, 1, 15000, 15000, 'Tag 3', '', '', 'tag-3', 'brownie muffin', 0, 0, 0, 1, '2015-01-15 08:00:00', '0000-00-00 00:00:00', 1, 0, 0, '2012-09-13 12:00:00', 1, '2012-09-13 12:00:00', 1, '0000-00-00 00:00:00', 0, 0, 0, 0, 0, 0, 0, '', '{}', '{}', 'en-GB', 0, 3),
  (34, 1, 15000, 15000, 'Tag 4', '', '', 'tag-4', 'plum cake', 0, 0, 0, 1, '2015-01-15 08:00:00', '0000-00-00 00:00:00', 1, 0, 0, '2012-09-13 12:00:00', 1, '2012-09-13 12:00:00', 1, '0000-00-00 00:00:00', 0, 0, 0, 0, 0, 0, 0, '', '{}', '{}', 'en-GB', 0, 4),
  (35, 1, 15000, 15000, 'Tag 5', '', '', 'tag-5', 'Faworki chocolate pudding souffl ', 0, 0, 0, 1, '2015-01-15 08:00:00', '0000-00-00 00:00:00', 1, 0, 0, '2012-09-13 12:00:00', 1, '2012-09-13 12:00:00', 1, '0000-00-00 00:00:00', 0, 0, 0, 0, 0, 0, 0, '', '{}', '{}', 'en-GB', 0, 5),
  (36, 1, 15000, 15000, 'Tag 6', '', '', 'tag-6', 'fruitcake', 0, 0, 0, 1, '2015-01-15 08:00:00', '0000-00-00 00:00:00', 1, 0, 0, '2012-09-13 12:00:00', 1, '2012-09-13 12:00:00', 1, '0000-00-00 00:00:00', 0, 0, 0, 0, 0, 0, 0, '', '{}', '{}', 'en-GB', 0, 6),
  (37, 1, 15000, 15000, 'Tag 7', '', '', 'tag-7', 'applicake chupa chups', 0, 0, 0, 1, '2015-01-15 08:00:00', '0000-00-00 00:00:00', 1, 0, 0, '2012-09-13 12:00:00', 1, '2012-09-13 12:00:00', 1, '0000-00-00 00:00:00', 0, 0, 0, 0, 0, 0, 0, '', '{}', '{}', 'en-GB', 0, 7),
  (38, 1, 15000, 15000, 'Tag 8', '', '', 'tag-8', 'jelly', 0, 0, 0, 1, '2015-01-15 08:00:00', '0000-00-00 00:00:00', 1, 0, 0, '2012-09-13 12:00:00', 1, '2012-09-13 12:00:00', 1, '0000-00-00 00:00:00', 0, 0, 0, 0, 0, 0, 0, '', '{}', '{}', 'en-GB', 0, 8),
  (39, 1, 15000, 15000, 'Tag 9', '', '', 'tag-9', 'Chocolate cake', 0, 0, 0, 1, '2015-01-15 08:00:00', '0000-00-00 00:00:00', 1, 0, 0, '2012-09-13 12:00:00', 1, '2012-09-13 12:00:00', 1, '0000-00-00 00:00:00', 0, 0, 0, 0, 0, 0, 0, '', '{}', '{}', 'en-GB', 0, 9),
  (40, 1, 15000, 15000, 'Tag 10', '', '', 'tag-10', 'ugar plums', 0, 0, 0, 1, '2015-01-15 08:00:00', '0000-00-00 00:00:00', 1, 0, 0, '2012-09-13 12:00:00', 1, '2012-09-13 12:00:00', 1, '0000-00-00 00:00:00', 0, 0, 0, 0, 0, 0, 0, '', '{}', '{}', 'en-GB', 0, 10);

---
--- MEDIA
---

--
-- Images
--

INSERT INTO `molajo_catalog_types` (`id`, `primary_category_id`, `title`, `alias`, `model_type`, `model_name`, `protected`) VALUES
  (21000, 15, 'Images', 'images', 'Resource', 'Images', 1);

INSERT INTO `molajo_extensions` (`id`, `extension_site_id`, `catalog_type_id`, `name`, `subtitle`, `language`, `translation_of_id`, `ordering`) VALUES
  (21000, 1, 12000, 'Images', '', 'en-GB', 0, 21);

INSERT INTO `molajo_extension_instances` (`id`, `extension_id`, `catalog_type_id`, `title`, `root`, `parent_id`, `lft`, `rgt`, `lvl`, `subtitle`, `path`, `alias`, `menu`, `page_type`, `content_text`, `protected`, `featured`, `stickied`, `status`, `start_publishing_datetime`, `stop_publishing_datetime`, `version`, `version_of_id`, `status_prior_to_version`, `created_datetime`, `created_by`, `modified_datetime`, `modified_by`, `checked_out_datetime`, `checked_out_by`, `home`, `customfields`, `parameters`, `metadata`, `language`, `translation_of_id`, `ordering`) VALUES
  (21000, 21000, 12000, 'Images', '', '', 'images', '', 'List', '', 1, 0, 0, 1, '2014-02-14 08:00:00', '0000-00-00 00:00:00', 1, 0, 0, '2012-09-13 12:00:00', 0, '0000-00-00 00:00:00', 0, '0000-00-00 00:00:00', 0, 0, 0, 0, 0, 0, 0, '{}', '{\r\n   "criteria_title":"Images",\r\n   "criteria_catalog_type_id":"21000",\r\n   "criteria_extension_instance_id":"21000",\r\n   "criteria_source_id":"",\r\n   "criteria_status":"0,1,2",\r\n   "criteria_snippet_length":"200",\r\n   "criteria_display_view_on_no_results":"1",\r\n   "enable_content_draft_save":"1",\r\n   "enable_content_log_catalog_activity":"0",\r\n   "enable_content_maximum_version_count":"5",\r\n   "enable_content_retain_versions_after_delete":"1",\r\n   "enable_content_version_history":"1",\r\n   "enable_broadcast_notifications":"0",\r\n   "enable_broadcast_ping":"0",\r\n   "enable_broadcast_tweets":"0",\r\n   "enable_broadcast_feed":"0",\r\n   "enable_categorize_categories":"",\r\n   "enable_categorize_tags":"",\r\n   "enable_protection_bad_word_filter":"shoot",\r\n   "enable_protection_block_email_address":"joe@example.com",\r\n   "enable_protection_block_name":"Joe Smith,Betty Boop",\r\n   "enable_protection_flood_control_seconds":"120",\r\n   "enable_protection_ip_address":"",\r\n   "enable_protection_content_length":"1000",\r\n   "enable_protection_log_user_activity":"",\r\n   "enable_protection_spam_guard":"1",\r\n   "enable_response_comment_form_open_days":"90",\r\n   "enable_response_comments":"1",\r\n   "enable_response_hit_counts":"1",\r\n   "enable_response_ratings":"1",\r\n   "enable_response_subscriptions":"1",\r\n   "enable_response_vote_form_open_days":"90",\r\n   "enable_response_vote":"1",\r\n   "enable_system_ajax_access":"1",\r\n   "enable_system_search":"1",\r\n   "edit_toolbar_buttons_new":"save,cancel",\r\n   "edit_toolbar_buttons_edit":"save,saveas,cancel,delete",\r\n   "edit_title_column1":"title",\r\n   "edit_title_column2":"alias",\r\n   "edit_title_column3":"subtitle",\r\n   "edit_title_column4":"status",\r\n   "edit_title_column5":"",\r\n   "edit_title_column6":"",\r\n   "edit_editor_column1":"content_text",\r\n   "edit_editor_column2":"",\r\n   "edit_editor_column3":"",\r\n   "edit_editor_column4":"",\r\n   "edit_editor_column5":"",\r\n   "edit_editor_column6":"",\r\n   "edit_editor_column7":"",\r\n   "edit_editor_column8":"",\r\n   "edit_editor_column9":"",\r\n   "edit_editor_column10":"",\r\n   "edit_editor_column11":"",\r\n   "edit_editor_column12":"",\r\n   "edit_editor_column13":"",\r\n   "edit_editor_column14":"",\r\n   "edit_editor_column15":"",\r\n   "edit_subeditor_column1":"modified_by",\r\n   "edit_subeditor_column2":"modified_datetime",\r\n   "edit_subeditor_column3":"version",\r\n   "edit_subeditor_column4":"version_of_id",\r\n   "edit_subeditor_column5":"",\r\n   "edit_sidebar1_column1":"created_by",\r\n   "edit_sidebar1_column2":"created_datetime",\r\n   "edit_sidebar1_column3":"start_publishing_datetime",\r\n   "edit_sidebar1_column4":"stop_publishing_datetime",\r\n   "edit_sidebar1_column5":"ordering",\r\n   "edit_sidebar1_column6":"",\r\n   "edit_sidebar1_column7":"",\r\n   "edit_sidebar1_column8":"",\r\n   "edit_sidebar1_column9":"",\r\n   "edit_sidebar1_column10":"",\r\n   "edit_sidebar1_column11":"",\r\n   "edit_sidebar1_column12":"",\r\n   "edit_sidebar1_column13":"",\r\n   "edit_sidebar1_column14":"",\r\n   "edit_sidebar1_column15":"",\r\n   "edit_sidebar2_column1":"featured",\r\n   "edit_sidebar2_column2":"stickied",\r\n   "edit_sidebar2_column3":"tags",\r\n   "edit_sidebar2_column4":"categories",\r\n   "edit_sidebar2_column5":"language",\r\n   "edit_sidebar2_column6":"translation_of_id",\r\n   "edit_sidebar2_column7":"enable_system_search",\r\n   "edit_sidebar2_column8":"",\r\n   "edit_sidebar2_column9":"",\r\n   "edit_sidebar2_column10":"",\r\n   "edit_sidebar2_column11":"",\r\n   "edit_sidebar2_column12":"",\r\n   "edit_sidebar2_column13":"",\r\n   "edit_sidebar2_column14":"",\r\n   "edit_sidebar2_column15":"",\r\n   "edit_sidebar3_column1":"metadata_title",\r\n   "edit_sidebar3_column2":"metadata_description",\r\n   "edit_sidebar3_column3":"metadata_keywords",\r\n   "edit_sidebar3_column4":"metadata_robots",\r\n   "edit_sidebar3_column5":"metadata_author",\r\n   "edit_sidebar3_column6":"metadata_content_rights",\r\n   "edit_sidebar3_column7":"",\r\n   "edit_sidebar3_column8":"",\r\n   "edit_sidebar3_column9":"",\r\n   "edit_sidebar3_column10":"",\r\n   "edit_sidebar3_column11":"",\r\n   "edit_sidebar3_column12":"",\r\n   "edit_sidebar3_column13":"",\r\n   "edit_sidebar3_column14":"",\r\n   "edit_sidebar3_column15":"",\r\n   "edit_sidebar4_column1":"enable_response_comments",\r\n   "edit_sidebar4_column2":"enable_response_comment_form_open_days",\r\n   "edit_sidebar4_column3":"enable_response_hit_counts",\r\n   "edit_sidebar4_column4":"enable_response_ratings",\r\n   "edit_sidebar4_column5":"enable_response_subscriptions",\r\n   "edit_sidebar4_column6":"enable_response_vote",\r\n   "edit_sidebar4_column7":"enable_response_vote_form_open_days",\r\n   "edit_sidebar4_column8":"",\r\n   "edit_sidebar4_column9":"",\r\n   "edit_sidebar4_column10":"",\r\n   "edit_sidebar4_column11":"",\r\n   "edit_sidebar4_column12":"",\r\n   "edit_sidebar4_column13":"",\r\n   "edit_sidebar4_column14":"",\r\n   "edit_sidebar4_column15":"",\r\n   "edit_footer_column1":"",\r\n   "edit_footer_column2":"",\r\n   "edit_footer_column3":"",\r\n   "edit_footer_column4":"",\r\n   "edit_footer_column5":"",\r\n   "form_parent_menu_id":"11110",\r\n   "form_theme_id":"",\r\n   "form_page_view_id":"8050",\r\n   "form_page_view_css_id":"",\r\n   "form_page_view_css_class":"",\r\n   "form_template_view_id":"9310",\r\n   "form_template_view_css_id":"",\r\n   "form_template_view_css_class":"",\r\n   "form_wrap_view_id":"10140",\r\n   "form_wrap_view_css_id":"",\r\n   "form_wrap_view_css_class":"",\r\n   "form_wrap_view_role":"",\r\n   "form_wrap_view_property":"",\r\n   "form_model_name":"Images",\r\n   "form_model_type":"Resource",\r\n   "form_model_query_object":"item",\r\n   "item_parent_menu_id":"11110",\r\n   "item_theme_id":"",\r\n   "item_page_view_id":"8270",\r\n   "item_page_view_css_id":"",\r\n   "item_page_view_css_class":"",\r\n   "item_template_view_id":"9390",\r\n   "item_template_view_css_id":"",\r\n   "item_template_view_css_class":"",\r\n   "item_wrap_view_id":"10010",\r\n   "item_wrap_view_css_id":"",\r\n   "item_wrap_view_css_class":"",\r\n   "item_wrap_view_role":"",\r\n   "item_wrap_view_property":"",\r\n   "item_model_name":"Images",\r\n   "item_model_type":"Resource",\r\n   "item_model_query_object":"item",\r\n   "list_parent_menu_id":"",\r\n   "list_theme_id":"",\r\n   "list_page_view_id":"",\r\n   "list_page_view_css_id":"",\r\n   "list_page_view_css_class":"",\r\n   "list_template_view_id":"",\r\n   "list_template_view_css_id":"",\r\n   "list_template_view_css_class":"",\r\n   "list_wrap_view_id":"",\r\n   "list_wrap_view_css_id":"",\r\n   "list_wrap_view_css_class":"",\r\n   "list_wrap_view_role":"",\r\n   "list_wrap_view_property":"",\r\n   "list_model_name":"",\r\n   "list_model_type":"",\r\n   "list_model_query_object":"",\r\n   "list_model_ordering":"",\r\n   "list_model_ordering_direction":"",\r\n   "list_model_offset":"0",\r\n   "list_model_count":"10",\r\n   "list_model_use_pagination":"1"\r\n}', '{\r\n   "metadata_title":"Images",\r\n   "metadata_description":"",\r\n   "metadata_keywords":"",\r\n   "metadata_robots":"follow,index",\r\n   "metadata_author":""\r\n}', 'en-GB', 0, 21);

INSERT INTO `molajo_extension_instances` (`id`, `extension_id`, `catalog_type_id`, `title`, `root`, `parent_id`, `lft`, `rgt`, `lvl`, `subtitle`, `path`, `alias`, `menu`, `page_type`, `content_text`, `protected`, `featured`, `stickied`, `status`, `start_publishing_datetime`, `stop_publishing_datetime`, `version`, `version_of_id`, `status_prior_to_version`, `created_datetime`, `created_by`, `modified_datetime`, `modified_by`, `checked_out_datetime`, `checked_out_by`, `home`, `customfields`, `parameters`, `metadata`, `language`, `translation_of_id`, `ordering`) VALUES
  (11110, 11100, 11000, 'Images', 11100, 11109, 52, 59, 3, '', '', 'images', 'Menuadmin', 'Grid', '', 1, 0, 0, 1, '2015-01-15 12:00:00', '0000-00-00 00:00:00', 1, 0, 0, '2015-01-15 12:00:00', 1, '0000-00-00 00:00:00', 0, '0000-00-00 00:00:00', 0, 0, '{}', '{\r\n        "criteria_title":"Images",\r\n        "criteria_display_view_on_no_results":"0",\r\n        "criteria_snippet_length":"150",\r\n        "criteria_status":"0,1,2",\r\n        "criteria_catalog_type_id":"21000",\r\n        "criteria_extension_instance_id":"21000",\r\n        "criteria_source_id":"",\r\n\r\n        "grid_action_archive":"1",\r\n        "grid_action_checkin":"1",\r\n        "grid_action_feature":"1",\r\n        "grid_action_publish":"1",\r\n        "grid_action_restore":"1",\r\n        "grid_action_sticky":"1",\r\n        "grid_action_trash":"1",\r\n        "grid_action_unpublish":"1",\r\n \r\n        "grid_toolbar_button_categories":"1",\r\n        "grid_toolbar_button_copy":"1",\r\n        "grid_toolbar_button_filter":"1",\r\n        "grid_toolbar_button_new":"1",\r\n        "grid_toolbar_button_permissions":"1",\r\n        "grid_toolbar_button_tags":"1",\r\n\r\n        "grid_batch_categories":"1",\r\n        "grid_batch_permissions":"1",\r\n        "grid_batch_tags":"1",\r\n\r\n        "grid_status":"2,1,0",\r\n        "grid_ordering":"title",\r\n        "grid_ordering_direction":"ASC",\r\n        "grid_items_per_page":"15",\r\n        "grid_use_pagination":"1",\r\n\r\n        "grid_filter_list1":"Filter_Status",\r\n        "grid_filter_list2":"Filter_Categories",\r\n        "grid_filter_list3":"Filter_Tags",\r\n        "grid_filter_list4":"Filter_Author",\r\n        "grid_filter_list5":"Filter_Featured",\r\n        "grid_filter_list6":"",\r\n        "grid_filter_list7":"",\r\n        "grid_filter_list8":"",\r\n        "grid_filter_list9":"",\r\n        "grid_filter_search":"1",\r\n\r\n        "grid_column1":"title",\r\n        "grid_column2":"created_by_full_name",\r\n        "grid_column3":"status_name",\r\n        "grid_column4":"featured",\r\n        "grid_column5":"start_publishing_datetime_ccyy_mm_dd",\r\n        "grid_column6":"ordering",\r\n        "grid_column7":"id",\r\n        "grid_column8":"",\r\n        "grid_column9":"",\r\n\r\n        "grid_pagination_ordering_column":"title",\r\n        "grid_pagination_use":"1",\r\n\r\n        "page_type":"Grid",\r\n\r\n        "menuitem_theme_id":"",\r\n\r\n        "menuitem_page_view_id":"8040",\r\n        "menuitem_page_view_css_id":"",\r\n        "menuitem_page_view_css_class":"",\r\n\r\n        "menuitem_template_view_id":"9630",\r\n        "menuitem_template_view_css_id":"",\r\n        "menuitem_template_view_css_class":"",\r\n\r\n        "menuitem_wrap_view_id":"10140",\r\n        "menuitem_wrap_view_css_id":"",\r\n        "menuitem_wrap_view_css_class":"",\r\n        "menuitem_wrap_view_role":"",\r\n        "menuitem_wrap_view_property":"",\r\n\r\n        "menuitem_model_type":"Resource",\r\n        "menuitem_model_name":"Images",\r\n        "menuitem_model_query_object":"list",\r\n        \r\n        "menuitem_model_offset":"0",\r\n        "menuitem_model_count":"10",\r\n        "menuitem_model_use_pagination":"1"\r\n}\r\n', '{"metadata_title":"Images", \r\n"metadata_description":"", \r\n"metadata_keywords":"", \r\n"metadata_robots":"follow,index", \r\n"metadata_author":""}        ', 'en-GB', 0, 1),
  (25038, 11100, 11000, 'List', 11100, 11110, 53, 54, 4, '', 'images', 'list', 'Menuadmin', 'Link', '', 1, 0, 0, 1, '2015-01-15 12:00:00', '0000-00-00 00:00:00', 1, 0, 0, '2015-01-15 12:00:00', 1, '0000-00-00 00:00:00', 0, '0000-00-00 00:00:00', 0, 0, '', '', '', 'en-GB', 0, 1),
  (25008, 11100, 11000, 'New', 11100, 11110, 55, 56, 4, '', 'images', 'new', 'Menuadmin', 'New', '', 1, 0, 0, 1, '2015-01-15 12:00:00', '0000-00-00 00:00:00', 1, 0, 0, '2015-01-15 12:00:00', 1, '0000-00-00 00:00:00', 0, '0000-00-00 00:00:00', 0, 0, '', '{\r\n        "criteria_title":"New Image",\r\n        "criteria_display_view_on_no_results":"1",\r\n        "criteria_snippet_length":"",\r\n        "criteria_status":"",\r\n        "criteria_catalog_type_id":"21000",\r\n        "criteria_extension_instance_id":"21000",\r\n\r\n        "page_type":"new",\r\n\r\n        "menuitem_theme_id":"",\r\n\r\n        "menuitem_page_view_id":"8050",\r\n        "menuitem_page_view_css_id":"",\r\n        "menuitem_page_view_css_class":"",\r\n\r\n        "menuitem_template_view_id":"9310",\r\n        "menuitem_template_view_css_id":"",\r\n        "menuitem_template_view_css_class":"",\r\n\r\n        "menuitem_wrap_view_id":"",\r\n        "menuitem_wrap_view_css_id":"",\r\n        "menuitem_wrap_view_css_class":"",\r\n        "menuitem_wrap_view_role":"",\r\n        "menuitem_wrap_view_property":"",\r\n\r\n        "model_name":"Images",\r\n        "model_type":"Primary",\r\n        "model_query_object":"item",\r\n        \r\n        "model_offset":"0",\r\n        "model_count":"10",\r\n        "model_use_pagination":"1"\r\n}', '{\r\n   "metadata_title":"Images",\r\n   "metadata_description":"",\r\n   "metadata_keywords":"",\r\n   "metadata_robots":"follow,index",\r\n   "metadata_author":""\r\n}', 'en-GB', 0, 2),
  (11148, 11100, 11000, 'Configuration', 11100, 11110, 57, 58, 4, '', 'images', 'configuration', 'Menuadmin', 'Configuration', '', 1, 0, 0, 1, '2015-01-15 12:00:00', '0000-00-00 00:00:00', 1, 0, 0, '2015-01-15 12:00:00', 1, '0000-00-00 00:00:00', 0, '0000-00-00 00:00:00', 0, 0, '{}', '{\r\n        "criteria_title":"Images Configuration",\r\n        "criteria_display_view_on_no_results":"0",\r\n        "criteria_snippet_length":"100",\r\n        "criteria_status":"1,2",\r\n        "criteria_catalog_type_id":"21000",\r\n        "criteria_extension_instance_id":"21000",\r\n\r\n        "page_type":"configuration",\r\n\r\n        "menuitem_theme_id":"",\r\n\r\n        "menuitem_page_view_id":"8010",\r\n        "menuitem_page_view_css_id":"",\r\n        "menuitem_page_view_css_class":"",\r\n        "menuitem_template_view_id":"9025",\r\n        "menuitem_template_view_css_id":"",\r\n        "menuitem_template_view_css_class":"",\r\n\r\n        "menuitem_wrap_view_id":"",\r\n        "menuitem_wrap_view_css_id":"configuration",\r\n        "menuitem_wrap_view_css_class":"",\r\n        "menuitem_wrap_view_role":"",\r\n        "menuitem_wrap_view_property":"",\r\n\r\n        "model_name":"Images",\r\n        "model_type":"Primary",\r\n        "model_query_object":"item",\r\n        \r\n        "model_offset":"0",\r\n        "model_count":"10",\r\n        "model_use_pagination":"1"\r\n}', '{"metadata_title":"Images", \r\n"metadata_description":"", \r\n"metadata_keywords":"", \r\n"metadata_robots":"follow,index", \r\n"metadata_author":"", \r\n"metadata_content_rights":""}     ', 'en-GB', 0, 3);

INSERT INTO `molajo_content` (`id`, `site_id`, `extension_instance_id`, `catalog_type_id`, `title`, `subtitle`, `path`, `alias`, `content_text`, `protected`, `featured`, `stickied`, `status`, `start_publishing_datetime`, `stop_publishing_datetime`, `version`, `version_of_id`, `status_prior_to_version`, `created_datetime`, `created_by`, `modified_datetime`, `modified_by`, `checked_out_datetime`, `checked_out_by`, `root`, `parent_id`, `lft`, `rgt`, `lvl`, `home`, `customfields`, `parameters`, `metadata`, `language`, `translation_of_id`, `ordering`) VALUES
  (110, 1, 21000, 21000, '50x50.gif', '', '', '110', '<p>This is an image.</p>', 0, 0, 0, 1, '2015-01-15 08:00:00', '0000-00-00 00:00:00', 1, 0, 0, '2012-09-13 12:00:00', 1, '2012-09-13 12:00:00', 1, '0000-00-00 00:00:00', 0, 0, 0, 0, 0, 0, 0, '{"file_url":"{sitemedia}50x50.gif",\r\n"file_type":"image/gif",\r\n"dimensions":"50 x 50",\r\n"caption":"50 x 50",\r\n"credits":"Person Name",\r\n"license":"CC BY 3.0"}', '{}', '{}', 'en-GB', 0, 1),
  (112, 1, 21000, 21000, '100x100.gif', '', '', '112', '<p>This is an image.</p>', 0, 0, 0, 1, '2015-01-15 08:00:00', '0000-00-00 00:00:00', 1, 0, 0, '2012-09-13 12:00:00', 1, '2012-09-13 12:00:00', 1, '0000-00-00 00:00:00', 0, 0, 0, 0, 0, 0, 0, '{"file_url":"{sitemedia}100x100.gif",\r\n"file_type":"image/gif",\r\n"dimensions":"100 x 100",\r\n"caption":"100 x 100",\r\n"credits":"Person Name",\r\n"license":"CC BY 3.0"}', '{}', '{}', 'en-GB', 0, 2),
  (113, 1, 21000, 21000, '150x150.gif', '', '', '113', '<p>This is an image.</p>', 0, 0, 0, 1, '2015-01-15 08:00:00', '0000-00-00 00:00:00', 1, 0, 0, '2012-09-13 12:00:00', 1, '2012-09-13 12:00:00', 1, '0000-00-00 00:00:00', 0, 0, 0, 0, 0, 0, 0, '{"file_url":"{sitemedia}150x150.gif",\r\n"file_type":"image/gif",\r\n"dimensions":"150 x 150",\r\n"caption":"150 x 150",\r\n"credits":"Person Name",\r\n"license":"CC BY 3.0"}', '{}', '{}', 'en-GB', 0, 3),
  (114, 1, 21000, 21000, '200x200.gif', '', '', '114', '<p>This is an image.</p>', 0, 0, 0, 1, '2015-01-15 08:00:00', '0000-00-00 00:00:00', 1, 0, 0, '2012-09-13 12:00:00', 1, '2012-09-13 12:00:00', 1, '0000-00-00 00:00:00', 0, 0, 0, 0, 0, 0, 0, '{"file_url":"{sitemedia}200x200.gif",\r\n"file_type":"image/gif",\r\n"dimensions":"200 x 200",\r\n"caption":"200 x 200",\r\n"credits":"Person Name",\r\n"license":"CC BY 3.0"}', '{}', '{}', 'en-GB', 0, 4),
  (115, 1, 21000, 21000, '300x300.gif', '', '', '115', '<p>This is an image.</p>', 0, 0, 0, 1, '2015-01-15 08:00:00', '0000-00-00 00:00:00', 1, 0, 0, '2012-09-13 12:00:00', 1, '2012-09-13 12:00:00', 1, '0000-00-00 00:00:00', 0, 0, 0, 0, 0, 0, 0, '{"file_url":"{sitemedia}300x300.gif",\r\n"file_type":"image/gif",\r\n"dimensions":"300 x 300",\r\n"caption":"300 x 300",\r\n"credits":"Person Name",\r\n"license":"CC BY 3.0"}', '{}', '{}', 'en-GB', 0, 5),
  (116, 1, 21000, 21000, '350x150.gif', '', '', '116', '<p>This is an image.</p>', 0, 0, 0, 1, '2015-01-15 08:00:00', '0000-00-00 00:00:00', 1, 0, 0, '2012-09-13 12:00:00', 1, '2012-09-13 12:00:00', 1, '0000-00-00 00:00:00', 0, 0, 0, 0, 0, 0, 0, '{"file_url":"{sitemedia}350x150.gif",\r\n"file_type":"image/gif",\r\n"dimensions":"350 x 150",\r\n"caption":"350 x 150",\r\n"credits":"Person Name",\r\n"license":"CC BY 3.0"}', '{}', '{}', 'en-GB', 0, 6),
  (117, 1, 21000, 21000, '350x350.gif', '', '', '117', '<p>This is an image.</p>', 0, 0, 0, 1, '2015-01-15 08:00:00', '0000-00-00 00:00:00', 1, 0, 0, '2012-09-13 12:00:00', 1, '2012-09-13 12:00:00', 1, '0000-00-00 00:00:00', 0, 0, 0, 0, 0, 0, 0, '{"file_url":"{sitemedia}350x350.gif",\r\n"file_type":"image/gif",\r\n"dimensions":"350 x 350",\r\n"caption":"350 x 350",\r\n"credits":"Person Name",\r\n"license":"CC BY 3.0"}', '{}', '{}', 'en-GB', 0, 7),
  (118, 1, 21000, 21000, '400x400.gif', '', '', '118', '<p>This is an image.</p>', 0, 0, 0, 1, '2015-01-15 08:00:00', '0000-00-00 00:00:00', 1, 0, 0, '2012-09-13 12:00:00', 1, '2012-09-13 12:00:00', 1, '0000-00-00 00:00:00', 0, 0, 0, 0, 0, 0, 0, '{"file_url":"{sitemedia}400x400.gif",\r\n"file_type":"image/gif",\r\n"dimensions":"400 x 400",\r\n"caption":"400 x 400",\r\n"credits":"Person Name",\r\n"license":"CC BY 3.0"}', '{}', '{}', 'en-GB', 0, 8),
  (119, 1, 21000, 21000, '450x300.gif', '', '', '119', '<p>This is an image.</p>', 0, 0, 0, 1, '2015-01-15 08:00:00', '0000-00-00 00:00:00', 1, 0, 0, '2012-09-13 12:00:00', 1, '2012-09-13 12:00:00', 1, '0000-00-00 00:00:00', 0, 0, 0, 0, 0, 0, 0, '{"file_url":"{sitemedia}450x300.gif",\r\n"file_type":"image/gif",\r\n"dimensions":"450 x 300",\r\n"caption":"450 x 300",\r\n"credits":"Person Name",\r\n"license":"CC BY 3.0"}', '{}', '{}', 'en-GB', 0, 9),
  (120, 1, 21000, 21000, '450x450.gif', '', '', '120', '<p>This is an image.</p>', 0, 0, 0, 1, '2015-01-15 08:00:00', '0000-00-00 00:00:00', 1, 0, 0, '2012-09-13 12:00:00', 1, '2012-09-13 12:00:00', 1, '0000-00-00 00:00:00', 0, 0, 0, 0, 0, 0, 0, '{"file_url":"{sitemedia}450x450.gif",\r\n"file_type":"image/gif",\r\n"dimensions":"450 x 450",\r\n"caption":"450 x 450",\r\n"credits":"Person Name",\r\n"license":"CC BY 3.0"}', '{}', '{}', 'en-GB', 0, 10);

--
-- Files
--

INSERT INTO `molajo_catalog_types` (`id`, `primary_category_id`, `title`, `alias`, `model_type`, `model_name`, `protected`) VALUES
  (22000, 15, 'Files', 'files', 'Resource', 'Files', 1);

INSERT INTO `molajo_extensions` (`id`, `extension_site_id`, `catalog_type_id`, `name`, `subtitle`, `language`, `translation_of_id`, `ordering`) VALUES
  (22000, 1, 12000, 'Files', '', 'en-GB', 0, 22);

INSERT INTO `molajo_extension_instances` (`id`, `extension_id`, `catalog_type_id`, `title`, `root`, `parent_id`, `lft`, `rgt`, `lvl`, `subtitle`, `path`, `alias`, `menu`, `page_type`, `content_text`, `protected`, `featured`, `stickied`, `status`, `start_publishing_datetime`, `stop_publishing_datetime`, `version`, `version_of_id`, `status_prior_to_version`, `created_datetime`, `created_by`, `modified_datetime`, `modified_by`, `checked_out_datetime`, `checked_out_by`, `home`, `customfields`, `parameters`, `metadata`, `language`, `translation_of_id`, `ordering`) VALUES
  (22000, 22000, 12000, 'Files', '', '', 'files', '', 'List', '', 1, 0, 0, 1, '2014-02-14 08:00:00', '0000-00-00 00:00:00', 1, 0, 0, '2012-09-13 12:00:00', 0, '0000-00-00 00:00:00', 0, '0000-00-00 00:00:00', 0, 0, 0, 0, 0, 0, 0, '{}', '{\r\n   "criteria_title":"Files",\r\n   "criteria_catalog_type_id":"22000",\r\n   "criteria_extension_instance_id":"22000",\r\n   "criteria_source_id":"",\r\n   "criteria_status":"0,1,2",\r\n   "criteria_snippet_length":"200",\r\n   "criteria_display_view_on_no_results":"1",\r\n   "enable_content_draft_save":"1",\r\n   "enable_content_log_catalog_activity":"0",\r\n   "enable_content_maximum_version_count":"5",\r\n   "enable_content_retain_versions_after_delete":"1",\r\n   "enable_content_version_history":"1",\r\n   "enable_broadcast_notifications":"0",\r\n   "enable_broadcast_ping":"0",\r\n   "enable_broadcast_tweets":"0",\r\n   "enable_broadcast_feed":"0",\r\n   "enable_categorize_categories":"",\r\n   "enable_categorize_tags":"",\r\n   "enable_protection_bad_word_filter":"shoot",\r\n   "enable_protection_block_email_address":"joe@example.com",\r\n   "enable_protection_block_name":"Joe Smith,Betty Boop",\r\n   "enable_protection_flood_control_seconds":"120",\r\n   "enable_protection_ip_address":"",\r\n   "enable_protection_content_length":"1000",\r\n   "enable_protection_log_user_activity":"",\r\n   "enable_protection_spam_guard":"1",\r\n   "enable_response_comment_form_open_days":"90",\r\n   "enable_response_comments":"1",\r\n   "enable_response_hit_counts":"1",\r\n   "enable_response_ratings":"1",\r\n   "enable_response_subscriptions":"1",\r\n   "enable_response_vote_form_open_days":"90",\r\n   "enable_response_vote":"1",\r\n   "enable_system_ajax_access":"1",\r\n   "enable_system_search":"1",\r\n   "edit_toolbar_buttons_new":"save,cancel",\r\n   "edit_toolbar_buttons_edit":"save,saveas,cancel,delete",\r\n   "edit_title_column1":"title",\r\n   "edit_title_column2":"alias",\r\n   "edit_title_column3":"subtitle",\r\n   "edit_title_column4":"status",\r\n   "edit_title_column5":"",\r\n   "edit_title_column6":"",\r\n   "edit_editor_column1":"content_text",\r\n   "edit_editor_column2":"",\r\n   "edit_editor_column3":"",\r\n   "edit_editor_column4":"",\r\n   "edit_editor_column5":"",\r\n   "edit_editor_column6":"",\r\n   "edit_editor_column7":"",\r\n   "edit_editor_column8":"",\r\n   "edit_editor_column9":"",\r\n   "edit_editor_column10":"",\r\n   "edit_editor_column11":"",\r\n   "edit_editor_column12":"",\r\n   "edit_editor_column13":"",\r\n   "edit_editor_column14":"",\r\n   "edit_editor_column15":"",\r\n   "edit_subeditor_column1":"modified_by",\r\n   "edit_subeditor_column2":"modified_datetime",\r\n   "edit_subeditor_column3":"version",\r\n   "edit_subeditor_column4":"version_of_id",\r\n   "edit_subeditor_column5":"",\r\n   "edit_sidebar1_column1":"created_by",\r\n   "edit_sidebar1_column2":"created_datetime",\r\n   "edit_sidebar1_column3":"start_publishing_datetime",\r\n   "edit_sidebar1_column4":"stop_publishing_datetime",\r\n   "edit_sidebar1_column5":"ordering",\r\n   "edit_sidebar1_column6":"",\r\n   "edit_sidebar1_column7":"",\r\n   "edit_sidebar1_column8":"",\r\n   "edit_sidebar1_column9":"",\r\n   "edit_sidebar1_column10":"",\r\n   "edit_sidebar1_column11":"",\r\n   "edit_sidebar1_column12":"",\r\n   "edit_sidebar1_column13":"",\r\n   "edit_sidebar1_column14":"",\r\n   "edit_sidebar1_column15":"",\r\n   "edit_sidebar2_column1":"featured",\r\n   "edit_sidebar2_column2":"stickied",\r\n   "edit_sidebar2_column3":"tags",\r\n   "edit_sidebar2_column4":"categories",\r\n   "edit_sidebar2_column5":"language",\r\n   "edit_sidebar2_column6":"translation_of_id",\r\n   "edit_sidebar2_column7":"enable_system_search",\r\n   "edit_sidebar2_column8":"",\r\n   "edit_sidebar2_column9":"",\r\n   "edit_sidebar2_column10":"",\r\n   "edit_sidebar2_column11":"",\r\n   "edit_sidebar2_column12":"",\r\n   "edit_sidebar2_column13":"",\r\n   "edit_sidebar2_column14":"",\r\n   "edit_sidebar2_column15":"",\r\n   "edit_sidebar3_column1":"metadata_title",\r\n   "edit_sidebar3_column2":"metadata_description",\r\n   "edit_sidebar3_column3":"metadata_keywords",\r\n   "edit_sidebar3_column4":"metadata_robots",\r\n   "edit_sidebar3_column5":"metadata_author",\r\n   "edit_sidebar3_column6":"metadata_content_rights",\r\n   "edit_sidebar3_column7":"",\r\n   "edit_sidebar3_column8":"",\r\n   "edit_sidebar3_column9":"",\r\n   "edit_sidebar3_column10":"",\r\n   "edit_sidebar3_column11":"",\r\n   "edit_sidebar3_column12":"",\r\n   "edit_sidebar3_column13":"",\r\n   "edit_sidebar3_column14":"",\r\n   "edit_sidebar3_column15":"",\r\n   "edit_sidebar4_column1":"enable_response_comments",\r\n   "edit_sidebar4_column2":"enable_response_comment_form_open_days",\r\n   "edit_sidebar4_column3":"enable_response_hit_counts",\r\n   "edit_sidebar4_column4":"enable_response_ratings",\r\n   "edit_sidebar4_column5":"enable_response_subscriptions",\r\n   "edit_sidebar4_column6":"enable_response_vote",\r\n   "edit_sidebar4_column7":"enable_response_vote_form_open_days",\r\n   "edit_sidebar4_column8":"",\r\n   "edit_sidebar4_column9":"",\r\n   "edit_sidebar4_column10":"",\r\n   "edit_sidebar4_column11":"",\r\n   "edit_sidebar4_column12":"",\r\n   "edit_sidebar4_column13":"",\r\n   "edit_sidebar4_column14":"",\r\n   "edit_sidebar4_column15":"",\r\n   "edit_footer_column1":"",\r\n   "edit_footer_column2":"",\r\n   "edit_footer_column3":"",\r\n   "edit_footer_column4":"",\r\n   "edit_footer_column5":"",\r\n   "form_parent_menu_id":"11114",\r\n   "form_theme_id":"",\r\n   "form_page_view_id":"8050",\r\n   "form_page_view_css_id":"",\r\n   "form_page_view_css_class":"",\r\n   "form_template_view_id":"9310",\r\n   "form_template_view_css_id":"",\r\n   "form_template_view_css_class":"",\r\n   "form_wrap_view_id":"10140",\r\n   "form_wrap_view_css_id":"",\r\n   "form_wrap_view_css_class":"",\r\n   "form_wrap_view_role":"",\r\n   "form_wrap_view_property":"",\r\n   "form_model_name":"Files",\r\n   "form_model_type":"Resource",\r\n   "form_model_query_object":"item",\r\n   "item_parent_menu_id":"11114",\r\n   "item_theme_id":"",\r\n   "item_page_view_id":"8270",\r\n   "item_page_view_css_id":"",\r\n   "item_page_view_css_class":"",\r\n   "item_template_view_id":"9390",\r\n   "item_template_view_css_id":"",\r\n   "item_template_view_css_class":"",\r\n   "item_wrap_view_id":"10010",\r\n   "item_wrap_view_css_id":"",\r\n   "item_wrap_view_css_class":"",\r\n   "item_wrap_view_role":"",\r\n   "item_wrap_view_property":"",\r\n   "item_model_name":"Files",\r\n   "item_model_type":"Resource",\r\n   "item_model_query_object":"item",\r\n   "list_parent_menu_id":"",\r\n   "list_theme_id":"",\r\n   "list_page_view_id":"",\r\n   "list_page_view_css_id":"",\r\n   "list_page_view_css_class":"",\r\n   "list_template_view_id":"",\r\n   "list_template_view_css_id":"",\r\n   "list_template_view_css_class":"",\r\n   "list_wrap_view_id":"",\r\n   "list_wrap_view_css_id":"",\r\n   "list_wrap_view_css_class":"",\r\n   "list_wrap_view_role":"",\r\n   "list_wrap_view_property":"",\r\n   "list_model_name":"",\r\n   "list_model_type":"",\r\n   "list_model_query_object":"",\r\n   "list_model_ordering":"",\r\n   "list_model_ordering_direction":"",\r\n   "list_model_offset":"0",\r\n   "list_model_count":"10",\r\n   "list_model_use_pagination":"1"\r\n}', '{\r\n   "metadata_title":"Files",\r\n   "metadata_description":"",\r\n   "metadata_keywords":"",\r\n   "metadata_robots":"follow,index",\r\n   "metadata_author":""\r\n}', 'en-GB', 0, 22);

INSERT INTO `molajo_extension_instances` (`id`, `extension_id`, `catalog_type_id`, `title`, `root`, `parent_id`, `lft`, `rgt`, `lvl`, `subtitle`, `path`, `alias`, `menu`, `page_type`, `content_text`, `protected`, `featured`, `stickied`, `status`, `start_publishing_datetime`, `stop_publishing_datetime`, `version`, `version_of_id`, `status_prior_to_version`, `created_datetime`, `created_by`, `modified_datetime`, `modified_by`, `checked_out_datetime`, `checked_out_by`, `home`, `customfields`, `parameters`, `metadata`, `language`, `translation_of_id`, `ordering`) VALUES
  (11114, 11100, 11000, 'Files', 11100, 11109, 60, 67, 3, '', '', 'files', 'Menuadmin', 'Grid', '', 1, 0, 0, 1, '2015-01-15 12:00:00', '0000-00-00 00:00:00', 1, 0, 0, '2015-01-15 12:00:00', 1, '0000-00-00 00:00:00', 0, '0000-00-00 00:00:00', 0, 0, '{}', '{\r\n        "criteria_title":"Files",\r\n        "criteria_display_view_on_no_results":"0",\r\n        "criteria_snippet_length":"150",\r\n        "criteria_status":"0,1,2",\r\n        "criteria_catalog_type_id":"22000",\r\n        "criteria_extension_instance_id":"22000",\r\n        "criteria_source_id":"",\r\n\r\n        "grid_action_archive":"1",\r\n        "grid_action_checkin":"1",\r\n        "grid_action_feature":"1",\r\n        "grid_action_publish":"1",\r\n        "grid_action_restore":"1",\r\n        "grid_action_sticky":"1",\r\n        "grid_action_trash":"1",\r\n        "grid_action_unpublish":"1",\r\n \r\n        "grid_toolbar_button_categories":"1",\r\n        "grid_toolbar_button_copy":"1",\r\n        "grid_toolbar_button_filter":"1",\r\n        "grid_toolbar_button_new":"1",\r\n        "grid_toolbar_button_permissions":"1",\r\n        "grid_toolbar_button_tags":"1",\r\n\r\n        "grid_batch_categories":"1",\r\n        "grid_batch_permissions":"1",\r\n        "grid_batch_tags":"1",\r\n\r\n        "grid_status":"2,1,0",\r\n        "grid_ordering":"title",\r\n        "grid_ordering_direction":"ASC",\r\n        "grid_items_per_page":"15",\r\n        "grid_use_pagination":"1",\r\n\r\n        "grid_filter_list1":"Filter_Status",\r\n        "grid_filter_list2":"Filter_Categories",\r\n        "grid_filter_list3":"Filter_Tags",\r\n        "grid_filter_list4":"Filter_Author",\r\n        "grid_filter_list5":"Filter_Featured",\r\n        "grid_filter_list6":"",\r\n        "grid_filter_list7":"",\r\n        "grid_filter_list8":"",\r\n        "grid_filter_list9":"",\r\n        "grid_filter_search":"1",\r\n\r\n        "grid_column1":"title",\r\n        "grid_column2":"created_by_full_name",\r\n        "grid_column3":"status_name",\r\n        "grid_column4":"featured",\r\n        "grid_column5":"start_publishing_datetime_ccyy_mm_dd",\r\n        "grid_column6":"ordering",\r\n        "grid_column7":"id",\r\n        "grid_column8":"",\r\n        "grid_column9":"",\r\n\r\n        "grid_pagination_ordering_column":"title",\r\n        "grid_pagination_use":"1",\r\n\r\n        "page_type":"Grid",\r\n\r\n        "menuitem_theme_id":"",\r\n\r\n        "menuitem_page_view_id":"8040",\r\n        "menuitem_page_view_css_id":"",\r\n        "menuitem_page_view_css_class":"",\r\n\r\n        "menuitem_template_view_id":"9630",\r\n        "menuitem_template_view_css_id":"",\r\n        "menuitem_template_view_css_class":"",\r\n\r\n        "menuitem_wrap_view_id":"10140",\r\n        "menuitem_wrap_view_css_id":"",\r\n        "menuitem_wrap_view_css_class":"",\r\n        "menuitem_wrap_view_role":"",\r\n        "menuitem_wrap_view_property":"",\r\n\r\n        "menuitem_model_type":"Resource",\r\n        "menuitem_model_name":"Files",\r\n        "menuitem_model_query_object":"list",\r\n        \r\n        "menuitem_model_offset":"0",\r\n        "menuitem_model_count":"10",\r\n        "menuitem_model_use_pagination":"1"\r\n}\r\n', '{"metadata_title":"Files", \r\n"metadata_description":"", \r\n"metadata_keywords":"", \r\n"metadata_robots":"follow,index", \r\n"metadata_author":""}    ', 'en-GB', 0, 2),
  (25040, 11100, 11000, 'List', 11100, 11114, 61, 62, 4, '', 'files', 'list', 'Menuadmin', 'Link', '', 1, 0, 0, 1, '2015-01-15 12:00:00', '0000-00-00 00:00:00', 1, 0, 0, '2015-01-15 12:00:00', 1, '0000-00-00 00:00:00', 0, '0000-00-00 00:00:00', 0, 0, '', '', '', 'en-GB', 0, 1),
  (25006, 11100, 11000, 'New', 11100, 11114, 63, 64, 4, '', 'files', 'new', 'Menuadmin', 'New', '', 1, 0, 0, 1, '2015-01-15 12:00:00', '0000-00-00 00:00:00', 1, 0, 0, '2015-01-15 12:00:00', 1, '0000-00-00 00:00:00', 0, '0000-00-00 00:00:00', 0, 0, '', '{\r\n        "criteria_title":"New File",\r\n        "criteria_display_view_on_no_results":"1",\r\n        "criteria_snippet_length":"",\r\n        "criteria_status":"",\r\n        "criteria_catalog_type_id":"22000",\r\n        "criteria_extension_instance_id":"22000",\r\n\r\n        "page_type":"new",\r\n\r\n        "menuitem_theme_id":"",\r\n\r\n        "menuitem_page_view_id":"8050",\r\n        "menuitem_page_view_css_id":"",\r\n        "menuitem_page_view_css_class":"",\r\n\r\n        "menuitem_template_view_id":"9310",\r\n        "menuitem_template_view_css_id":"",\r\n        "menuitem_template_view_css_class":"",\r\n\r\n        "menuitem_wrap_view_id":"",\r\n        "menuitem_wrap_view_css_id":"",\r\n        "menuitem_wrap_view_css_class":"",\r\n        "menuitem_wrap_view_role":"",\r\n        "menuitem_wrap_view_property":"",\r\n\r\n        "model_name":"Files",\r\n        "model_type":"Primary",\r\n        "model_query_object":"item",\r\n        \r\n        "model_offset":"0",\r\n        "model_count":"10",\r\n        "model_use_pagination":"1"\r\n}', '{\r\n   "metadata_title":"Files",\r\n   "metadata_description":"",\r\n   "metadata_keywords":"",\r\n   "metadata_robots":"follow,index",\r\n   "metadata_author":""\r\n}', 'en-GB', 0, 2),
  (11146, 11100, 11000, 'Configuration', 11100, 11114, 65, 66, 4, '', 'files', 'configuration', 'Menuadmin', 'Configuration', '', 1, 0, 0, 1, '2015-01-15 12:00:00', '0000-00-00 00:00:00', 1, 0, 0, '2015-01-15 12:00:00', 1, '0000-00-00 00:00:00', 0, '0000-00-00 00:00:00', 0, 0, '{}', '{\r\n        "criteria_title":"Files Configuration",\r\n        "criteria_display_view_on_no_results":"0",\r\n        "criteria_snippet_length":"100",\r\n        "criteria_status":"1,2",\r\n        "criteria_catalog_type_id":"22000",\r\n        "criteria_extension_instance_id":"22000",\r\n\r\n        "page_type":"configuration",\r\n\r\n        "menuitem_theme_id":"",\r\n\r\n        "menuitem_page_view_id":"8010",\r\n        "menuitem_page_view_css_id":"",\r\n        "menuitem_page_view_css_class":"",\r\n        "menuitem_template_view_id":"9025",\r\n        "menuitem_template_view_css_id":"",\r\n        "menuitem_template_view_css_class":"",\r\n\r\n        "menuitem_wrap_view_id":"10120",\r\n        "menuitem_wrap_view_css_id":"configuration",\r\n        "menuitem_wrap_view_css_class":"",\r\n        "menuitem_wrap_view_role":"",\r\n        "menuitem_wrap_view_property":"",\r\n\r\n        "model_name":"Files",\r\n        "model_type":"Primary",\r\n        "model_query_object":"item",\r\n        \r\n        "model_offset":"0",\r\n        "model_count":"10",\r\n        "model_use_pagination":"1"\r\n}', '{"metadata_title":"Files", \r\n"metadata_description":"", \r\n"metadata_keywords":"", \r\n"metadata_robots":"follow,index", \r\n"metadata_author":"", \r\n"metadata_content_rights":""}        ', 'en-GB', 0, 3);

INSERT INTO `molajo_content` (`id`, `site_id`, `extension_instance_id`, `catalog_type_id`, `title`, `subtitle`, `path`, `alias`, `content_text`, `protected`, `featured`, `stickied`, `status`, `start_publishing_datetime`, `stop_publishing_datetime`, `version`, `version_of_id`, `status_prior_to_version`, `created_datetime`, `created_by`, `modified_datetime`, `modified_by`, `checked_out_datetime`, `checked_out_by`, `root`, `parent_id`, `lft`, `rgt`, `lvl`, `home`, `customfields`, `parameters`, `metadata`, `language`, `translation_of_id`, `ordering`) VALUES
  (121, 1, 22000, 22000, 'example.txt', '', '', '121', '<p>This is a downloadable file.</p>', 0, 0, 0, 1, '2015-01-15 08:00:00', '0000-00-00 00:00:00', 1, 0, 0, '2012-09-13 12:00:00', 1, '2012-09-13 12:00:00', 1, '0000-00-00 00:00:00', 0, 0, 0, 0, 0, 0, 0, '{"file_url":"{sitemedia}example.txt",\r\n"file_type":"file/txt",\r\n"dimensions":"",\r\n"caption":"Example Text File",\r\n"credits":"Person Name",\r\n"license":"CC BY 3.0"}', '{}', '{}', 'en-GB', 0, 1);

--
-- Links
--

INSERT INTO `molajo_catalog_types` (`id`, `primary_category_id`, `title`, `alias`, `model_type`, `model_name`, `protected`) VALUES
  (25000, 15, 'Links', 'links', 'Resource', 'Links', 1);

INSERT INTO `molajo_extensions` (`id`, `extension_site_id`, `catalog_type_id`, `name`, `subtitle`, `language`, `translation_of_id`, `ordering`) VALUES
  (25000, 1, 12000, 'Links', '', 'en-GB', 0, 25);

INSERT INTO `molajo_extension_instances` (`id`, `extension_id`, `catalog_type_id`, `title`, `root`, `parent_id`, `lft`, `rgt`, `lvl`, `subtitle`, `path`, `alias`, `menu`, `page_type`, `content_text`, `protected`, `featured`, `stickied`, `status`, `start_publishing_datetime`, `stop_publishing_datetime`, `version`, `version_of_id`, `status_prior_to_version`, `created_datetime`, `created_by`, `modified_datetime`, `modified_by`, `checked_out_datetime`, `checked_out_by`, `home`, `customfields`, `parameters`, `metadata`, `language`, `translation_of_id`, `ordering`) VALUES
  (25000, 25000, 12000, 'Links', '', '', 'links', '', 'List', '', 1, 0, 0, 1, '2014-02-14 08:00:00', '0000-00-00 00:00:00', 1, 0, 0, '2012-09-13 12:00:00', 0, '0000-00-00 00:00:00', 0, '0000-00-00 00:00:00', 0, 0, 0, 0, 0, 0, 0, '{}', '{\r\n   "criteria_title":"Links",\r\n   "criteria_catalog_type_id":"25000",\r\n   "criteria_extension_instance_id":"25000",\r\n   "criteria_source_id":"",\r\n   "criteria_status":"0,1,2",\r\n   "criteria_snippet_length":"200",\r\n   "criteria_display_view_on_no_results":"1",\r\n   "enable_content_draft_save":"1",\r\n   "enable_content_log_catalog_activity":"0",\r\n   "enable_content_maximum_version_count":"5",\r\n   "enable_content_retain_versions_after_delete":"1",\r\n   "enable_content_version_history":"1",\r\n   "enable_broadcast_notifications":"0",\r\n   "enable_broadcast_ping":"0",\r\n   "enable_broadcast_tweets":"0",\r\n   "enable_broadcast_feed":"0",\r\n   "enable_categorize_categories":"",\r\n   "enable_categorize_tags":"",\r\n   "enable_protection_bad_word_filter":"shoot",\r\n   "enable_protection_block_email_address":"joe@example.com",\r\n   "enable_protection_block_name":"Joe Smith,Betty Boop",\r\n   "enable_protection_flood_control_seconds":"120",\r\n   "enable_protection_ip_address":"",\r\n   "enable_protection_content_length":"1000",\r\n   "enable_protection_log_user_activity":"",\r\n   "enable_protection_spam_guard":"1",\r\n   "enable_response_comment_form_open_days":"90",\r\n   "enable_response_comments":"1",\r\n   "enable_response_hit_counts":"1",\r\n   "enable_response_ratings":"1",\r\n   "enable_response_subscriptions":"1",\r\n   "enable_response_vote_form_open_days":"90",\r\n   "enable_response_vote":"1",\r\n   "enable_system_ajax_access":"1",\r\n   "enable_system_search":"1",\r\n   "edit_toolbar_buttons_new":"save,cancel",\r\n   "edit_toolbar_buttons_edit":"save,saveas,cancel,delete",\r\n   "edit_title_column1":"title",\r\n   "edit_title_column2":"alias",\r\n   "edit_title_column3":"subtitle",\r\n   "edit_title_column4":"status",\r\n   "edit_title_column5":"",\r\n   "edit_title_column6":"",\r\n   "edit_editor_column1":"content_text",\r\n   "edit_editor_column2":"",\r\n   "edit_editor_column3":"",\r\n   "edit_editor_column4":"",\r\n   "edit_editor_column5":"",\r\n   "edit_editor_column6":"",\r\n   "edit_editor_column7":"",\r\n   "edit_editor_column8":"",\r\n   "edit_editor_column9":"",\r\n   "edit_editor_column10":"",\r\n   "edit_editor_column11":"",\r\n   "edit_editor_column12":"",\r\n   "edit_editor_column13":"",\r\n   "edit_editor_column14":"",\r\n   "edit_editor_column15":"",\r\n   "edit_subeditor_column1":"modified_by",\r\n   "edit_subeditor_column2":"modified_datetime",\r\n   "edit_subeditor_column3":"version",\r\n   "edit_subeditor_column4":"version_of_id",\r\n   "edit_subeditor_column5":"",\r\n   "edit_sidebar1_column1":"created_by",\r\n   "edit_sidebar1_column2":"created_datetime",\r\n   "edit_sidebar1_column3":"start_publishing_datetime",\r\n   "edit_sidebar1_column4":"stop_publishing_datetime",\r\n   "edit_sidebar1_column5":"ordering",\r\n   "edit_sidebar1_column6":"",\r\n   "edit_sidebar1_column7":"",\r\n   "edit_sidebar1_column8":"",\r\n   "edit_sidebar1_column9":"",\r\n   "edit_sidebar1_column10":"",\r\n   "edit_sidebar1_column11":"",\r\n   "edit_sidebar1_column12":"",\r\n   "edit_sidebar1_column13":"",\r\n   "edit_sidebar1_column14":"",\r\n   "edit_sidebar1_column15":"",\r\n   "edit_sidebar2_column1":"featured",\r\n   "edit_sidebar2_column2":"stickied",\r\n   "edit_sidebar2_column3":"tags",\r\n   "edit_sidebar2_column4":"categories",\r\n   "edit_sidebar2_column5":"language",\r\n   "edit_sidebar2_column6":"translation_of_id",\r\n   "edit_sidebar2_column7":"enable_system_search",\r\n   "edit_sidebar2_column8":"",\r\n   "edit_sidebar2_column9":"",\r\n   "edit_sidebar2_column10":"",\r\n   "edit_sidebar2_column11":"",\r\n   "edit_sidebar2_column12":"",\r\n   "edit_sidebar2_column13":"",\r\n   "edit_sidebar2_column14":"",\r\n   "edit_sidebar2_column15":"",\r\n   "edit_sidebar3_column1":"metadata_title",\r\n   "edit_sidebar3_column2":"metadata_description",\r\n   "edit_sidebar3_column3":"metadata_keywords",\r\n   "edit_sidebar3_column4":"metadata_robots",\r\n   "edit_sidebar3_column5":"metadata_author",\r\n   "edit_sidebar3_column6":"metadata_content_rights",\r\n   "edit_sidebar3_column7":"",\r\n   "edit_sidebar3_column8":"",\r\n   "edit_sidebar3_column9":"",\r\n   "edit_sidebar3_column10":"",\r\n   "edit_sidebar3_column11":"",\r\n   "edit_sidebar3_column12":"",\r\n   "edit_sidebar3_column13":"",\r\n   "edit_sidebar3_column14":"",\r\n   "edit_sidebar3_column15":"",\r\n   "edit_sidebar4_column1":"enable_response_comments",\r\n   "edit_sidebar4_column2":"enable_response_comment_form_open_days",\r\n   "edit_sidebar4_column3":"enable_response_hit_counts",\r\n   "edit_sidebar4_column4":"enable_response_ratings",\r\n   "edit_sidebar4_column5":"enable_response_subscriptions",\r\n   "edit_sidebar4_column6":"enable_response_vote",\r\n   "edit_sidebar4_column7":"enable_response_vote_form_open_days",\r\n   "edit_sidebar4_column8":"",\r\n   "edit_sidebar4_column9":"",\r\n   "edit_sidebar4_column10":"",\r\n   "edit_sidebar4_column11":"",\r\n   "edit_sidebar4_column12":"",\r\n   "edit_sidebar4_column13":"",\r\n   "edit_sidebar4_column14":"",\r\n   "edit_sidebar4_column15":"",\r\n   "edit_footer_column1":"",\r\n   "edit_footer_column2":"",\r\n   "edit_footer_column3":"",\r\n   "edit_footer_column4":"",\r\n   "edit_footer_column5":"",\r\n   "form_parent_menu_id":"11112",\r\n   "form_theme_id":"",\r\n   "form_page_view_id":"8050",\r\n   "form_page_view_css_id":"",\r\n   "form_page_view_css_class":"",\r\n   "form_template_view_id":"9310",\r\n   "form_template_view_css_id":"",\r\n   "form_template_view_css_class":"",\r\n   "form_wrap_view_id":"10140",\r\n   "form_wrap_view_css_id":"",\r\n   "form_wrap_view_css_class":"",\r\n   "form_wrap_view_role":"",\r\n   "form_wrap_view_property":"",\r\n   "form_model_name":"Links",\r\n   "form_model_type":"Resource",\r\n   "form_model_query_object":"item",\r\n   "item_parent_menu_id":"11112",\r\n   "item_theme_id":"",\r\n   "item_page_view_id":"8270",\r\n   "item_page_view_css_id":"",\r\n   "item_page_view_css_class":"",\r\n   "item_template_view_id":"9390",\r\n   "item_template_view_css_id":"",\r\n   "item_template_view_css_class":"",\r\n   "item_wrap_view_id":"10010",\r\n   "item_wrap_view_css_id":"",\r\n   "item_wrap_view_css_class":"",\r\n   "item_wrap_view_role":"",\r\n   "item_wrap_view_property":"",\r\n   "item_model_name":"Links",\r\n   "item_model_type":"Resource",\r\n   "item_model_query_object":"item",\r\n   "list_parent_menu_id":"",\r\n   "list_theme_id":"",\r\n   "list_page_view_id":"",\r\n   "list_page_view_css_id":"",\r\n   "list_page_view_css_class":"",\r\n   "list_template_view_id":"",\r\n   "list_template_view_css_id":"",\r\n   "list_template_view_css_class":"",\r\n   "list_wrap_view_id":"",\r\n   "list_wrap_view_css_id":"",\r\n   "list_wrap_view_css_class":"",\r\n   "list_wrap_view_role":"",\r\n   "list_wrap_view_property":"",\r\n   "list_model_name":"",\r\n   "list_model_type":"",\r\n   "list_model_query_object":"",\r\n   "list_model_ordering":"",\r\n   "list_model_ordering_direction":"",\r\n   "list_model_offset":"0",\r\n   "list_model_count":"10",\r\n   "list_model_use_pagination":"1"\r\n}', '{\r\n   "metadata_title":"Links",\r\n   "metadata_description":"",\r\n   "metadata_keywords":"",\r\n   "metadata_robots":"follow,index",\r\n   "metadata_author":""\r\n}', 'en-GB', 0, 25);

INSERT INTO `molajo_extension_instances` (`id`, `extension_id`, `catalog_type_id`, `title`, `root`, `parent_id`, `lft`, `rgt`, `lvl`, `subtitle`, `path`, `alias`, `menu`, `page_type`, `content_text`, `protected`, `featured`, `stickied`, `status`, `start_publishing_datetime`, `stop_publishing_datetime`, `version`, `version_of_id`, `status_prior_to_version`, `created_datetime`, `created_by`, `modified_datetime`, `modified_by`, `checked_out_datetime`, `checked_out_by`, `home`, `customfields`, `parameters`, `metadata`, `language`, `translation_of_id`, `ordering`) VALUES
  (11112, 11100, 11000, 'Links', 11100, 11109, 68, 75, 3, '', '', 'links', 'Menuadmin', 'Grid', '', 1, 0, 0, 1, '2015-01-15 12:00:00', '0000-00-00 00:00:00', 1, 0, 0, '2015-01-15 12:00:00', 1, '0000-00-00 00:00:00', 0, '0000-00-00 00:00:00', 0, 0, '{}', '{\r\n        "criteria_title":"Links",\r\n        "criteria_display_view_on_no_results":"0",\r\n        "criteria_snippet_length":"150",\r\n        "criteria_status":"0,1,2",\r\n        "criteria_catalog_type_id":"25000",\r\n        "criteria_extension_instance_id":"25000",\r\n        "criteria_source_id":"",\r\n\r\n        "grid_action_archive":"1",\r\n        "grid_action_checkin":"1",\r\n        "grid_action_feature":"1",\r\n        "grid_action_publish":"1",\r\n        "grid_action_restore":"1",\r\n        "grid_action_sticky":"1",\r\n        "grid_action_trash":"1",\r\n        "grid_action_unpublish":"1",\r\n \r\n        "grid_toolbar_button_categories":"1",\r\n        "grid_toolbar_button_copy":"1",\r\n        "grid_toolbar_button_filter":"1",\r\n        "grid_toolbar_button_new":"1",\r\n        "grid_toolbar_button_permissions":"1",\r\n        "grid_toolbar_button_tags":"1",\r\n\r\n        "grid_batch_categories":"1",\r\n        "grid_batch_permissions":"1",\r\n        "grid_batch_tags":"1",\r\n\r\n        "grid_status":"2,1,0",\r\n        "grid_ordering":"title",\r\n        "grid_ordering_direction":"ASC",\r\n        "grid_items_per_page":"15",\r\n        "grid_use_pagination":"1",\r\n\r\n        "grid_filter_list1":"Filter_Status",\r\n        "grid_filter_list2":"Filter_Categories",\r\n        "grid_filter_list3":"Filter_Tags",\r\n        "grid_filter_list4":"Filter_Author",\r\n        "grid_filter_list5":"Filter_Featured",\r\n        "grid_filter_list6":"",\r\n        "grid_filter_list7":"",\r\n        "grid_filter_list8":"",\r\n        "grid_filter_list9":"",\r\n        "grid_filter_search":"1",\r\n\r\n        "grid_column1":"title",\r\n        "grid_column2":"created_by_full_name",\r\n        "grid_column3":"status_name",\r\n        "grid_column4":"featured",\r\n        "grid_column5":"start_publishing_datetime_ccyy_mm_dd",\r\n        "grid_column6":"ordering",\r\n        "grid_column7":"id",\r\n        "grid_column8":"",\r\n        "grid_column9":"",\r\n\r\n        "grid_pagination_ordering_column":"title",\r\n        "grid_pagination_use":"1",\r\n\r\n        "page_type":"Grid",\r\n\r\n        "menuitem_theme_id":"",\r\n\r\n        "menuitem_page_view_id":"8040",\r\n        "menuitem_page_view_css_id":"",\r\n        "menuitem_page_view_css_class":"",\r\n\r\n        "menuitem_template_view_id":"9630",\r\n        "menuitem_template_view_css_id":"",\r\n        "menuitem_template_view_css_class":"",\r\n\r\n        "menuitem_wrap_view_id":"10140",\r\n        "menuitem_wrap_view_css_id":"",\r\n        "menuitem_wrap_view_css_class":"",\r\n        "menuitem_wrap_view_role":"",\r\n        "menuitem_wrap_view_property":"",\r\n\r\n        "menuitem_model_type":"Resource",\r\n        "menuitem_model_name":"Links",\r\n        "menuitem_model_query_object":"list",\r\n        \r\n        "menuitem_model_offset":"0",\r\n        "menuitem_model_count":"10",\r\n        "menuitem_model_use_pagination":"1"\r\n}\r\n', NULL, 'en-GB', 0, 3),
  (25039, 11100, 11000, 'List', 11100, 11112, 69, 70, 4, '', 'links', 'list', 'Menuadmin', 'Link', '', 1, 0, 0, 1, '2015-01-15 12:00:00', '0000-00-00 00:00:00', 1, 0, 0, '2015-01-15 12:00:00', 1, '0000-00-00 00:00:00', 0, '0000-00-00 00:00:00', 0, 0, '', '', '', 'en-GB', 0, 1),
  (25009, 11100, 11000, 'New', 11100, 11112, 71, 72, 4, '', 'links', 'new', 'Menuadmin', 'New', '', 1, 0, 0, 1, '2015-01-15 12:00:00', '0000-00-00 00:00:00', 1, 0, 0, '2015-01-15 12:00:00', 1, '0000-00-00 00:00:00', 0, '0000-00-00 00:00:00', 0, 0, '', '{\r\n        "criteria_title":"New Links",\r\n        "criteria_display_view_on_no_results":"1",\r\n        "criteria_snippet_length":"",\r\n        "criteria_status":"",\r\n        "criteria_catalog_type_id":"25000",\r\n        "criteria_extension_instance_id":"25000",\r\n\r\n        "page_type":"new",\r\n\r\n        "menuitem_theme_id":"",\r\n\r\n        "menuitem_page_view_id":"8050",\r\n        "menuitem_page_view_css_id":"",\r\n        "menuitem_page_view_css_class":"",\r\n\r\n        "menuitem_template_view_id":"9310",\r\n        "menuitem_template_view_css_id":"",\r\n        "menuitem_template_view_css_class":"",\r\n\r\n        "menuitem_wrap_view_id":"",\r\n        "menuitem_wrap_view_css_id":"",\r\n        "menuitem_wrap_view_css_class":"",\r\n        "menuitem_wrap_view_role":"",\r\n        "menuitem_wrap_view_property":"",\r\n\r\n        "model_name":"Links",\r\n        "model_type":"Primary",\r\n        "model_query_object":"item",\r\n        \r\n        "model_offset":"0",\r\n        "model_count":"10",\r\n        "model_use_pagination":"1"\r\n}', '{\r\n   "metadata_title":"Links",\r\n   "metadata_description":"",\r\n   "metadata_keywords":"",\r\n   "metadata_robots":"follow,index",\r\n   "metadata_author":""\r\n}', 'en-GB', 0, 2),
  (11149, 11100, 11000, 'Configuration', 11100, 11112, 73, 74, 4, '', 'links', 'configuration', 'Menuadmin', 'Configuration', '', 1, 0, 0, 1, '2015-01-15 12:00:00', '0000-00-00 00:00:00', 1, 0, 0, '2015-01-15 12:00:00', 1, '0000-00-00 00:00:00', 0, '0000-00-00 00:00:00', 0, 0, '{}', '{\r\n        "criteria_title":"Links Configuration",\r\n        "criteria_display_view_on_no_results":"0",\r\n        "criteria_snippet_length":"100",\r\n        "criteria_status":"1,2",\r\n        "criteria_catalog_type_id":"25000",\r\n        "criteria_extension_instance_id":"25000",\r\n\r\n        "page_type":"configuration",\r\n\r\n        "menuitem_theme_id":"",\r\n\r\n        "menuitem_page_view_id":"8010",\r\n        "menuitem_page_view_css_id":"",\r\n        "menuitem_page_view_css_class":"",\r\n        "menuitem_template_view_id":"9025",\r\n        "menuitem_template_view_css_id":"",\r\n        "menuitem_template_view_css_class":"",\r\n\r\n        "menuitem_wrap_view_id":"",\r\n        "menuitem_wrap_view_css_id":"configuration",\r\n        "menuitem_wrap_view_css_class":"",\r\n        "menuitem_wrap_view_role":"",\r\n        "menuitem_wrap_view_property":"",\r\n\r\n        "model_name":"Links",\r\n        "model_type":"Primary",\r\n        "model_query_object":"item",\r\n        \r\n        "model_offset":"0",\r\n        "model_count":"10",\r\n        "model_use_pagination":"1"\r\n}', '{"metadata_title":"Links", \r\n"metadata_description":"", \r\n"metadata_keywords":"", \r\n"metadata_robots":"follow,index", \r\n"metadata_author":"", \r\n"metadata_content_rights":""}        ', 'en-GB', 0, 3);

INSERT INTO `molajo_content` (`id`, `site_id`, `extension_instance_id`, `catalog_type_id`, `title`, `subtitle`, `path`, `alias`, `content_text`, `protected`, `featured`, `stickied`, `status`, `start_publishing_datetime`, `stop_publishing_datetime`, `version`, `version_of_id`, `status_prior_to_version`, `created_datetime`, `created_by`, `modified_datetime`, `modified_by`, `checked_out_datetime`, `checked_out_by`, `root`, `parent_id`, `lft`, `rgt`, `lvl`, `home`, `customfields`, `parameters`, `metadata`, `language`, `translation_of_id`, `ordering`) VALUES
  (130, 1, 25000, 25000, 'Google Link', 'http://google.com/', '', '130', '<p>This is a web link.</p>', 0, 0, 0, 1, '2015-01-15 08:00:00', '0000-00-00 00:00:00', 1, 0, 0, '2012-09-13 12:00:00', 1, '2012-09-13 12:00:00', 1, '0000-00-00 00:00:00', 0, 0, 0, 0, 0, 0, 0, '{"file_url":"http://google.com/",\r\n"file_type":"URL",\r\n"dimensions":"",\r\n"caption":"Google Website",\r\n"credits":"Person Name",\r\n"license":"CC BY 3.0"}', '{}', '{}', 'en-GB', 0, 1),
  (131, 1, 25000, 25000, 'Molajo Github Link', 'http://github.com/Molajo', '', '131', '<p>This is a web link.</p>', 0, 0, 0, 1, '2015-01-15 08:00:00', '0000-00-00 00:00:00', 1, 0, 0, '2012-09-13 12:00:00', 1, '2012-09-13 12:00:00', 1, '0000-00-00 00:00:00', 0, 0, 0, 0, 0, 0, 0, '{"file_url":"https://github.com/molajo",\r\n"file_type":"URL",\r\n"dimensions":"",\r\n"caption":"Molajo Website",\r\n"credits":"Person Name",\r\n"license":"CC BY 3.0"}', '{}', '{}', 'en-GB', 0, 2),
  (132, 1, 25000, 25000, 'Molajito', 'https://github.com/Molajito/', '', '132', '<p>This is a web link.</p>', 0, 0, 0, 1, '2015-01-15 08:00:00', '0000-00-00 00:00:00', 1, 0, 0, '2012-09-13 12:00:00', 1, '2012-09-13 12:00:00', 1, '0000-00-00 00:00:00', 0, 0, 0, 0, 0, 0, 0, '{"file_url":"https://github.com/molajito",\r\n"file_type":"URL",\r\n"dimensions":"",\r\n"caption":"Molajito Website",\r\n"credits":"Person Name",\r\n"license":"CC BY 3.0"}', '{}', '{}', 'en-GB', 0, 3);

--
-- Video
--

INSERT INTO `molajo_catalog_types` (`id`, `primary_category_id`, `title`, `alias`, `model_type`, `model_name`, `protected`) VALUES
  (23000, 15, 'Video', 'video', 'Resource', 'Video', 1);

INSERT INTO `molajo_extensions` (`id`, `extension_site_id`, `catalog_type_id`, `name`, `subtitle`, `language`, `translation_of_id`, `ordering`) VALUES
  (23000, 1, 12000, 'Video', '', 'en-GB', 0, 23);

INSERT INTO `molajo_extension_instances` (`id`, `extension_id`, `catalog_type_id`, `title`, `root`, `parent_id`, `lft`, `rgt`, `lvl`, `subtitle`, `path`, `alias`, `menu`, `page_type`, `content_text`, `protected`, `featured`, `stickied`, `status`, `start_publishing_datetime`, `stop_publishing_datetime`, `version`, `version_of_id`, `status_prior_to_version`, `created_datetime`, `created_by`, `modified_datetime`, `modified_by`, `checked_out_datetime`, `checked_out_by`, `home`, `customfields`, `parameters`, `metadata`, `language`, `translation_of_id`, `ordering`) VALUES
  (23000, 23000, 12000, 'Video', '', '', 'video', '', 'List', '', 1, 0, 0, 1, '2014-02-14 08:00:00', '0000-00-00 00:00:00', 1, 0, 0, '2012-09-13 12:00:00', 0, '0000-00-00 00:00:00', 0, '0000-00-00 00:00:00', 0, 0, 0, 0, 0, 0, 0, '{}', '{\r\n   "criteria_title":"Video",\r\n   "criteria_catalog_type_id":"23000",\r\n   "criteria_extension_instance_id":"23000",\r\n   "criteria_source_id":"",\r\n   "criteria_status":"0,1,2",\r\n   "criteria_snippet_length":"200",\r\n   "criteria_display_view_on_no_results":"1",\r\n   "enable_content_draft_save":"1",\r\n   "enable_content_log_catalog_activity":"0",\r\n   "enable_content_maximum_version_count":"5",\r\n   "enable_content_retain_versions_after_delete":"1",\r\n   "enable_content_version_history":"1",\r\n   "enable_broadcast_notifications":"0",\r\n   "enable_broadcast_ping":"0",\r\n   "enable_broadcast_tweets":"0",\r\n   "enable_broadcast_feed":"0",\r\n   "enable_categorize_categories":"",\r\n   "enable_categorize_tags":"",\r\n   "enable_protection_bad_word_filter":"shoot",\r\n   "enable_protection_block_email_address":"joe@example.com",\r\n   "enable_protection_block_name":"Joe Smith,Betty Boop",\r\n   "enable_protection_flood_control_seconds":"120",\r\n   "enable_protection_ip_address":"",\r\n   "enable_protection_content_length":"1000",\r\n   "enable_protection_log_user_activity":"",\r\n   "enable_protection_spam_guard":"1",\r\n   "enable_response_comment_form_open_days":"90",\r\n   "enable_response_comments":"1",\r\n   "enable_response_hit_counts":"1",\r\n   "enable_response_ratings":"1",\r\n   "enable_response_subscriptions":"1",\r\n   "enable_response_vote_form_open_days":"90",\r\n   "enable_response_vote":"1",\r\n   "enable_system_ajax_access":"1",\r\n   "enable_system_search":"1",\r\n   "edit_toolbar_buttons_new":"save,cancel",\r\n   "edit_toolbar_buttons_edit":"save,saveas,cancel,delete",\r\n   "edit_title_column1":"title",\r\n   "edit_title_column2":"alias",\r\n   "edit_title_column3":"subtitle",\r\n   "edit_title_column4":"status",\r\n   "edit_title_column5":"",\r\n   "edit_title_column6":"",\r\n   "edit_editor_column1":"content_text",\r\n   "edit_editor_column2":"",\r\n   "edit_editor_column3":"",\r\n   "edit_editor_column4":"",\r\n   "edit_editor_column5":"",\r\n   "edit_editor_column6":"",\r\n   "edit_editor_column7":"",\r\n   "edit_editor_column8":"",\r\n   "edit_editor_column9":"",\r\n   "edit_editor_column10":"",\r\n   "edit_editor_column11":"",\r\n   "edit_editor_column12":"",\r\n   "edit_editor_column13":"",\r\n   "edit_editor_column14":"",\r\n   "edit_editor_column15":"",\r\n   "edit_subeditor_column1":"modified_by",\r\n   "edit_subeditor_column2":"modified_datetime",\r\n   "edit_subeditor_column3":"version",\r\n   "edit_subeditor_column4":"version_of_id",\r\n   "edit_subeditor_column5":"",\r\n   "edit_sidebar1_column1":"created_by",\r\n   "edit_sidebar1_column2":"created_datetime",\r\n   "edit_sidebar1_column3":"start_publishing_datetime",\r\n   "edit_sidebar1_column4":"stop_publishing_datetime",\r\n   "edit_sidebar1_column5":"ordering",\r\n   "edit_sidebar1_column6":"",\r\n   "edit_sidebar1_column7":"",\r\n   "edit_sidebar1_column8":"",\r\n   "edit_sidebar1_column9":"",\r\n   "edit_sidebar1_column10":"",\r\n   "edit_sidebar1_column11":"",\r\n   "edit_sidebar1_column12":"",\r\n   "edit_sidebar1_column13":"",\r\n   "edit_sidebar1_column14":"",\r\n   "edit_sidebar1_column15":"",\r\n   "edit_sidebar2_column1":"featured",\r\n   "edit_sidebar2_column2":"stickied",\r\n   "edit_sidebar2_column3":"tags",\r\n   "edit_sidebar2_column4":"categories",\r\n   "edit_sidebar2_column5":"language",\r\n   "edit_sidebar2_column6":"translation_of_id",\r\n   "edit_sidebar2_column7":"enable_system_search",\r\n   "edit_sidebar2_column8":"",\r\n   "edit_sidebar2_column9":"",\r\n   "edit_sidebar2_column10":"",\r\n   "edit_sidebar2_column11":"",\r\n   "edit_sidebar2_column12":"",\r\n   "edit_sidebar2_column13":"",\r\n   "edit_sidebar2_column14":"",\r\n   "edit_sidebar2_column15":"",\r\n   "edit_sidebar3_column1":"metadata_title",\r\n   "edit_sidebar3_column2":"metadata_description",\r\n   "edit_sidebar3_column3":"metadata_keywords",\r\n   "edit_sidebar3_column4":"metadata_robots",\r\n   "edit_sidebar3_column5":"metadata_author",\r\n   "edit_sidebar3_column6":"metadata_content_rights",\r\n   "edit_sidebar3_column7":"",\r\n   "edit_sidebar3_column8":"",\r\n   "edit_sidebar3_column9":"",\r\n   "edit_sidebar3_column10":"",\r\n   "edit_sidebar3_column11":"",\r\n   "edit_sidebar3_column12":"",\r\n   "edit_sidebar3_column13":"",\r\n   "edit_sidebar3_column14":"",\r\n   "edit_sidebar3_column15":"",\r\n   "edit_sidebar4_column1":"enable_response_comments",\r\n   "edit_sidebar4_column2":"enable_response_comment_form_open_days",\r\n   "edit_sidebar4_column3":"enable_response_hit_counts",\r\n   "edit_sidebar4_column4":"enable_response_ratings",\r\n   "edit_sidebar4_column5":"enable_response_subscriptions",\r\n   "edit_sidebar4_column6":"enable_response_vote",\r\n   "edit_sidebar4_column7":"enable_response_vote_form_open_days",\r\n   "edit_sidebar4_column8":"",\r\n   "edit_sidebar4_column9":"",\r\n   "edit_sidebar4_column10":"",\r\n   "edit_sidebar4_column11":"",\r\n   "edit_sidebar4_column12":"",\r\n   "edit_sidebar4_column13":"",\r\n   "edit_sidebar4_column14":"",\r\n   "edit_sidebar4_column15":"",\r\n   "edit_footer_column1":"",\r\n   "edit_footer_column2":"",\r\n   "edit_footer_column3":"",\r\n   "edit_footer_column4":"",\r\n   "edit_footer_column5":"",\r\n   "form_parent_menu_id":"11118",\r\n   "form_theme_id":"",\r\n   "form_page_view_id":"8050",\r\n   "form_page_view_css_id":"",\r\n   "form_page_view_css_class":"",\r\n   "form_template_view_id":"9310",\r\n   "form_template_view_css_id":"",\r\n   "form_template_view_css_class":"",\r\n   "form_wrap_view_id":"10140",\r\n   "form_wrap_view_css_id":"",\r\n   "form_wrap_view_css_class":"",\r\n   "form_wrap_view_role":"",\r\n   "form_wrap_view_property":"",\r\n   "form_model_name":"Video",\r\n   "form_model_type":"Resource",\r\n   "form_model_query_object":"item",\r\n   "item_parent_menu_id":"11118",\r\n   "item_theme_id":"",\r\n   "item_page_view_id":"8270",\r\n   "item_page_view_css_id":"",\r\n   "item_page_view_css_class":"",\r\n   "item_template_view_id":"9390",\r\n   "item_template_view_css_id":"",\r\n   "item_template_view_css_class":"",\r\n   "item_wrap_view_id":"10010",\r\n   "item_wrap_view_css_id":"",\r\n   "item_wrap_view_css_class":"",\r\n   "item_wrap_view_role":"",\r\n   "item_wrap_view_property":"",\r\n   "item_model_name":"Video",\r\n   "item_model_type":"Resource",\r\n   "item_model_query_object":"item",\r\n   "list_parent_menu_id":"",\r\n   "list_theme_id":"",\r\n   "list_page_view_id":"",\r\n   "list_page_view_css_id":"",\r\n   "list_page_view_css_class":"",\r\n   "list_template_view_id":"",\r\n   "list_template_view_css_id":"",\r\n   "list_template_view_css_class":"",\r\n   "list_wrap_view_id":"",\r\n   "list_wrap_view_css_id":"",\r\n   "list_wrap_view_css_class":"",\r\n   "list_wrap_view_role":"",\r\n   "list_wrap_view_property":"",\r\n   "list_model_name":"",\r\n   "list_model_type":"",\r\n   "list_model_query_object":"",\r\n   "list_model_ordering":"",\r\n   "list_model_ordering_direction":"",\r\n   "list_model_offset":"0",\r\n   "list_model_count":"10",\r\n   "list_model_use_pagination":"1"\r\n}', '{\r\n   "metadata_title":"Video",\r\n   "metadata_description":"",\r\n   "metadata_keywords":"",\r\n   "metadata_robots":"follow,index",\r\n   "metadata_author":""\r\n}', 'en-GB', 0, 23);

INSERT INTO `molajo_extension_instances` (`id`, `extension_id`, `catalog_type_id`, `title`, `root`, `parent_id`, `lft`, `rgt`, `lvl`, `subtitle`, `path`, `alias`, `menu`, `page_type`, `content_text`, `protected`, `featured`, `stickied`, `status`, `start_publishing_datetime`, `stop_publishing_datetime`, `version`, `version_of_id`, `status_prior_to_version`, `created_datetime`, `created_by`, `modified_datetime`, `modified_by`, `checked_out_datetime`, `checked_out_by`, `home`, `customfields`, `parameters`, `metadata`, `language`, `translation_of_id`, `ordering`) VALUES
  (11118, 11100, 11000, 'Video', 11100, 11109, 76, 83, 3, '', '', 'video', 'Menuadmin', 'Grid', '', 1, 0, 0, 1, '2015-01-15 12:00:00', '0000-00-00 00:00:00', 1, 0, 0, '2015-01-15 12:00:00', 1, '0000-00-00 00:00:00', 0, '0000-00-00 00:00:00', 0, 0, '{}', '{\r\n        "criteria_title":"Video",\r\n        "criteria_display_view_on_no_results":"0",\r\n        "criteria_snippet_length":"150",\r\n        "criteria_status":"0,1,2",\r\n        "criteria_catalog_type_id":"23000",\r\n        "criteria_extension_instance_id":"23000",\r\n        "criteria_source_id":"",\r\n\r\n        "grid_action_archive":"1",\r\n        "grid_action_checkin":"1",\r\n        "grid_action_feature":"1",\r\n        "grid_action_publish":"1",\r\n        "grid_action_restore":"1",\r\n        "grid_action_sticky":"1",\r\n        "grid_action_trash":"1",\r\n        "grid_action_unpublish":"1",\r\n \r\n        "grid_toolbar_button_categories":"1",\r\n        "grid_toolbar_button_copy":"1",\r\n        "grid_toolbar_button_filter":"1",\r\n        "grid_toolbar_button_new":"1",\r\n        "grid_toolbar_button_permissions":"1",\r\n        "grid_toolbar_button_tags":"1",\r\n\r\n        "grid_batch_categories":"1",\r\n        "grid_batch_permissions":"1",\r\n        "grid_batch_tags":"1",\r\n\r\n        "grid_status":"2,1,0",\r\n        "grid_ordering":"title",\r\n        "grid_ordering_direction":"ASC",\r\n        "grid_items_per_page":"15",\r\n        "grid_use_pagination":"1",\r\n\r\n        "grid_filter_list1":"Filter_Status",\r\n        "grid_filter_list2":"Filter_Categories",\r\n        "grid_filter_list3":"Filter_Tags",\r\n        "grid_filter_list4":"Filter_Author",\r\n        "grid_filter_list5":"Filter_Featured",\r\n        "grid_filter_list6":"",\r\n        "grid_filter_list7":"",\r\n        "grid_filter_list8":"",\r\n        "grid_filter_list9":"",\r\n        "grid_filter_search":"1",\r\n\r\n        "grid_column1":"title",\r\n        "grid_column2":"created_by_full_name",\r\n        "grid_column3":"status_name",\r\n        "grid_column4":"featured",\r\n        "grid_column5":"start_publishing_datetime_ccyy_mm_dd",\r\n        "grid_column6":"ordering",\r\n        "grid_column7":"id",\r\n        "grid_column8":"",\r\n        "grid_column9":"",\r\n\r\n        "grid_pagination_ordering_column":"title",\r\n        "grid_pagination_use":"1",\r\n\r\n        "page_type":"Grid",\r\n\r\n        "menuitem_theme_id":"",\r\n\r\n        "menuitem_page_view_id":"8040",\r\n        "menuitem_page_view_css_id":"",\r\n        "menuitem_page_view_css_class":"",\r\n\r\n        "menuitem_template_view_id":"9630",\r\n        "menuitem_template_view_css_id":"",\r\n        "menuitem_template_view_css_class":"",\r\n\r\n        "menuitem_wrap_view_id":"10140",\r\n        "menuitem_wrap_view_css_id":"",\r\n        "menuitem_wrap_view_css_class":"",\r\n        "menuitem_wrap_view_role":"",\r\n        "menuitem_wrap_view_property":"",\r\n\r\n        "menuitem_model_type":"Resource",\r\n        "menuitem_model_name":"Video",\r\n        "menuitem_model_query_object":"list",\r\n        \r\n        "menuitem_model_offset":"0",\r\n        "menuitem_model_count":"10",\r\n        "menuitem_model_use_pagination":"1"\r\n}\r\n', NULL, 'en-GB', 0, 4),
  (25042, 11100, 11000, 'List', 11100, 11118, 77, 78, 4, '', 'video', 'list', 'Menuadmin', 'Link', '', 1, 0, 0, 1, '2015-01-15 12:00:00', '0000-00-00 00:00:00', 1, 0, 0, '2015-01-15 12:00:00', 1, '0000-00-00 00:00:00', 0, '0000-00-00 00:00:00', 0, 0, '', '', '', 'en-GB', 0, 1),
  (25013, 11100, 11000, 'New', 11100, 11118, 79, 80, 4, '', 'video', 'new', 'Menuadmin', 'New', '', 1, 0, 0, 1, '2015-01-15 12:00:00', '0000-00-00 00:00:00', 1, 0, 0, '2015-01-15 12:00:00', 1, '0000-00-00 00:00:00', 0, '0000-00-00 00:00:00', 0, 0, '', '{\r\n        "criteria_title":"New Video",\r\n        "criteria_display_view_on_no_results":"1",\r\n        "criteria_snippet_length":"",\r\n        "criteria_status":"",\r\n        "criteria_catalog_type_id":"23000",\r\n        "criteria_extension_instance_id":"23000",\r\n\r\n        "page_type":"new",\r\n\r\n        "menuitem_theme_id":"",\r\n\r\n        "menuitem_page_view_id":"8050",\r\n        "menuitem_page_view_css_id":"",\r\n        "menuitem_page_view_css_class":"",\r\n\r\n        "menuitem_template_view_id":"9310",\r\n        "menuitem_template_view_css_id":"",\r\n        "menuitem_template_view_css_class":"",\r\n\r\n        "menuitem_wrap_view_id":"",\r\n        "menuitem_wrap_view_css_id":"",\r\n        "menuitem_wrap_view_css_class":"",\r\n        "menuitem_wrap_view_role":"",\r\n        "menuitem_wrap_view_property":"",\r\n\r\n        "model_name":"Video",\r\n        "model_type":"Primary",\r\n        "model_query_object":"item",\r\n        \r\n        "model_offset":"0",\r\n        "model_count":"10",\r\n        "model_use_pagination":"1"\r\n}', '{\r\n   "metadata_title":"Video",\r\n   "metadata_description":"",\r\n   "metadata_keywords":"",\r\n   "metadata_robots":"follow,index",\r\n   "metadata_author":""\r\n}', 'en-GB', 0, 2),
  (11153, 11100, 11000, 'Configuration', 11100, 11118, 81, 82, 4, '', 'video', 'configuration', 'Menuadmin', 'Configuration', '', 1, 0, 0, 1, '2015-01-15 12:00:00', '0000-00-00 00:00:00', 1, 0, 0, '2015-01-15 12:00:00', 1, '0000-00-00 00:00:00', 0, '0000-00-00 00:00:00', 0, 0, '{}', '{\r\n        "criteria_title":"Video Configuration",\r\n        "criteria_display_view_on_no_results":"0",\r\n        "criteria_snippet_length":"100",\r\n        "criteria_status":"1,2",\r\n        "criteria_catalog_type_id":"23000",\r\n        "criteria_extension_instance_id":"23000",\r\n\r\n        "page_type":"configuration",\r\n\r\n        "menuitem_theme_id":"",\r\n\r\n        "menuitem_page_view_id":"8010",\r\n        "menuitem_page_view_css_id":"",\r\n        "menuitem_page_view_css_class":"",\r\n        "menuitem_template_view_id":"9025",\r\n        "menuitem_template_view_css_id":"",\r\n        "menuitem_template_view_css_class":"",\r\n\r\n        "menuitem_wrap_view_id":"",\r\n        "menuitem_wrap_view_css_id":"configuration",\r\n        "menuitem_wrap_view_css_class":"",\r\n        "menuitem_wrap_view_role":"",\r\n        "menuitem_wrap_view_property":"",\r\n\r\n        "model_name":"Video",\r\n        "model_type":"Primary",\r\n        "model_query_object":"item",\r\n        \r\n        "model_offset":"0",\r\n        "model_count":"10",\r\n        "model_use_pagination":"1"\r\n}', '{"metadata_title":"Video", \r\n"metadata_description":"", \r\n"metadata_keywords":"", \r\n"metadata_robots":"follow,index", \r\n"metadata_author":"", \r\n"metadata_content_rights":""}        ', 'en-GB', 0, 3);

INSERT INTO `molajo_content` (`id`, `site_id`, `extension_instance_id`, `catalog_type_id`, `title`, `subtitle`, `path`, `alias`, `content_text`, `protected`, `featured`, `stickied`, `status`, `start_publishing_datetime`, `stop_publishing_datetime`, `version`, `version_of_id`, `status_prior_to_version`, `created_datetime`, `created_by`, `modified_datetime`, `modified_by`, `checked_out_datetime`, `checked_out_by`, `root`, `parent_id`, `lft`, `rgt`, `lvl`, `home`, `customfields`, `parameters`, `metadata`, `language`, `translation_of_id`, `ordering`) VALUES
  (122, 1, 23000, 23000, 'silentmovie.mp4', '', '', '122', '<p>This is a video.</p>', 0, 0, 0, 1, '2014-02-14 08:00:00', '0000-00-00 00:00:00', 1, 0, 0, '2012-09-13 12:00:00', 1, '2012-09-13 12:00:00', 1, '0000-00-00 00:00:00', 0, 0, 0, 0, 0, 0, 0, '{"file_url":"{sitemedia}silentmovie.mp4",\r\n"file_type":"video/mp4",\r\n"dimensions":"",\r\n"caption":"Silent Movie",\r\n"credits":"Person Name",\r\n"license":"CC BY 3.0"}', '{}', '{}', 'en-GB', 0, 1);

--
-- Audio
--

INSERT INTO `molajo_catalog_types` (`id`, `primary_category_id`, `title`, `alias`, `model_type`, `model_name`, `protected`) VALUES
  (24000, 15, 'Audio', 'audio', 'Resource', 'Audio', 1);

INSERT INTO `molajo_extensions` (`id`, `extension_site_id`, `catalog_type_id`, `name`, `subtitle`, `language`, `translation_of_id`, `ordering`) VALUES
  (24000, 1, 12000, 'Audio', '', 'en-GB', 0, 24);

INSERT INTO `molajo_extension_instances` (`id`, `extension_id`, `catalog_type_id`, `title`, `root`, `parent_id`, `lft`, `rgt`, `lvl`, `subtitle`, `path`, `alias`, `menu`, `page_type`, `content_text`, `protected`, `featured`, `stickied`, `status`, `start_publishing_datetime`, `stop_publishing_datetime`, `version`, `version_of_id`, `status_prior_to_version`, `created_datetime`, `created_by`, `modified_datetime`, `modified_by`, `checked_out_datetime`, `checked_out_by`, `home`, `customfields`, `parameters`, `metadata`, `language`, `translation_of_id`, `ordering`) VALUES
  (24000, 24000, 12000, 'Audio', '', '', 'audio', '', 'List', '', 1, 0, 0, 1, '2014-02-14 08:00:00', '0000-00-00 00:00:00', 1, 0, 0, '2012-09-13 12:00:00', 0, '0000-00-00 00:00:00', 0, '0000-00-00 00:00:00', 0, 0, 0, 0, 0, 0, 0, '{}', '{\r\n   "criteria_title":"Audio",\r\n   "criteria_catalog_type_id":"24000",\r\n   "criteria_extension_instance_id":"24000",\r\n   "criteria_source_id":"",\r\n   "criteria_status":"0,1,2",\r\n   "criteria_snippet_length":"200",\r\n   "criteria_display_view_on_no_results":"1",\r\n   "enable_content_draft_save":"1",\r\n   "enable_content_log_catalog_activity":"0",\r\n   "enable_content_maximum_version_count":"5",\r\n   "enable_content_retain_versions_after_delete":"1",\r\n   "enable_content_version_history":"1",\r\n   "enable_broadcast_notifications":"0",\r\n   "enable_broadcast_ping":"0",\r\n   "enable_broadcast_tweets":"0",\r\n   "enable_broadcast_feed":"0",\r\n   "enable_categorize_categories":"",\r\n   "enable_categorize_tags":"",\r\n   "enable_protection_bad_word_filter":"shoot",\r\n   "enable_protection_block_email_address":"joe@example.com",\r\n   "enable_protection_block_name":"Joe Smith,Betty Boop",\r\n   "enable_protection_flood_control_seconds":"120",\r\n   "enable_protection_ip_address":"",\r\n   "enable_protection_content_length":"1000",\r\n   "enable_protection_log_user_activity":"",\r\n   "enable_protection_spam_guard":"1",\r\n   "enable_response_comment_form_open_days":"90",\r\n   "enable_response_comments":"1",\r\n   "enable_response_hit_counts":"1",\r\n   "enable_response_ratings":"1",\r\n   "enable_response_subscriptions":"1",\r\n   "enable_response_vote_form_open_days":"90",\r\n   "enable_response_vote":"1",\r\n   "enable_system_ajax_access":"1",\r\n   "enable_system_search":"1",\r\n   "edit_toolbar_buttons_new":"save,cancel",\r\n   "edit_toolbar_buttons_edit":"save,saveas,cancel,delete",\r\n   "edit_title_column1":"title",\r\n   "edit_title_column2":"alias",\r\n   "edit_title_column3":"subtitle",\r\n   "edit_title_column4":"status",\r\n   "edit_title_column5":"",\r\n   "edit_title_column6":"",\r\n   "edit_editor_column1":"content_text",\r\n   "edit_editor_column2":"",\r\n   "edit_editor_column3":"",\r\n   "edit_editor_column4":"",\r\n   "edit_editor_column5":"",\r\n   "edit_editor_column6":"",\r\n   "edit_editor_column7":"",\r\n   "edit_editor_column8":"",\r\n   "edit_editor_column9":"",\r\n   "edit_editor_column10":"",\r\n   "edit_editor_column11":"",\r\n   "edit_editor_column12":"",\r\n   "edit_editor_column13":"",\r\n   "edit_editor_column14":"",\r\n   "edit_editor_column15":"",\r\n   "edit_subeditor_column1":"modified_by",\r\n   "edit_subeditor_column2":"modified_datetime",\r\n   "edit_subeditor_column3":"version",\r\n   "edit_subeditor_column4":"version_of_id",\r\n   "edit_subeditor_column5":"",\r\n   "edit_sidebar1_column1":"created_by",\r\n   "edit_sidebar1_column2":"created_datetime",\r\n   "edit_sidebar1_column3":"start_publishing_datetime",\r\n   "edit_sidebar1_column4":"stop_publishing_datetime",\r\n   "edit_sidebar1_column5":"ordering",\r\n   "edit_sidebar1_column6":"",\r\n   "edit_sidebar1_column7":"",\r\n   "edit_sidebar1_column8":"",\r\n   "edit_sidebar1_column9":"",\r\n   "edit_sidebar1_column10":"",\r\n   "edit_sidebar1_column11":"",\r\n   "edit_sidebar1_column12":"",\r\n   "edit_sidebar1_column13":"",\r\n   "edit_sidebar1_column14":"",\r\n   "edit_sidebar1_column15":"",\r\n   "edit_sidebar2_column1":"featured",\r\n   "edit_sidebar2_column2":"stickied",\r\n   "edit_sidebar2_column3":"tags",\r\n   "edit_sidebar2_column4":"categories",\r\n   "edit_sidebar2_column5":"language",\r\n   "edit_sidebar2_column6":"translation_of_id",\r\n   "edit_sidebar2_column7":"enable_system_search",\r\n   "edit_sidebar2_column8":"",\r\n   "edit_sidebar2_column9":"",\r\n   "edit_sidebar2_column10":"",\r\n   "edit_sidebar2_column11":"",\r\n   "edit_sidebar2_column12":"",\r\n   "edit_sidebar2_column13":"",\r\n   "edit_sidebar2_column14":"",\r\n   "edit_sidebar2_column15":"",\r\n   "edit_sidebar3_column1":"metadata_title",\r\n   "edit_sidebar3_column2":"metadata_description",\r\n   "edit_sidebar3_column3":"metadata_keywords",\r\n   "edit_sidebar3_column4":"metadata_robots",\r\n   "edit_sidebar3_column5":"metadata_author",\r\n   "edit_sidebar3_column6":"metadata_content_rights",\r\n   "edit_sidebar3_column7":"",\r\n   "edit_sidebar3_column8":"",\r\n   "edit_sidebar3_column9":"",\r\n   "edit_sidebar3_column10":"",\r\n   "edit_sidebar3_column11":"",\r\n   "edit_sidebar3_column12":"",\r\n   "edit_sidebar3_column13":"",\r\n   "edit_sidebar3_column14":"",\r\n   "edit_sidebar3_column15":"",\r\n   "edit_sidebar4_column1":"enable_response_comments",\r\n   "edit_sidebar4_column2":"enable_response_comment_form_open_days",\r\n   "edit_sidebar4_column3":"enable_response_hit_counts",\r\n   "edit_sidebar4_column4":"enable_response_ratings",\r\n   "edit_sidebar4_column5":"enable_response_subscriptions",\r\n   "edit_sidebar4_column6":"enable_response_vote",\r\n   "edit_sidebar4_column7":"enable_response_vote_form_open_days",\r\n   "edit_sidebar4_column8":"",\r\n   "edit_sidebar4_column9":"",\r\n   "edit_sidebar4_column10":"",\r\n   "edit_sidebar4_column11":"",\r\n   "edit_sidebar4_column12":"",\r\n   "edit_sidebar4_column13":"",\r\n   "edit_sidebar4_column14":"",\r\n   "edit_sidebar4_column15":"",\r\n   "edit_footer_column1":"",\r\n   "edit_footer_column2":"",\r\n   "edit_footer_column3":"",\r\n   "edit_footer_column4":"",\r\n   "edit_footer_column5":"",\r\n   "form_parent_menu_id":"11116",\r\n   "form_theme_id":"",\r\n   "form_page_view_id":"8050",\r\n   "form_page_view_css_id":"",\r\n   "form_page_view_css_class":"",\r\n   "form_template_view_id":"9310",\r\n   "form_template_view_css_id":"",\r\n   "form_template_view_css_class":"",\r\n   "form_wrap_view_id":"10140",\r\n   "form_wrap_view_css_id":"",\r\n   "form_wrap_view_css_class":"",\r\n   "form_wrap_view_role":"",\r\n   "form_wrap_view_property":"",\r\n   "form_model_name":"Audio",\r\n   "form_model_type":"Resource",\r\n   "form_model_query_object":"item",\r\n   "item_parent_menu_id":"11116",\r\n   "item_theme_id":"",\r\n   "item_page_view_id":"8270",\r\n   "item_page_view_css_id":"",\r\n   "item_page_view_css_class":"",\r\n   "item_template_view_id":"9390",\r\n   "item_template_view_css_id":"",\r\n   "item_template_view_css_class":"",\r\n   "item_wrap_view_id":"",\r\n   "item_wrap_view_css_id":"",\r\n   "item_wrap_view_css_class":"",\r\n   "item_wrap_view_role":"",\r\n   "item_wrap_view_property":"",\r\n   "item_model_name":"Audio",\r\n   "item_model_type":"Primary",\r\n   "item_model_query_object":"Item",\r\n   "list_parent_menu_id":"",\r\n   "list_theme_id":"",\r\n   "list_page_view_id":"",\r\n   "list_page_view_css_id":"",\r\n   "list_page_view_css_class":"",\r\n   "list_template_view_id":"",\r\n   "list_template_view_css_id":"",\r\n   "list_template_view_css_class":"",\r\n   "list_wrap_view_id":"",\r\n   "list_wrap_view_css_id":"",\r\n   "list_wrap_view_css_class":"",\r\n   "list_wrap_view_role":"",\r\n   "list_wrap_view_property":"",\r\n   "list_model_name":"Audio",\r\n   "list_model_type":"Resource",\r\n   "list_model_query_object":"List",\r\n   "list_model_ordering":"",\r\n   "list_model_ordering_direction":"",\r\n   "list_model_offset":"0",\r\n   "list_model_count":"10",\r\n   "list_model_use_pagination":"1"\r\n}', '{\r\n   "metadata_title":"Audio",\r\n   "metadata_description":"",\r\n   "metadata_keywords":"",\r\n   "metadata_robots":"follow,index",\r\n   "metadata_author":""\r\n}', 'en-GB', 0, 24);

INSERT INTO `molajo_extension_instances` (`id`, `extension_id`, `catalog_type_id`, `title`, `root`, `parent_id`, `lft`, `rgt`, `lvl`, `subtitle`, `path`, `alias`, `menu`, `page_type`, `content_text`, `protected`, `featured`, `stickied`, `status`, `start_publishing_datetime`, `stop_publishing_datetime`, `version`, `version_of_id`, `status_prior_to_version`, `created_datetime`, `created_by`, `modified_datetime`, `modified_by`, `checked_out_datetime`, `checked_out_by`, `home`, `customfields`, `parameters`, `metadata`, `language`, `translation_of_id`, `ordering`) VALUES
  (11116, 11100, 11000, 'Audio', 11100, 11109, 84, 91, 3, '', '', 'audio', 'Menuadmin', 'Grid', '', 1, 0, 0, 1, '2015-01-15 12:00:00', '0000-00-00 00:00:00', 1, 0, 0, '2015-01-15 12:00:00', 1, '0000-00-00 00:00:00', 0, '0000-00-00 00:00:00', 0, 0, '{}', '{\r\n        "criteria_title":"Wrapviews",\r\n        "criteria_display_view_on_no_results":"0",\r\n        "criteria_snippet_length":"150",\r\n        "criteria_status":"0,1,2",\r\n        "criteria_catalog_type_id":"10000",\r\n        "criteria_extension_instance_id":"10000",\r\n        "criteria_source_id":"",\r\n\r\n        "grid_action_archive":"1",\r\n        "grid_action_checkin":"1",\r\n        "grid_action_feature":"1",\r\n        "grid_action_publish":"1",\r\n        "grid_action_restore":"1",\r\n        "grid_action_sticky":"1",\r\n        "grid_action_trash":"1",\r\n        "grid_action_unpublish":"1",\r\n \r\n        "grid_toolbar_button_categories":"1",\r\n        "grid_toolbar_button_copy":"1",\r\n        "grid_toolbar_button_filter":"1",\r\n        "grid_toolbar_button_new":"1",\r\n        "grid_toolbar_button_permissions":"1",\r\n        "grid_toolbar_button_tags":"1",\r\n\r\n        "grid_batch_categories":"1",\r\n        "grid_batch_permissions":"1",\r\n        "grid_batch_tags":"1",\r\n\r\n        "grid_status":"2,1,0",\r\n        "grid_ordering":"title",\r\n        "grid_ordering_direction":"ASC",\r\n        "grid_items_per_page":"15",\r\n        "grid_use_pagination":"1",\r\n\r\n        "grid_filter_list1":"Filter_Status",\r\n        "grid_filter_list2":"Filter_Categories",\r\n        "grid_filter_list3":"Filter_Tags",\r\n        "grid_filter_list4":"Filter_Author",\r\n        "grid_filter_list5":"Filter_Featured",\r\n        "grid_filter_list6":"",\r\n        "grid_filter_list7":"",\r\n        "grid_filter_list8":"",\r\n        "grid_filter_list9":"",\r\n        "grid_filter_search":"1",\r\n\r\n        "grid_column1":"title",\r\n        "grid_column2":"created_by_full_name",\r\n        "grid_column3":"status_name",\r\n        "grid_column4":"featured",\r\n        "grid_column5":"start_publishing_datetime_ccyy_mm_dd",\r\n        "grid_column6":"ordering",\r\n        "grid_column7":"id",\r\n        "grid_column8":"",\r\n        "grid_column9":"",\r\n\r\n        "grid_pagination_ordering_column":"title",\r\n        "grid_pagination_use":"1",\r\n\r\n        "page_type":"Grid",\r\n\r\n        "menuitem_theme_id":"",\r\n\r\n        "menuitem_page_view_id":"8040",\r\n        "menuitem_page_view_css_id":"",\r\n        "menuitem_page_view_css_class":"",\r\n\r\n        "menuitem_template_view_id":"9630",\r\n        "menuitem_template_view_css_id":"",\r\n        "menuitem_template_view_css_class":"",\r\n\r\n        "menuitem_wrap_view_id":"10140",\r\n        "menuitem_wrap_view_css_id":"",\r\n        "menuitem_wrap_view_css_class":"",\r\n        "menuitem_wrap_view_role":"",\r\n        "menuitem_wrap_view_property":"",\r\n\r\n        "menuitem_model_type":"Resource",\r\n        "menuitem_model_name":"Wrapviews",\r\n        "menuitem_model_query_object":"list",\r\n        \r\n        "menuitem_model_offset":"0",\r\n        "menuitem_model_count":"10",\r\n        "menuitem_model_use_pagination":"1"\r\n}\r\n', '{\r\n   "metadata_title":"Wrapviews",\r\n   "metadata_description":"",\r\n   "metadata_keywords":"",\r\n   "metadata_robots":"follow,index",\r\n   "metadata_author":""\r\n}', 'en-GB', 0, 5),
  (25041, 11100, 11000, 'List', 11100, 11116, 85, 86, 4, '', 'audio', 'list', 'Menuadmin', 'Link', '', 1, 0, 0, 1, '2015-01-15 12:00:00', '0000-00-00 00:00:00', 1, 0, 0, '2015-01-15 12:00:00', 1, '0000-00-00 00:00:00', 0, '0000-00-00 00:00:00', 0, 0, '', '', '', 'en-GB', 0, 1),
  (25002, 11100, 11000, 'New', 11100, 11116, 87, 88, 4, '', 'audio', 'new', 'Menuadmin', 'New', '', 1, 0, 0, 1, '2015-01-15 12:00:00', '0000-00-00 00:00:00', 1, 0, 0, '2015-01-15 12:00:00', 1, '0000-00-00 00:00:00', 0, '0000-00-00 00:00:00', 0, 0, '', '{\r\n        "criteria_title":"New Audio File",\r\n        "criteria_display_view_on_no_results":"1",\r\n        "criteria_snippet_length":"",\r\n        "criteria_status":"",\r\n        "criteria_catalog_type_id":"24000",\r\n        "criteria_extension_instance_id":"24000",\r\n\r\n        "page_type":"new",\r\n\r\n        "menuitem_theme_id":"",\r\n\r\n        "menuitem_page_view_id":"8050",\r\n        "menuitem_page_view_css_id":"",\r\n        "menuitem_page_view_css_class":"",\r\n\r\n        "menuitem_template_view_id":"9310",\r\n        "menuitem_template_view_css_id":"",\r\n        "menuitem_template_view_css_class":"",\r\n\r\n        "menuitem_wrap_view_id":"",\r\n        "menuitem_wrap_view_css_id":"",\r\n        "menuitem_wrap_view_css_class":"",\r\n        "menuitem_wrap_view_role":"",\r\n        "menuitem_wrap_view_property":"",\r\n\r\n        "model_name":"Audio",\r\n        "model_type":"Resource",\r\n        "model_query_object":"item",\r\n        \r\n        "model_offset":"0",\r\n        "model_count":"10",\r\n        "model_use_pagination":"1"\r\n}', '{\r\n   "metadata_title":"Audio",\r\n   "metadata_description":"",\r\n   "metadata_keywords":"",\r\n   "metadata_robots":"follow,index",\r\n   "metadata_author":""\r\n}', 'en-GB', 0, 2),
  (11142, 11100, 11000, 'Configuration', 11100, 11116, 89, 90, 4, '', 'audio', 'configuration', 'Menuadmin', 'Configuration', '', 1, 0, 0, 1, '2015-01-15 12:00:00', '0000-00-00 00:00:00', 1, 0, 0, '2015-01-15 12:00:00', 1, '0000-00-00 00:00:00', 0, '0000-00-00 00:00:00', 0, 0, '{}', '{\r\n        "criteria_title":"Audio Configuration",\r\n        "criteria_display_view_on_no_results":"0",\r\n        "criteria_snippet_length":"100",\r\n        "criteria_status":"1,2",\r\n        "criteria_catalog_type_id":"24000",\r\n        "criteria_extension_instance_id":"24000",\r\n\r\n        "page_type":"configuration",\r\n\r\n        "menuitem_theme_id":"",\r\n\r\n        "menuitem_page_view_id":"8010",\r\n        "menuitem_page_view_css_id":"",\r\n        "menuitem_page_view_css_class":"",\r\n        "menuitem_template_view_id":"9025",\r\n        "menuitem_template_view_css_id":"",\r\n        "menuitem_template_view_css_class":"",\r\n\r\n        "menuitem_wrap_view_id":"10120",\r\n        "menuitem_wrap_view_css_id":"",\r\n        "menuitem_wrap_view_css_class":"",\r\n        "menuitem_wrap_view_role":"",\r\n        "menuitem_wrap_view_property":"",\r\n\r\n        "model_name":"Audio",\r\n        "model_type":"Primary",\r\n        "model_query_object":"item",\r\n        \r\n        "model_offset":"0",\r\n        "model_count":"10",\r\n        "model_use_pagination":"1"\r\n}', '{"metadata_title":"Audio", \r\n"metadata_description":"", \r\n"metadata_keywords":"", \r\n"metadata_robots":"follow,index", \r\n"metadata_author":"", \r\n"metadata_content_rights":""}        ', 'en-GB', 0, 3);

INSERT INTO `molajo_content` (`id`, `site_id`, `extension_instance_id`, `catalog_type_id`, `title`, `subtitle`, `path`, `alias`, `content_text`, `protected`, `featured`, `stickied`, `status`, `start_publishing_datetime`, `stop_publishing_datetime`, `version`, `version_of_id`, `status_prior_to_version`, `created_datetime`, `created_by`, `modified_datetime`, `modified_by`, `checked_out_datetime`, `checked_out_by`, `root`, `parent_id`, `lft`, `rgt`, `lvl`, `home`, `customfields`, `parameters`, `metadata`, `language`, `translation_of_id`, `ordering`) VALUES
  (125, 1, 24000, 24000, 'alarm.mp3', '', '', '125', '<p>This is an audio file.</p>', 0, 0, 0, 1, '2014-02-14 08:00:00', '0000-00-00 00:00:00', 1, 0, 0, '2012-09-13 12:00:00', 1, '2012-09-13 12:00:00', 1, '0000-00-00 00:00:00', 0, 0, 0, 0, 0, 0, 0, '{"file_url":"{sitemedia}alarm.mp3",\r\n"file_type":"audio/mpeg",\r\n"dimensions":"",\r\n"caption":"Alarm MP3",\r\n"credits":"Person Name",\r\n"license":"CC BY 3.0"}', '{}', '{}', 'en-GB', 0, 1),
  (126, 1, 24000, 24000, 'ballooon.mp3', '', '', '126', '<p>This is an audio file.</p>', 0, 0, 0, 1, '2014-02-14 08:00:00', '0000-00-00 00:00:00', 1, 0, 0, '2012-09-13 12:00:00', 1, '2012-09-13 12:00:00', 1, '0000-00-00 00:00:00', 0, 0, 0, 0, 0, 0, 0, '{"file_url":"{sitemedia}balloon.mp3",\r\n"file_type":"audio/mpeg",\r\n"dimensions":"",\r\n"caption":"Balloon MP3",\r\n"credits":"Person Name",\r\n"license":"CC BY 3.0"}', '{}', '{}', 'en-GB', 0, 2),
  (127, 1, 24000, 24000, 'applause.mp3', '', '', '127', '<p>This is an audio file.</p>', 0, 0, 0, 1, '2014-02-14 08:00:00', '0000-00-00 00:00:00', 1, 0, 0, '2012-09-13 12:00:00', 1, '2012-09-13 12:00:00', 1, '0000-00-00 00:00:00', 0, 0, 0, 0, 0, 0, 0, '{"file_url":"{sitemedia}applause.mp3",\r\n"file_type":"audio/mpeg",\r\n"dimensions":"",\r\n"caption":"Applause MP3",\r\n"credits":"Person Name",\r\n"license":"CC BY 3.0"}', '{}', '{}', 'en-GB', 0, 3),
  (128, 1, 24000, 24000, 'snoring.mp3', '', '', '128', '<p>This is an audio file.</p>', 0, 0, 0, 1, '2014-02-14 08:00:00', '0000-00-00 00:00:00', 1, 0, 0, '2012-09-13 12:00:00', 1, '2012-09-13 12:00:00', 1, '0000-00-00 00:00:00', 0, 0, 0, 0, 0, 0, 0, '{"file_url":"{sitemedia}snoring.mp3",\r\n"file_type":"audio/mpeg",\r\n"dimensions":"",\r\n"caption":"Snoring MP3",\r\n"credits":"Person Name",\r\n"license":"CC BY 3.0"}', '{}', '{}', 'en-GB', 0, 4),
  (129, 1, 24000, 24000, 'water.mp3', '', '', '129', '<p>This is an audio file.</p>', 0, 0, 0, 1, '2014-02-14 08:00:00', '0000-00-00 00:00:00', 1, 0, 0, '2012-09-13 12:00:00', 1, '2012-09-13 12:00:00', 1, '0000-00-00 00:00:00', 0, 0, 0, 0, 0, 0, 0, '{"file_url":"{sitemedia}water.mp3",\r\n"file_type":"audio/mpeg",\r\n"dimensions":"",\r\n"caption":"Water MP3",\r\n"credits":"Person Name",\r\n"license":"CC BY 3.0"}', '{}', '{}', 'en-GB', 0, 5);
