<?xml version="1.0" encoding="UTF-8"?>
<extension type="component" version="1.6" method="upgrade">
	<!-- Note: we can use method="upgrade" to ensure an upgrade regardless of
	if it is a new install or an actual upgrade; Normal installs will
	behave like an install but upgrades will be treated appropriately even
	if the interface doesn't support it properly -->
	<!-- Generic Metadata -->
	<name>Gantry</name>
	<author>RocketTheme, LLC</author>
	<creationDate>December 1, 2011</creationDate>
	<copyright>(C) 2005 - 2011 RocketTheme, LLC. All rights reserved.</copyright>
	<license>http://www.gnu.org/copyleft/gpl.html GNU/GPL</license>
	<authorEmail>support@rockettheme.com</authorEmail>
	<authorUrl>http://www.rockettheme.com</authorUrl>
	<version>3.2.13</version>
	<description>${project.description}</description>

	<!-- Front end file, media and language specification -->
	<files folder="site">
		<filename>controller.php</filename>
        <filename>gantry.php</filename>
	</files>

	<administration>
		<!-- Administrator file and language specification;
			Note: administrator doesn't have media -->
		<files folder="admin">
			<filename>controller.php</filename>
            <filename>gantry.php</filename>
            <filename>index.html</filename>
			<folder>controllers</folder>
            <folder>models</folder>
            <folder>views</folder>
		</files>

		<!-- Legacy 1.5 Language Support -->
		<!-- Note: Replace this with the actual path to the language file -->
 		<languages folder="admin/language">
			<language tag="en-GB">en-GB/en-GB.com_gantry.ini</language>
		</languages>

	</administration>
</extension>
